
########## corpus: 260M stratified tokens ##########
2026-08-10T06:00:59+00:00
model snapshot at /workspace/.cache/huggingface/hub/models--unsloth--Llama-3.2-1B/snapshots/9535bd9b1d1dea6acafbdc4813b728796aeb28da
bin already complete (1040000000 bytes)

########## 0 bootstrap spec ##########
2026-08-10T06:01:00+00:00
[r0] reusing compatible feature spec /dev/shm/geo1b/fl_spec_w2/spec.pt

########## 1 bootstrap pilot ##########
2026-08-10T06:01:03+00:00
W0810 06:01:05.080000 481328 torch/distributed/run.py:774] 
W0810 06:01:05.080000 481328 torch/distributed/run.py:774] *****************************************
W0810 06:01:05.080000 481328 torch/distributed/run.py:774] Setting OMP_NUM_THREADS environment variable for each process to be 1 in default, to avoid your system being overloaded, please further tune the variable for optimal performance in your application as needed. 
W0810 06:01:05.080000 481328 torch/distributed/run.py:774] *****************************************
[r1] reusing compatible fingerprints dc5bc476f73d46af on rank 1
[r0] reusing compatible fingerprints dc5bc476f73d46af on rank 0

########## 2 bootstrap centroids ##########
2026-08-10T06:01:13+00:00
[r0] reusing compatible stream model 0c5f2a25db9c9e2c

########## 3 short stream to fill reservoirs ##########
2026-08-10T06:01:16+00:00
W0810 06:01:17.216000 481485 torch/distributed/run.py:774] 
W0810 06:01:17.216000 481485 torch/distributed/run.py:774] *****************************************
W0810 06:01:17.216000 481485 torch/distributed/run.py:774] Setting OMP_NUM_THREADS environment variable for each process to be 1 in default, to avoid your system being overloaded, please further tune the variable for optimal performance in your application as needed. 
W0810 06:01:17.216000 481485 torch/distributed/run.py:774] *****************************************
[r0] stream batch 1/1954: 1,024/2,000,000 (97 pos/s)
[r1] stream batch 1/1954: 1,024/2,000,000 (91 pos/s)
[r0] stream batch 16/1954: 16,384/2,000,000 (268 pos/s)
[r1] stream batch 16/1954: 16,384/2,000,000 (253 pos/s)
[r0] stream batch 32/1954: 32,768/2,000,000 (406 pos/s)
[r1] stream batch 32/1954: 32,768/2,000,000 (385 pos/s)
[r0] stream batch 48/1954: 49,152/2,000,000 (510 pos/s)
[r1] stream batch 48/1954: 49,152/2,000,000 (486 pos/s)
[r0] stream batch 64/1954: 65,536/2,000,000 (594 pos/s)
[r1] stream batch 64/1954: 65,536/2,000,000 (567 pos/s)
[r0] stream batch 80/1954: 81,920/2,000,000 (665 pos/s)
[r1] stream batch 80/1954: 81,920/2,000,000 (636 pos/s)
[r0] stream batch 96/1954: 98,304/2,000,000 (725 pos/s)
[r1] stream batch 96/1954: 98,304/2,000,000 (694 pos/s)
[r0] stream batch 112/1954: 114,688/2,000,000 (777 pos/s)
[r1] stream batch 112/1954: 114,688/2,000,000 (745 pos/s)
[r0] stream batch 128/1954: 131,072/2,000,000 (821 pos/s)
[r1] stream batch 128/1954: 131,072/2,000,000 (789 pos/s)
[r0] stream batch 144/1954: 147,456/2,000,000 (858 pos/s)
[r1] stream batch 144/1954: 147,456/2,000,000 (826 pos/s)
[r0] stream batch 160/1954: 163,840/2,000,000 (892 pos/s)
[r1] stream batch 160/1954: 163,840/2,000,000 (860 pos/s)
[r0] stream batch 176/1954: 180,224/2,000,000 (924 pos/s)
[r1] stream batch 176/1954: 180,224/2,000,000 (891 pos/s)
[r0] stream batch 192/1954: 196,608/2,000,000 (956 pos/s)
[r1] stream batch 192/1954: 196,608/2,000,000 (924 pos/s)
[r0] stream batch 208/1954: 212,992/2,000,000 (985 pos/s)
[r1] stream batch 208/1954: 212,992/2,000,000 (953 pos/s)
[r0] stream batch 224/1954: 229,376/2,000,000 (1,012 pos/s)
[r1] stream batch 224/1954: 229,376/2,000,000 (980 pos/s)
[r0] stream batch 240/1954: 245,760/2,000,000 (1,037 pos/s)
[r1] stream batch 240/1954: 245,760/2,000,000 (1,005 pos/s)
[r0] stream batch 256/1954: 262,144/2,000,000 (1,061 pos/s)
[r1] stream batch 256/1954: 262,144/2,000,000 (1,027 pos/s)
[r0] stream batch 272/1954: 278,528/2,000,000 (1,081 pos/s)
[r1] stream batch 272/1954: 278,528/2,000,000 (1,047 pos/s)
[r0] stream batch 288/1954: 294,912/2,000,000 (1,097 pos/s)
[r1] stream batch 288/1954: 294,912/2,000,000 (1,064 pos/s)
[r0] stream batch 304/1954: 311,296/2,000,000 (1,112 pos/s)
[r1] stream batch 304/1954: 311,296/2,000,000 (1,079 pos/s)
[r0] stream batch 320/1954: 327,680/2,000,000 (1,126 pos/s)
[r0] stream batch 336/1954: 344,064/2,000,000 (1,140 pos/s)
[r1] stream batch 320/1954: 327,680/2,000,000 (1,092 pos/s)
[r0] stream batch 352/1954: 360,448/2,000,000 (1,153 pos/s)
[r1] stream batch 336/1954: 344,064/2,000,000 (1,106 pos/s)
[r0] stream batch 368/1954: 376,832/2,000,000 (1,165 pos/s)
[r1] stream batch 352/1954: 360,448/2,000,000 (1,119 pos/s)
[r0] stream batch 384/1954: 393,216/2,000,000 (1,177 pos/s)
[r1] stream batch 368/1954: 376,832/2,000,000 (1,131 pos/s)
[r0] stream batch 400/1954: 409,600/2,000,000 (1,188 pos/s)
[r1] stream batch 384/1954: 393,216/2,000,000 (1,143 pos/s)
[r0] stream batch 416/1954: 425,984/2,000,000 (1,199 pos/s)
[r1] stream batch 400/1954: 409,600/2,000,000 (1,154 pos/s)
[r0] stream batch 432/1954: 442,368/2,000,000 (1,209 pos/s)
[r1] stream batch 416/1954: 425,984/2,000,000 (1,165 pos/s)
[r0] stream batch 448/1954: 458,752/2,000,000 (1,218 pos/s)
[r1] stream batch 432/1954: 442,368/2,000,000 (1,177 pos/s)
[r0] stream batch 464/1954: 475,136/2,000,000 (1,226 pos/s)
[r1] stream batch 448/1954: 458,752/2,000,000 (1,186 pos/s)
[r0] stream batch 480/1954: 491,520/2,000,000 (1,234 pos/s)
[r1] stream batch 464/1954: 475,136/2,000,000 (1,194 pos/s)
[r0] stream batch 496/1954: 507,904/2,000,000 (1,241 pos/s)
[r1] stream batch 480/1954: 491,520/2,000,000 (1,203 pos/s)
[r0] stream batch 512/1954: 524,288/2,000,000 (1,249 pos/s)
[r1] stream batch 496/1954: 507,904/2,000,000 (1,211 pos/s)
[r0] stream batch 528/1954: 540,672/2,000,000 (1,256 pos/s)
[r1] stream batch 512/1954: 524,288/2,000,000 (1,219 pos/s)
[r0] stream batch 544/1954: 557,056/2,000,000 (1,263 pos/s)
[r1] stream batch 528/1954: 540,672/2,000,000 (1,226 pos/s)
[r0] stream batch 560/1954: 573,440/2,000,000 (1,270 pos/s)
[r1] stream batch 544/1954: 557,056/2,000,000 (1,234 pos/s)
[r0] stream batch 576/1954: 589,824/2,000,000 (1,277 pos/s)
[r1] stream batch 560/1954: 573,440/2,000,000 (1,240 pos/s)
[r0] stream batch 592/1954: 606,208/2,000,000 (1,283 pos/s)
[r1] stream batch 576/1954: 589,824/2,000,000 (1,247 pos/s)
[r0] stream batch 608/1954: 622,592/2,000,000 (1,290 pos/s)
[r1] stream batch 592/1954: 606,208/2,000,000 (1,252 pos/s)
[r0] stream batch 624/1954: 638,976/2,000,000 (1,296 pos/s)
[r1] stream batch 608/1954: 622,592/2,000,000 (1,258 pos/s)
[r0] stream batch 640/1954: 655,360/2,000,000 (1,303 pos/s)
[r1] stream batch 624/1954: 638,976/2,000,000 (1,264 pos/s)
[r0] stream batch 656/1954: 671,744/2,000,000 (1,309 pos/s)
[r1] stream batch 640/1954: 655,360/2,000,000 (1,271 pos/s)
[r0] stream batch 672/1954: 688,128/2,000,000 (1,315 pos/s)
[r1] stream batch 656/1954: 671,744/2,000,000 (1,276 pos/s)
[r0] stream batch 688/1954: 704,512/2,000,000 (1,322 pos/s)
[r1] stream batch 672/1954: 688,128/2,000,000 (1,282 pos/s)
[r0] stream batch 704/1954: 720,896/2,000,000 (1,328 pos/s)
[r1] stream batch 688/1954: 704,512/2,000,000 (1,289 pos/s)
[r0] stream batch 720/1954: 737,280/2,000,000 (1,334 pos/s)
[r1] stream batch 704/1954: 720,896/2,000,000 (1,295 pos/s)
[r0] stream batch 736/1954: 753,664/2,000,000 (1,340 pos/s)
[r1] stream batch 720/1954: 737,280/2,000,000 (1,300 pos/s)
[r0] stream batch 752/1954: 770,048/2,000,000 (1,346 pos/s)
[r1] stream batch 736/1954: 753,664/2,000,000 (1,306 pos/s)
[r0] stream batch 768/1954: 786,432/2,000,000 (1,350 pos/s)
[r1] stream batch 752/1954: 770,048/2,000,000 (1,312 pos/s)
[r0] stream batch 784/1954: 802,816/2,000,000 (1,354 pos/s)
[r1] stream batch 768/1954: 786,432/2,000,000 (1,316 pos/s)
[r0] stream batch 800/1954: 819,200/2,000,000 (1,358 pos/s)
[r1] stream batch 784/1954: 802,816/2,000,000 (1,320 pos/s)
[r0] stream batch 816/1954: 835,584/2,000,000 (1,362 pos/s)
[r1] stream batch 800/1954: 819,200/2,000,000 (1,324 pos/s)
[r0] stream batch 832/1954: 851,968/2,000,000 (1,366 pos/s)
[r1] stream batch 816/1954: 835,584/2,000,000 (1,328 pos/s)
[r0] stream batch 848/1954: 868,352/2,000,000 (1,370 pos/s)
[r1] stream batch 832/1954: 851,968/2,000,000 (1,331 pos/s)
[r0] stream batch 864/1954: 884,736/2,000,000 (1,374 pos/s)
[r1] stream batch 848/1954: 868,352/2,000,000 (1,335 pos/s)
[r0] stream batch 880/1954: 901,120/2,000,000 (1,377 pos/s)
[r1] stream batch 864/1954: 884,736/2,000,000 (1,338 pos/s)
[r0] stream batch 896/1954: 917,504/2,000,000 (1,380 pos/s)
[r1] stream batch 880/1954: 901,120/2,000,000 (1,341 pos/s)
[r0] stream batch 912/1954: 933,888/2,000,000 (1,384 pos/s)
[r1] stream batch 896/1954: 917,504/2,000,000 (1,344 pos/s)
[r0] stream batch 928/1954: 950,272/2,000,000 (1,387 pos/s)
[r0] stream batch 944/1954: 966,656/2,000,000 (1,390 pos/s)
[r1] stream batch 912/1954: 933,888/2,000,000 (1,347 pos/s)
[r0] stream batch 960/1954: 983,040/2,000,000 (1,394 pos/s)
[r1] stream batch 928/1954: 950,272/2,000,000 (1,350 pos/s)
[r0] stream batch 976/1954: 999,424/2,000,000 (1,397 pos/s)
[r1] stream batch 944/1954: 966,656/2,000,000 (1,353 pos/s)
[r0] stream batch 992/1954: 1,015,808/2,000,000 (1,400 pos/s)
[r1] stream batch 960/1954: 983,040/2,000,000 (1,356 pos/s)
[r0] stream batch 1008/1954: 1,032,192/2,000,000 (1,402 pos/s)
[r1] stream batch 976/1954: 999,424/2,000,000 (1,359 pos/s)
[r0] stream batch 1024/1954: 1,048,576/2,000,000 (1,405 pos/s)
[r1] stream batch 992/1954: 1,015,808/2,000,000 (1,361 pos/s)
[r0] stream batch 1040/1954: 1,064,960/2,000,000 (1,408 pos/s)
[r1] stream batch 1008/1954: 1,032,192/2,000,000 (1,364 pos/s)
[r0] stream batch 1056/1954: 1,081,344/2,000,000 (1,412 pos/s)
[r1] stream batch 1024/1954: 1,048,576/2,000,000 (1,366 pos/s)
[r0] stream batch 1072/1954: 1,097,728/2,000,000 (1,415 pos/s)
[r1] stream batch 1040/1954: 1,064,960/2,000,000 (1,370 pos/s)
[r0] stream batch 1088/1954: 1,114,112/2,000,000 (1,418 pos/s)
[r1] stream batch 1056/1954: 1,081,344/2,000,000 (1,373 pos/s)
[r0] stream batch 1104/1954: 1,130,496/2,000,000 (1,422 pos/s)
[r1] stream batch 1072/1954: 1,097,728/2,000,000 (1,376 pos/s)
[r0] stream batch 1120/1954: 1,146,880/2,000,000 (1,424 pos/s)
[r1] stream batch 1088/1954: 1,114,112/2,000,000 (1,379 pos/s)
[r0] stream batch 1136/1954: 1,163,264/2,000,000 (1,427 pos/s)
[r1] stream batch 1104/1954: 1,130,496/2,000,000 (1,382 pos/s)
[r0] stream batch 1152/1954: 1,179,648/2,000,000 (1,429 pos/s)
[r1] stream batch 1120/1954: 1,146,880/2,000,000 (1,385 pos/s)
[r0] stream batch 1168/1954: 1,196,032/2,000,000 (1,431 pos/s)
[r1] stream batch 1136/1954: 1,163,264/2,000,000 (1,387 pos/s)
[r0] stream batch 1184/1954: 1,212,416/2,000,000 (1,433 pos/s)
[r1] stream batch 1152/1954: 1,179,648/2,000,000 (1,389 pos/s)
[r0] stream batch 1200/1954: 1,228,800/2,000,000 (1,436 pos/s)
[r1] stream batch 1168/1954: 1,196,032/2,000,000 (1,391 pos/s)
[r0] stream batch 1216/1954: 1,245,184/2,000,000 (1,438 pos/s)
[r1] stream batch 1184/1954: 1,212,416/2,000,000 (1,394 pos/s)
[r0] stream batch 1232/1954: 1,261,568/2,000,000 (1,440 pos/s)
[r1] stream batch 1200/1954: 1,228,800/2,000,000 (1,396 pos/s)
[r0] stream batch 1248/1954: 1,277,952/2,000,000 (1,442 pos/s)
[r1] stream batch 1216/1954: 1,245,184/2,000,000 (1,398 pos/s)
[r0] stream batch 1264/1954: 1,294,336/2,000,000 (1,445 pos/s)
[r1] stream batch 1232/1954: 1,261,568/2,000,000 (1,400 pos/s)
[r0] stream batch 1280/1954: 1,310,720/2,000,000 (1,446 pos/s)
[r1] stream batch 1248/1954: 1,277,952/2,000,000 (1,402 pos/s)
[r0] stream batch 1296/1954: 1,327,104/2,000,000 (1,448 pos/s)
[r1] stream batch 1264/1954: 1,294,336/2,000,000 (1,404 pos/s)
[r0] stream batch 1312/1954: 1,343,488/2,000,000 (1,450 pos/s)
[r1] stream batch 1280/1954: 1,310,720/2,000,000 (1,406 pos/s)
[r0] stream batch 1328/1954: 1,359,872/2,000,000 (1,452 pos/s)
[r1] stream batch 1296/1954: 1,327,104/2,000,000 (1,408 pos/s)
[r0] stream batch 1344/1954: 1,376,256/2,000,000 (1,454 pos/s)
[r1] stream batch 1312/1954: 1,343,488/2,000,000 (1,409 pos/s)
[r0] stream batch 1360/1954: 1,392,640/2,000,000 (1,456 pos/s)
[r1] stream batch 1328/1954: 1,359,872/2,000,000 (1,411 pos/s)
[r0] stream batch 1376/1954: 1,409,024/2,000,000 (1,458 pos/s)
[r1] stream batch 1344/1954: 1,376,256/2,000,000 (1,413 pos/s)
[r0] stream batch 1392/1954: 1,425,408/2,000,000 (1,460 pos/s)
[r1] stream batch 1360/1954: 1,392,640/2,000,000 (1,415 pos/s)
[r0] stream batch 1408/1954: 1,441,792/2,000,000 (1,462 pos/s)
[r0] stream batch 1424/1954: 1,458,176/2,000,000 (1,464 pos/s)
[r1] stream batch 1376/1954: 1,409,024/2,000,000 (1,417 pos/s)
[r0] stream batch 1440/1954: 1,474,560/2,000,000 (1,465 pos/s)
[r1] stream batch 1392/1954: 1,425,408/2,000,000 (1,419 pos/s)
[r0] stream batch 1456/1954: 1,490,944/2,000,000 (1,467 pos/s)
[r1] stream batch 1408/1954: 1,441,792/2,000,000 (1,421 pos/s)
[r0] stream batch 1472/1954: 1,507,328/2,000,000 (1,469 pos/s)
[r1] stream batch 1424/1954: 1,458,176/2,000,000 (1,423 pos/s)
[r0] stream batch 1488/1954: 1,523,712/2,000,000 (1,470 pos/s)
[r1] stream batch 1440/1954: 1,474,560/2,000,000 (1,424 pos/s)
[r0] stream batch 1504/1954: 1,540,096/2,000,000 (1,472 pos/s)
[r1] stream batch 1456/1954: 1,490,944/2,000,000 (1,426 pos/s)
[r0] stream batch 1520/1954: 1,556,480/2,000,000 (1,474 pos/s)
[r1] stream batch 1472/1954: 1,507,328/2,000,000 (1,428 pos/s)
[r0] stream batch 1536/1954: 1,572,864/2,000,000 (1,475 pos/s)
[r1] stream batch 1488/1954: 1,523,712/2,000,000 (1,429 pos/s)
[r0] stream batch 1552/1954: 1,589,248/2,000,000 (1,477 pos/s)
[r1] stream batch 1504/1954: 1,540,096/2,000,000 (1,431 pos/s)
[r0] stream batch 1568/1954: 1,605,632/2,000,000 (1,479 pos/s)
[r1] stream batch 1520/1954: 1,556,480/2,000,000 (1,433 pos/s)
[r0] stream batch 1584/1954: 1,622,016/2,000,000 (1,480 pos/s)
[r1] stream batch 1536/1954: 1,572,864/2,000,000 (1,434 pos/s)
[r0] stream batch 1600/1954: 1,638,400/2,000,000 (1,482 pos/s)
[r1] stream batch 1552/1954: 1,589,248/2,000,000 (1,436 pos/s)
[r0] stream batch 1616/1954: 1,654,784/2,000,000 (1,483 pos/s)
[r1] stream batch 1568/1954: 1,605,632/2,000,000 (1,438 pos/s)
[r0] stream batch 1632/1954: 1,671,168/2,000,000 (1,485 pos/s)
[r1] stream batch 1584/1954: 1,622,016/2,000,000 (1,439 pos/s)
[r0] stream batch 1648/1954: 1,687,552/2,000,000 (1,486 pos/s)
[r1] stream batch 1600/1954: 1,638,400/2,000,000 (1,440 pos/s)
[r0] stream batch 1664/1954: 1,703,936/2,000,000 (1,488 pos/s)
[r1] stream batch 1616/1954: 1,654,784/2,000,000 (1,442 pos/s)
[r0] stream batch 1680/1954: 1,720,320/2,000,000 (1,489 pos/s)
[r1] stream batch 1632/1954: 1,671,168/2,000,000 (1,444 pos/s)
[r0] stream batch 1696/1954: 1,736,704/2,000,000 (1,491 pos/s)
[r1] stream batch 1648/1954: 1,687,552/2,000,000 (1,445 pos/s)
[r0] stream batch 1712/1954: 1,753,088/2,000,000 (1,492 pos/s)
[r1] stream batch 1664/1954: 1,703,936/2,000,000 (1,446 pos/s)
[r0] stream batch 1728/1954: 1,769,472/2,000,000 (1,493 pos/s)
[r1] stream batch 1680/1954: 1,720,320/2,000,000 (1,448 pos/s)
[r0] stream batch 1744/1954: 1,785,856/2,000,000 (1,495 pos/s)
[r1] stream batch 1696/1954: 1,736,704/2,000,000 (1,449 pos/s)
[r0] stream batch 1760/1954: 1,802,240/2,000,000 (1,496 pos/s)
[r1] stream batch 1712/1954: 1,753,088/2,000,000 (1,450 pos/s)
[r0] stream batch 1776/1954: 1,818,624/2,000,000 (1,497 pos/s)
[r1] stream batch 1728/1954: 1,769,472/2,000,000 (1,452 pos/s)
[r0] stream batch 1792/1954: 1,835,008/2,000,000 (1,498 pos/s)
[r1] stream batch 1744/1954: 1,785,856/2,000,000 (1,453 pos/s)
[r0] stream batch 1808/1954: 1,851,392/2,000,000 (1,499 pos/s)
[r1] stream batch 1760/1954: 1,802,240/2,000,000 (1,455 pos/s)
[r0] stream batch 1824/1954: 1,867,776/2,000,000 (1,500 pos/s)
[r1] stream batch 1776/1954: 1,818,624/2,000,000 (1,456 pos/s)
[r0] stream batch 1840/1954: 1,884,160/2,000,000 (1,501 pos/s)
[r1] stream batch 1792/1954: 1,835,008/2,000,000 (1,457 pos/s)
[r0] stream batch 1856/1954: 1,900,544/2,000,000 (1,502 pos/s)
[r1] stream batch 1808/1954: 1,851,392/2,000,000 (1,458 pos/s)
[r0] stream batch 1872/1954: 1,916,928/2,000,000 (1,503 pos/s)
[r1] stream batch 1824/1954: 1,867,776/2,000,000 (1,459 pos/s)
[r0] stream batch 1888/1954: 1,933,312/2,000,000 (1,505 pos/s)
[r1] stream batch 1840/1954: 1,884,160/2,000,000 (1,460 pos/s)
[r0] stream batch 1904/1954: 1,949,696/2,000,000 (1,505 pos/s)
[r1] stream batch 1856/1954: 1,900,544/2,000,000 (1,461 pos/s)
[r0] stream batch 1920/1954: 1,966,080/2,000,000 (1,506 pos/s)
[r1] stream batch 1872/1954: 1,916,928/2,000,000 (1,462 pos/s)
[r0] stream batch 1936/1954: 1,982,464/2,000,000 (1,507 pos/s)
[r1] stream batch 1888/1954: 1,933,312/2,000,000 (1,463 pos/s)
[r0] stream batch 1952/1954: 1,998,848/2,000,000 (1,509 pos/s)
[r0] stream shard complete: 2,000,000 assigned, 8,168 detailed reservoir rows, 1326.4s
[r1] stream batch 1904/1954: 1,949,696/2,000,000 (1,464 pos/s)
[r1] stream batch 1920/1954: 1,966,080/2,000,000 (1,465 pos/s)
[r1] stream batch 1936/1954: 1,982,464/2,000,000 (1,466 pos/s)
[r1] stream batch 1952/1954: 1,998,848/2,000,000 (1,467 pos/s)
[r1] stream shard complete: 2,000,000 assigned, 8,170 detailed reservoir rows, 1363.9s
[r0] stream collection ready: 4,000,000 assignments, 16,338 extraction rows

########## 4 production spec (stat-weighted) ##########
2026-08-10T06:24:35+00:00
[r0] spec_stats: D=65536 stat-weighted proposal from 2048 reservoir rows -> /dev/shm/geo1b/fl_spec_stats/spec.pt
shm             352G  164G  188G  47% /dev/shm

########## 5 production pilot ##########
2026-08-10T06:25:14+00:00
W0810 06:25:15.836000 483074 torch/distributed/run.py:774] 
W0810 06:25:15.836000 483074 torch/distributed/run.py:774] *****************************************
W0810 06:25:15.836000 483074 torch/distributed/run.py:774] Setting OMP_NUM_THREADS environment variable for each process to be 1 in default, to avoid your system being overloaded, please further tune the variable for optimal performance in your application as needed. 
W0810 06:25:15.836000 483074 torch/distributed/run.py:774] *****************************************
[r1] collect-fast batch 0/9 (5s)
[r0] collect-fast batch 0/9 (7s)
[r1] collect-fast done: 131072 fingerprints, id=08660abffebdcd4c, 25.5s
[r0] collect-fast done: 131072 fingerprints, id=08660abffebdcd4c, 30.4s

########## 6 frozen PCA + spherical centroids C=8192 ##########
2026-08-10T06:26:02+00:00
[r0] stream-fit: loaded bounded pilot [262144, 65536]
[r0] stream-fit: PCA subspace iteration 1/4
[r0] stream-fit: PCA subspace iteration 2/4
[r0] stream-fit: PCA subspace iteration 3/4
[r0] stream-fit: PCA subspace iteration 4/4
[r0] stream-fit: k-means 1/30, mean cosine=0.75178, empty=0
[r0] stream-fit: k-means 5/30, mean cosine=0.82264, empty=0
[r0] stream-fit: k-means 10/30, mean cosine=0.82532, empty=0
[r0] stream-fit: k-means 15/30, mean cosine=0.82586, empty=0
[r0] stream-fit: k-means 20/30, mean cosine=0.82601, empty=0
[r0] stream-fit: k-means 25/30, mean cosine=0.82606, empty=0
[r0] stream-fit: k-means 30/30, mean cosine=0.82608, empty=0
[r0] stream-fit complete: model=55183d98c19a8d04, C=8192, d=256

########## 7 main stream: 32000000 positions ##########
2026-08-10T06:26:52+00:00
W0810 06:26:53.826000 483463 torch/distributed/run.py:774] 
W0810 06:26:53.826000 483463 torch/distributed/run.py:774] *****************************************
W0810 06:26:53.826000 483463 torch/distributed/run.py:774] Setting OMP_NUM_THREADS environment variable for each process to be 1 in default, to avoid your system being overloaded, please further tune the variable for optimal performance in your application as needed. 
W0810 06:26:53.826000 483463 torch/distributed/run.py:774] *****************************************
[r1] stream batch 1/15625: 1,024/16,000,000 (92 pos/s)
[r0] stream batch 1/15625: 1,024/16,000,000 (82 pos/s)
[r1] stream batch 16/15625: 16,384/16,000,000 (191 pos/s)
[r0] stream batch 16/15625: 16,384/16,000,000 (178 pos/s)
[r1] stream batch 32/15625: 32,768/16,000,000 (262 pos/s)
[r0] stream batch 32/15625: 32,768/16,000,000 (249 pos/s)
[r1] stream batch 48/15625: 49,152/16,000,000 (338 pos/s)
[r0] stream batch 48/15625: 49,152/16,000,000 (323 pos/s)
[r1] stream batch 64/15625: 65,536/16,000,000 (404 pos/s)
[r0] stream batch 64/15625: 65,536/16,000,000 (388 pos/s)
[r1] stream batch 80/15625: 81,920/16,000,000 (463 pos/s)
[r0] stream batch 80/15625: 81,920/16,000,000 (447 pos/s)
[r1] stream batch 96/15625: 98,304/16,000,000 (515 pos/s)
[r0] stream batch 96/15625: 98,304/16,000,000 (498 pos/s)
[r1] stream batch 112/15625: 114,688/16,000,000 (562 pos/s)
[r0] stream batch 112/15625: 114,688/16,000,000 (544 pos/s)
[r1] stream batch 128/15625: 131,072/16,000,000 (602 pos/s)
[r0] stream batch 128/15625: 131,072/16,000,000 (584 pos/s)
[r1] stream batch 144/15625: 147,456/16,000,000 (638 pos/s)
[r0] stream batch 144/15625: 147,456/16,000,000 (620 pos/s)
[r1] stream batch 160/15625: 163,840/16,000,000 (671 pos/s)
[r0] stream batch 160/15625: 163,840/16,000,000 (654 pos/s)
[r1] stream batch 176/15625: 180,224/16,000,000 (703 pos/s)
[r0] stream batch 176/15625: 180,224/16,000,000 (686 pos/s)
[r1] stream batch 192/15625: 196,608/16,000,000 (736 pos/s)
[r0] stream batch 192/15625: 196,608/16,000,000 (717 pos/s)
[r1] stream batch 208/15625: 212,992/16,000,000 (766 pos/s)
[r0] stream batch 208/15625: 212,992/16,000,000 (746 pos/s)
[r1] stream batch 224/15625: 229,376/16,000,000 (794 pos/s)
[r0] stream batch 224/15625: 229,376/16,000,000 (774 pos/s)
[r1] stream batch 240/15625: 245,760/16,000,000 (821 pos/s)
[r0] stream batch 240/15625: 245,760/16,000,000 (799 pos/s)
[r1] stream batch 256/15625: 262,144/16,000,000 (846 pos/s)
[r0] stream batch 256/15625: 262,144/16,000,000 (823 pos/s)
[r1] stream batch 272/15625: 278,528/16,000,000 (868 pos/s)
[r0] stream batch 272/15625: 278,528/16,000,000 (844 pos/s)
[r1] stream batch 288/15625: 294,912/16,000,000 (887 pos/s)
[r0] stream batch 288/15625: 294,912/16,000,000 (861 pos/s)
[r1] stream batch 304/15625: 311,296/16,000,000 (905 pos/s)
[r0] stream batch 304/15625: 311,296/16,000,000 (879 pos/s)
[r1] stream batch 320/15625: 327,680/16,000,000 (921 pos/s)
[r0] stream batch 320/15625: 327,680/16,000,000 (895 pos/s)
[r1] stream batch 336/15625: 344,064/16,000,000 (937 pos/s)
[r0] stream batch 336/15625: 344,064/16,000,000 (910 pos/s)
[r1] stream batch 352/15625: 360,448/16,000,000 (953 pos/s)
[r0] stream batch 352/15625: 360,448/16,000,000 (926 pos/s)
[r1] stream batch 368/15625: 376,832/16,000,000 (968 pos/s)
[r0] stream batch 368/15625: 376,832/16,000,000 (940 pos/s)
[r1] stream batch 384/15625: 393,216/16,000,000 (982 pos/s)
[r0] stream batch 384/15625: 393,216/16,000,000 (955 pos/s)
[r1] stream batch 400/15625: 409,600/16,000,000 (996 pos/s)
[r1] stream batch 416/15625: 425,984/16,000,000 (1,010 pos/s)
[r0] stream batch 400/15625: 409,600/16,000,000 (968 pos/s)
[r1] stream batch 432/15625: 442,368/16,000,000 (1,023 pos/s)
[r0] stream batch 416/15625: 425,984/16,000,000 (982 pos/s)
[r1] stream batch 448/15625: 458,752/16,000,000 (1,035 pos/s)
[r0] stream batch 432/15625: 442,368/16,000,000 (995 pos/s)
[r1] stream batch 464/15625: 475,136/16,000,000 (1,046 pos/s)
[r0] stream batch 448/15625: 458,752/16,000,000 (1,006 pos/s)
[r1] stream batch 480/15625: 491,520/16,000,000 (1,056 pos/s)
[r0] stream batch 464/15625: 475,136/16,000,000 (1,016 pos/s)
[r1] stream batch 496/15625: 507,904/16,000,000 (1,067 pos/s)
[r0] stream batch 480/15625: 491,520/16,000,000 (1,027 pos/s)
[r1] stream batch 512/15625: 524,288/16,000,000 (1,077 pos/s)
[r0] stream batch 496/15625: 507,904/16,000,000 (1,037 pos/s)
[r1] stream batch 528/15625: 540,672/16,000,000 (1,087 pos/s)
[r0] stream batch 512/15625: 524,288/16,000,000 (1,047 pos/s)
[r1] stream batch 544/15625: 557,056/16,000,000 (1,096 pos/s)
[r0] stream batch 528/15625: 540,672/16,000,000 (1,056 pos/s)
[r1] stream batch 560/15625: 573,440/16,000,000 (1,105 pos/s)
[r0] stream batch 544/15625: 557,056/16,000,000 (1,066 pos/s)
[r1] stream batch 576/15625: 589,824/16,000,000 (1,114 pos/s)
[r0] stream batch 560/15625: 573,440/16,000,000 (1,075 pos/s)
[r1] stream batch 592/15625: 606,208/16,000,000 (1,122 pos/s)
[r0] stream batch 576/15625: 589,824/16,000,000 (1,083 pos/s)
[r1] stream batch 608/15625: 622,592/16,000,000 (1,130 pos/s)
[r0] stream batch 592/15625: 606,208/16,000,000 (1,091 pos/s)
[r1] stream batch 624/15625: 638,976/16,000,000 (1,139 pos/s)
[r0] stream batch 608/15625: 622,592/16,000,000 (1,099 pos/s)
[r1] stream batch 640/15625: 655,360/16,000,000 (1,147 pos/s)
[r0] stream batch 624/15625: 638,976/16,000,000 (1,107 pos/s)
[r1] stream batch 656/15625: 671,744/16,000,000 (1,154 pos/s)
[r0] stream batch 640/15625: 655,360/16,000,000 (1,115 pos/s)
[r1] stream batch 672/15625: 688,128/16,000,000 (1,163 pos/s)
[r0] stream batch 656/15625: 671,744/16,000,000 (1,122 pos/s)
[r1] stream batch 688/15625: 704,512/16,000,000 (1,171 pos/s)
[r0] stream batch 672/15625: 688,128/16,000,000 (1,130 pos/s)
[r1] stream batch 704/15625: 720,896/16,000,000 (1,178 pos/s)
[r0] stream batch 688/15625: 704,512/16,000,000 (1,138 pos/s)
[r1] stream batch 720/15625: 737,280/16,000,000 (1,186 pos/s)
[r0] stream batch 704/15625: 720,896/16,000,000 (1,146 pos/s)
[r1] stream batch 736/15625: 753,664/16,000,000 (1,193 pos/s)
[r0] stream batch 720/15625: 737,280/16,000,000 (1,153 pos/s)
[r1] stream batch 752/15625: 770,048/16,000,000 (1,201 pos/s)
[r0] stream batch 736/15625: 753,664/16,000,000 (1,160 pos/s)
[r1] stream batch 768/15625: 786,432/16,000,000 (1,206 pos/s)
[r0] stream batch 752/15625: 770,048/16,000,000 (1,167 pos/s)
[r1] stream batch 784/15625: 802,816/16,000,000 (1,212 pos/s)
[r0] stream batch 768/15625: 786,432/16,000,000 (1,172 pos/s)
[r1] stream batch 800/15625: 819,200/16,000,000 (1,217 pos/s)
[r0] stream batch 784/15625: 802,816/16,000,000 (1,177 pos/s)
[r1] stream batch 816/15625: 835,584/16,000,000 (1,223 pos/s)
[r0] stream batch 800/15625: 819,200/16,000,000 (1,182 pos/s)
[r1] stream batch 832/15625: 851,968/16,000,000 (1,228 pos/s)
[r0] stream batch 816/15625: 835,584/16,000,000 (1,188 pos/s)
[r1] stream batch 848/15625: 868,352/16,000,000 (1,233 pos/s)
[r0] stream batch 832/15625: 851,968/16,000,000 (1,193 pos/s)
[r1] stream batch 864/15625: 884,736/16,000,000 (1,238 pos/s)
[r0] stream batch 848/15625: 868,352/16,000,000 (1,198 pos/s)
[r1] stream batch 880/15625: 901,120/16,000,000 (1,243 pos/s)
[r0] stream batch 864/15625: 884,736/16,000,000 (1,203 pos/s)
[r1] stream batch 896/15625: 917,504/16,000,000 (1,247 pos/s)
[r0] stream batch 880/15625: 901,120/16,000,000 (1,208 pos/s)
[r1] stream batch 912/15625: 933,888/16,000,000 (1,252 pos/s)
[r0] stream batch 896/15625: 917,504/16,000,000 (1,212 pos/s)
[r1] stream batch 928/15625: 950,272/16,000,000 (1,257 pos/s)
[r1] stream batch 944/15625: 966,656/16,000,000 (1,262 pos/s)
[r0] stream batch 912/15625: 933,888/16,000,000 (1,216 pos/s)
[r1] stream batch 960/15625: 983,040/16,000,000 (1,266 pos/s)
[r0] stream batch 928/15625: 950,272/16,000,000 (1,221 pos/s)
[r1] stream batch 976/15625: 999,424/16,000,000 (1,270 pos/s)
[r0] stream batch 944/15625: 966,656/16,000,000 (1,225 pos/s)
[r1] stream batch 992/15625: 1,015,808/16,000,000 (1,274 pos/s)
[r0] stream batch 960/15625: 983,040/16,000,000 (1,229 pos/s)
[r1] stream batch 1008/15625: 1,032,192/16,000,000 (1,278 pos/s)
[r0] stream batch 976/15625: 999,424/16,000,000 (1,234 pos/s)
[r1] stream batch 1024/15625: 1,048,576/16,000,000 (1,282 pos/s)
[r0] stream batch 992/15625: 1,015,808/16,000,000 (1,237 pos/s)
[r1] stream batch 1040/15625: 1,064,960/16,000,000 (1,287 pos/s)
[r0] stream batch 1008/15625: 1,032,192/16,000,000 (1,241 pos/s)
[r1] stream batch 1056/15625: 1,081,344/16,000,000 (1,291 pos/s)
[r0] stream batch 1024/15625: 1,048,576/16,000,000 (1,244 pos/s)
[r1] stream batch 1072/15625: 1,097,728/16,000,000 (1,296 pos/s)
[r0] stream batch 1040/15625: 1,064,960/16,000,000 (1,249 pos/s)
[r1] stream batch 1088/15625: 1,114,112/16,000,000 (1,300 pos/s)
[r0] stream batch 1056/15625: 1,081,344/16,000,000 (1,253 pos/s)
[r1] stream batch 1104/15625: 1,130,496/16,000,000 (1,304 pos/s)
[r0] stream batch 1072/15625: 1,097,728/16,000,000 (1,258 pos/s)
[r1] stream batch 1120/15625: 1,146,880/16,000,000 (1,308 pos/s)
[r0] stream batch 1088/15625: 1,114,112/16,000,000 (1,262 pos/s)
[r1] stream batch 1136/15625: 1,163,264/16,000,000 (1,311 pos/s)
[r0] stream batch 1104/15625: 1,130,496/16,000,000 (1,266 pos/s)
[r1] stream batch 1152/15625: 1,179,648/16,000,000 (1,314 pos/s)
[r0] stream batch 1120/15625: 1,146,880/16,000,000 (1,270 pos/s)
[r1] stream batch 1168/15625: 1,196,032/16,000,000 (1,317 pos/s)
[r0] stream batch 1136/15625: 1,163,264/16,000,000 (1,273 pos/s)
[r1] stream batch 1184/15625: 1,212,416/16,000,000 (1,320 pos/s)
[r0] stream batch 1152/15625: 1,179,648/16,000,000 (1,276 pos/s)
[r1] stream batch 1200/15625: 1,228,800/16,000,000 (1,324 pos/s)
[r0] stream batch 1168/15625: 1,196,032/16,000,000 (1,279 pos/s)
[r1] stream batch 1216/15625: 1,245,184/16,000,000 (1,327 pos/s)
[r0] stream batch 1184/15625: 1,212,416/16,000,000 (1,283 pos/s)
[r1] stream batch 1232/15625: 1,261,568/16,000,000 (1,330 pos/s)
[r0] stream batch 1200/15625: 1,228,800/16,000,000 (1,286 pos/s)
[r1] stream batch 1248/15625: 1,277,952/16,000,000 (1,333 pos/s)
[r0] stream batch 1216/15625: 1,245,184/16,000,000 (1,289 pos/s)
[r1] stream batch 1264/15625: 1,294,336/16,000,000 (1,336 pos/s)
[r0] stream batch 1232/15625: 1,261,568/16,000,000 (1,292 pos/s)
[r1] stream batch 1280/15625: 1,310,720/16,000,000 (1,339 pos/s)
[r0] stream batch 1248/15625: 1,277,952/16,000,000 (1,295 pos/s)
[r1] stream batch 1296/15625: 1,327,104/16,000,000 (1,342 pos/s)
[r0] stream batch 1264/15625: 1,294,336/16,000,000 (1,298 pos/s)
[r1] stream batch 1312/15625: 1,343,488/16,000,000 (1,344 pos/s)
[r0] stream batch 1280/15625: 1,310,720/16,000,000 (1,301 pos/s)
[r1] stream batch 1328/15625: 1,359,872/16,000,000 (1,347 pos/s)
[r0] stream batch 1296/15625: 1,327,104/16,000,000 (1,304 pos/s)
[r1] stream batch 1344/15625: 1,376,256/16,000,000 (1,350 pos/s)
[r0] stream batch 1312/15625: 1,343,488/16,000,000 (1,307 pos/s)
[r1] stream batch 1360/15625: 1,392,640/16,000,000 (1,353 pos/s)
[r0] stream batch 1328/15625: 1,359,872/16,000,000 (1,310 pos/s)
[r1] stream batch 1376/15625: 1,409,024/16,000,000 (1,356 pos/s)
[r0] stream batch 1344/15625: 1,376,256/16,000,000 (1,312 pos/s)
[r1] stream batch 1392/15625: 1,425,408/16,000,000 (1,358 pos/s)
[r0] stream batch 1360/15625: 1,392,640/16,000,000 (1,315 pos/s)
[r1] stream batch 1408/15625: 1,441,792/16,000,000 (1,361 pos/s)
[r0] stream batch 1376/15625: 1,409,024/16,000,000 (1,318 pos/s)
[r1] stream batch 1424/15625: 1,458,176/16,000,000 (1,364 pos/s)
[r0] stream batch 1392/15625: 1,425,408/16,000,000 (1,321 pos/s)
[r1] stream batch 1440/15625: 1,474,560/16,000,000 (1,366 pos/s)
[r0] stream batch 1408/15625: 1,441,792/16,000,000 (1,323 pos/s)
[r1] stream batch 1456/15625: 1,490,944/16,000,000 (1,369 pos/s)
[r0] stream batch 1424/15625: 1,458,176/16,000,000 (1,326 pos/s)
[r1] stream batch 1472/15625: 1,507,328/16,000,000 (1,371 pos/s)
[r1] stream batch 1488/15625: 1,523,712/16,000,000 (1,374 pos/s)
[r0] stream batch 1440/15625: 1,474,560/16,000,000 (1,328 pos/s)
[r1] stream batch 1504/15625: 1,540,096/16,000,000 (1,376 pos/s)
[r0] stream batch 1456/15625: 1,490,944/16,000,000 (1,330 pos/s)
[r1] stream batch 1520/15625: 1,556,480/16,000,000 (1,378 pos/s)
[r0] stream batch 1472/15625: 1,507,328/16,000,000 (1,333 pos/s)
[r1] stream batch 1536/15625: 1,572,864/16,000,000 (1,381 pos/s)
[r0] stream batch 1488/15625: 1,523,712/16,000,000 (1,335 pos/s)
[r1] stream batch 1552/15625: 1,589,248/16,000,000 (1,383 pos/s)
[r0] stream batch 1504/15625: 1,540,096/16,000,000 (1,338 pos/s)
[r1] stream batch 1568/15625: 1,605,632/16,000,000 (1,386 pos/s)
[r0] stream batch 1520/15625: 1,556,480/16,000,000 (1,340 pos/s)
[r1] stream batch 1584/15625: 1,622,016/16,000,000 (1,388 pos/s)
[r0] stream batch 1536/15625: 1,572,864/16,000,000 (1,342 pos/s)
[r1] stream batch 1600/15625: 1,638,400/16,000,000 (1,390 pos/s)
[r0] stream batch 1552/15625: 1,589,248/16,000,000 (1,344 pos/s)
[r1] stream batch 1616/15625: 1,654,784/16,000,000 (1,392 pos/s)
[r0] stream batch 1568/15625: 1,605,632/16,000,000 (1,347 pos/s)
[r1] stream batch 1632/15625: 1,671,168/16,000,000 (1,394 pos/s)
[r0] stream batch 1584/15625: 1,622,016/16,000,000 (1,349 pos/s)
[r1] stream batch 1648/15625: 1,687,552/16,000,000 (1,396 pos/s)
[r0] stream batch 1600/15625: 1,638,400/16,000,000 (1,351 pos/s)
[r1] stream batch 1664/15625: 1,703,936/16,000,000 (1,398 pos/s)
[r0] stream batch 1616/15625: 1,654,784/16,000,000 (1,353 pos/s)
[r1] stream batch 1680/15625: 1,720,320/16,000,000 (1,400 pos/s)
[r0] stream batch 1632/15625: 1,671,168/16,000,000 (1,356 pos/s)
[r1] stream batch 1696/15625: 1,736,704/16,000,000 (1,402 pos/s)
[r0] stream batch 1648/15625: 1,687,552/16,000,000 (1,358 pos/s)
[r1] stream batch 1712/15625: 1,753,088/16,000,000 (1,404 pos/s)
[r0] stream batch 1664/15625: 1,703,936/16,000,000 (1,360 pos/s)
[r1] stream batch 1728/15625: 1,769,472/16,000,000 (1,406 pos/s)
[r0] stream batch 1680/15625: 1,720,320/16,000,000 (1,362 pos/s)
[r1] stream batch 1744/15625: 1,785,856/16,000,000 (1,408 pos/s)
[r0] stream batch 1696/15625: 1,736,704/16,000,000 (1,364 pos/s)
[r1] stream batch 1760/15625: 1,802,240/16,000,000 (1,410 pos/s)
[r0] stream batch 1712/15625: 1,753,088/16,000,000 (1,366 pos/s)
[r1] stream batch 1776/15625: 1,818,624/16,000,000 (1,412 pos/s)
[r0] stream batch 1728/15625: 1,769,472/16,000,000 (1,368 pos/s)
[r1] stream batch 1792/15625: 1,835,008/16,000,000 (1,414 pos/s)
[r0] stream batch 1744/15625: 1,785,856/16,000,000 (1,370 pos/s)
[r1] stream batch 1808/15625: 1,851,392/16,000,000 (1,415 pos/s)
[r0] stream batch 1760/15625: 1,802,240/16,000,000 (1,372 pos/s)
[r1] stream batch 1824/15625: 1,867,776/16,000,000 (1,417 pos/s)
[r0] stream batch 1776/15625: 1,818,624/16,000,000 (1,374 pos/s)
[r1] stream batch 1840/15625: 1,884,160/16,000,000 (1,418 pos/s)
[r0] stream batch 1792/15625: 1,835,008/16,000,000 (1,376 pos/s)
[r1] stream batch 1856/15625: 1,900,544/16,000,000 (1,420 pos/s)
[r0] stream batch 1808/15625: 1,851,392/16,000,000 (1,378 pos/s)
[r1] stream batch 1872/15625: 1,916,928/16,000,000 (1,421 pos/s)
[r0] stream batch 1824/15625: 1,867,776/16,000,000 (1,379 pos/s)
[r1] stream batch 1888/15625: 1,933,312/16,000,000 (1,423 pos/s)
[r0] stream batch 1840/15625: 1,884,160/16,000,000 (1,380 pos/s)
[r1] stream batch 1904/15625: 1,949,696/16,000,000 (1,424 pos/s)
[r0] stream batch 1856/15625: 1,900,544/16,000,000 (1,382 pos/s)
[r1] stream batch 1920/15625: 1,966,080/16,000,000 (1,426 pos/s)
[r0] stream batch 1872/15625: 1,916,928/16,000,000 (1,383 pos/s)
[r1] stream batch 1936/15625: 1,982,464/16,000,000 (1,427 pos/s)
[r0] stream batch 1888/15625: 1,933,312/16,000,000 (1,385 pos/s)
[r1] stream batch 1952/15625: 1,998,848/16,000,000 (1,429 pos/s)
[r0] stream batch 1904/15625: 1,949,696/16,000,000 (1,386 pos/s)
[r1] stream batch 1968/15625: 2,015,232/16,000,000 (1,430 pos/s)
[r0] stream batch 1920/15625: 1,966,080/16,000,000 (1,388 pos/s)
[r1] stream batch 1984/15625: 2,031,616/16,000,000 (1,432 pos/s)
[r0] stream batch 1936/15625: 1,982,464/16,000,000 (1,389 pos/s)
[r1] stream batch 2000/15625: 2,048,000/16,000,000 (1,433 pos/s)
[r0] stream batch 1952/15625: 1,998,848/16,000,000 (1,391 pos/s)
[r1] stream batch 2016/15625: 2,064,384/16,000,000 (1,434 pos/s)
[r0] stream batch 1968/15625: 2,015,232/16,000,000 (1,392 pos/s)
[r1] stream batch 2032/15625: 2,080,768/16,000,000 (1,436 pos/s)
[r0] stream batch 1984/15625: 2,031,616/16,000,000 (1,393 pos/s)
[r1] stream batch 2048/15625: 2,097,152/16,000,000 (1,437 pos/s)
[r0] stream batch 2000/15625: 2,048,000/16,000,000 (1,395 pos/s)
[r1] stream batch 2064/15625: 2,113,536/16,000,000 (1,439 pos/s)
[r0] stream batch 2016/15625: 2,064,384/16,000,000 (1,396 pos/s)
[r1] stream batch 2080/15625: 2,129,920/16,000,000 (1,440 pos/s)
[r0] stream batch 2032/15625: 2,080,768/16,000,000 (1,398 pos/s)
[r1] stream batch 2096/15625: 2,146,304/16,000,000 (1,441 pos/s)
[r0] stream batch 2048/15625: 2,097,152/16,000,000 (1,399 pos/s)
[r1] stream batch 2112/15625: 2,162,688/16,000,000 (1,443 pos/s)
[r0] stream batch 2064/15625: 2,113,536/16,000,000 (1,401 pos/s)
[r1] stream batch 2128/15625: 2,179,072/16,000,000 (1,444 pos/s)
[r0] stream batch 2080/15625: 2,129,920/16,000,000 (1,402 pos/s)
[r1] stream batch 2144/15625: 2,195,456/16,000,000 (1,445 pos/s)
[r0] stream batch 2096/15625: 2,146,304/16,000,000 (1,403 pos/s)
[r1] stream batch 2160/15625: 2,211,840/16,000,000 (1,446 pos/s)
[r0] stream batch 2112/15625: 2,162,688/16,000,000 (1,405 pos/s)
[r1] stream batch 2176/15625: 2,228,224/16,000,000 (1,447 pos/s)
[r0] stream batch 2128/15625: 2,179,072/16,000,000 (1,406 pos/s)
[r1] stream batch 2192/15625: 2,244,608/16,000,000 (1,449 pos/s)
[r0] stream batch 2144/15625: 2,195,456/16,000,000 (1,407 pos/s)
[r1] stream batch 2208/15625: 2,260,992/16,000,000 (1,450 pos/s)
[r1] stream batch 2224/15625: 2,277,376/16,000,000 (1,452 pos/s)
[r0] stream batch 2160/15625: 2,211,840/16,000,000 (1,409 pos/s)
[r1] stream batch 2240/15625: 2,293,760/16,000,000 (1,453 pos/s)
[r0] stream batch 2176/15625: 2,228,224/16,000,000 (1,410 pos/s)
[r1] stream batch 2256/15625: 2,310,144/16,000,000 (1,455 pos/s)
[r0] stream batch 2192/15625: 2,244,608/16,000,000 (1,411 pos/s)
[r1] stream batch 2272/15625: 2,326,528/16,000,000 (1,456 pos/s)
[r0] stream batch 2208/15625: 2,260,992/16,000,000 (1,413 pos/s)
[r1] stream batch 2288/15625: 2,342,912/16,000,000 (1,457 pos/s)
[r0] stream batch 2224/15625: 2,277,376/16,000,000 (1,414 pos/s)
[r1] stream batch 2304/15625: 2,359,296/16,000,000 (1,458 pos/s)
[r0] stream batch 2240/15625: 2,293,760/16,000,000 (1,416 pos/s)
[r1] stream batch 2320/15625: 2,375,680/16,000,000 (1,459 pos/s)
[r0] stream batch 2256/15625: 2,310,144/16,000,000 (1,417 pos/s)
[r1] stream batch 2336/15625: 2,392,064/16,000,000 (1,460 pos/s)
[r0] stream batch 2272/15625: 2,326,528/16,000,000 (1,418 pos/s)
[r1] stream batch 2352/15625: 2,408,448/16,000,000 (1,461 pos/s)
[r0] stream batch 2288/15625: 2,342,912/16,000,000 (1,419 pos/s)
[r1] stream batch 2368/15625: 2,424,832/16,000,000 (1,462 pos/s)
[r0] stream batch 2304/15625: 2,359,296/16,000,000 (1,420 pos/s)
[r1] stream batch 2384/15625: 2,441,216/16,000,000 (1,464 pos/s)
[r0] stream batch 2320/15625: 2,375,680/16,000,000 (1,421 pos/s)
[r1] stream batch 2400/15625: 2,457,600/16,000,000 (1,465 pos/s)
[r0] stream batch 2336/15625: 2,392,064/16,000,000 (1,422 pos/s)
[r1] stream batch 2416/15625: 2,473,984/16,000,000 (1,466 pos/s)
[r0] stream batch 2352/15625: 2,408,448/16,000,000 (1,423 pos/s)
[r1] stream batch 2432/15625: 2,490,368/16,000,000 (1,467 pos/s)
[r0] stream batch 2368/15625: 2,424,832/16,000,000 (1,424 pos/s)
[r1] stream batch 2448/15625: 2,506,752/16,000,000 (1,468 pos/s)
[r0] stream batch 2384/15625: 2,441,216/16,000,000 (1,425 pos/s)
[r1] stream batch 2464/15625: 2,523,136/16,000,000 (1,469 pos/s)
[r0] stream batch 2400/15625: 2,457,600/16,000,000 (1,426 pos/s)
[r1] stream batch 2480/15625: 2,539,520/16,000,000 (1,470 pos/s)
[r0] stream batch 2416/15625: 2,473,984/16,000,000 (1,427 pos/s)
[r1] stream batch 2496/15625: 2,555,904/16,000,000 (1,471 pos/s)
[r0] stream batch 2432/15625: 2,490,368/16,000,000 (1,428 pos/s)
[r1] stream batch 2512/15625: 2,572,288/16,000,000 (1,472 pos/s)
[r0] stream batch 2448/15625: 2,506,752/16,000,000 (1,429 pos/s)
[r1] stream batch 2528/15625: 2,588,672/16,000,000 (1,472 pos/s)
[r0] stream batch 2464/15625: 2,523,136/16,000,000 (1,430 pos/s)
[r1] stream batch 2544/15625: 2,605,056/16,000,000 (1,473 pos/s)
[r0] stream batch 2480/15625: 2,539,520/16,000,000 (1,431 pos/s)
[r1] stream batch 2560/15625: 2,621,440/16,000,000 (1,474 pos/s)
[r0] stream batch 2496/15625: 2,555,904/16,000,000 (1,432 pos/s)
[r1] stream batch 2576/15625: 2,637,824/16,000,000 (1,475 pos/s)
[r0] stream batch 2512/15625: 2,572,288/16,000,000 (1,433 pos/s)
[r1] stream batch 2592/15625: 2,654,208/16,000,000 (1,476 pos/s)
[r0] stream batch 2528/15625: 2,588,672/16,000,000 (1,434 pos/s)
[r1] stream batch 2608/15625: 2,670,592/16,000,000 (1,477 pos/s)
[r0] stream batch 2544/15625: 2,605,056/16,000,000 (1,435 pos/s)
[r1] stream batch 2624/15625: 2,686,976/16,000,000 (1,478 pos/s)
[r0] stream batch 2560/15625: 2,621,440/16,000,000 (1,436 pos/s)
[r1] stream batch 2640/15625: 2,703,360/16,000,000 (1,479 pos/s)
[r0] stream batch 2576/15625: 2,637,824/16,000,000 (1,437 pos/s)
[r1] stream batch 2656/15625: 2,719,744/16,000,000 (1,480 pos/s)
[r0] stream batch 2592/15625: 2,654,208/16,000,000 (1,438 pos/s)
[r1] stream batch 2672/15625: 2,736,128/16,000,000 (1,481 pos/s)
[r0] stream batch 2608/15625: 2,670,592/16,000,000 (1,439 pos/s)
[r1] stream batch 2688/15625: 2,752,512/16,000,000 (1,482 pos/s)
[r0] stream batch 2624/15625: 2,686,976/16,000,000 (1,440 pos/s)
[r1] stream batch 2704/15625: 2,768,896/16,000,000 (1,483 pos/s)
[r0] stream batch 2640/15625: 2,703,360/16,000,000 (1,441 pos/s)
[r1] stream batch 2720/15625: 2,785,280/16,000,000 (1,485 pos/s)
[r1] stream batch 2736/15625: 2,801,664/16,000,000 (1,486 pos/s)
[r0] stream batch 2656/15625: 2,719,744/16,000,000 (1,441 pos/s)
[r1] stream batch 2752/15625: 2,818,048/16,000,000 (1,487 pos/s)
[r0] stream batch 2672/15625: 2,736,128/16,000,000 (1,442 pos/s)
[r1] stream batch 2768/15625: 2,834,432/16,000,000 (1,488 pos/s)
[r0] stream batch 2688/15625: 2,752,512/16,000,000 (1,443 pos/s)
[r1] stream batch 2784/15625: 2,850,816/16,000,000 (1,488 pos/s)
[r0] stream batch 2704/15625: 2,768,896/16,000,000 (1,444 pos/s)
[r1] stream batch 2800/15625: 2,867,200/16,000,000 (1,489 pos/s)
[r0] stream batch 2720/15625: 2,785,280/16,000,000 (1,445 pos/s)
[r1] stream batch 2816/15625: 2,883,584/16,000,000 (1,490 pos/s)
[r0] stream batch 2736/15625: 2,801,664/16,000,000 (1,447 pos/s)
[r1] stream batch 2832/15625: 2,899,968/16,000,000 (1,491 pos/s)
[r0] stream batch 2752/15625: 2,818,048/16,000,000 (1,448 pos/s)
[r1] stream batch 2848/15625: 2,916,352/16,000,000 (1,491 pos/s)
[r0] stream batch 2768/15625: 2,834,432/16,000,000 (1,448 pos/s)
[r1] stream batch 2864/15625: 2,932,736/16,000,000 (1,492 pos/s)
[r0] stream batch 2784/15625: 2,850,816/16,000,000 (1,449 pos/s)
[r1] stream batch 2880/15625: 2,949,120/16,000,000 (1,493 pos/s)
[r0] stream batch 2800/15625: 2,867,200/16,000,000 (1,450 pos/s)
[r1] stream batch 2896/15625: 2,965,504/16,000,000 (1,494 pos/s)
[r0] stream batch 2816/15625: 2,883,584/16,000,000 (1,451 pos/s)
[r1] stream batch 2912/15625: 2,981,888/16,000,000 (1,494 pos/s)
[r0] stream batch 2832/15625: 2,899,968/16,000,000 (1,451 pos/s)
[r1] stream batch 2928/15625: 2,998,272/16,000,000 (1,495 pos/s)
[r0] stream batch 2848/15625: 2,916,352/16,000,000 (1,452 pos/s)
[r1] stream batch 2944/15625: 3,014,656/16,000,000 (1,496 pos/s)
[r0] stream batch 2864/15625: 2,932,736/16,000,000 (1,453 pos/s)
[r1] stream batch 2960/15625: 3,031,040/16,000,000 (1,497 pos/s)
[r0] stream batch 2880/15625: 2,949,120/16,000,000 (1,454 pos/s)
[r1] stream batch 2976/15625: 3,047,424/16,000,000 (1,497 pos/s)
[r0] stream batch 2896/15625: 2,965,504/16,000,000 (1,455 pos/s)
[r1] stream batch 2992/15625: 3,063,808/16,000,000 (1,498 pos/s)
[r0] stream batch 2912/15625: 2,981,888/16,000,000 (1,455 pos/s)
[r1] stream batch 3008/15625: 3,080,192/16,000,000 (1,499 pos/s)
[r0] stream batch 2928/15625: 2,998,272/16,000,000 (1,456 pos/s)
[r1] stream batch 3024/15625: 3,096,576/16,000,000 (1,500 pos/s)
[r0] stream batch 2944/15625: 3,014,656/16,000,000 (1,457 pos/s)
[r1] stream batch 3040/15625: 3,112,960/16,000,000 (1,500 pos/s)
[r0] stream batch 2960/15625: 3,031,040/16,000,000 (1,458 pos/s)
[r1] stream batch 3056/15625: 3,129,344/16,000,000 (1,501 pos/s)
[r0] stream batch 2976/15625: 3,047,424/16,000,000 (1,459 pos/s)
[r1] stream batch 3072/15625: 3,145,728/16,000,000 (1,502 pos/s)
[r0] stream batch 2992/15625: 3,063,808/16,000,000 (1,459 pos/s)
[r1] stream batch 3088/15625: 3,162,112/16,000,000 (1,503 pos/s)
[r0] stream batch 3008/15625: 3,080,192/16,000,000 (1,460 pos/s)
[r1] stream batch 3104/15625: 3,178,496/16,000,000 (1,504 pos/s)
[r0] stream batch 3024/15625: 3,096,576/16,000,000 (1,461 pos/s)
[r1] stream batch 3120/15625: 3,194,880/16,000,000 (1,505 pos/s)
[r0] stream batch 3040/15625: 3,112,960/16,000,000 (1,462 pos/s)
[r1] stream batch 3136/15625: 3,211,264/16,000,000 (1,505 pos/s)
[r0] stream batch 3056/15625: 3,129,344/16,000,000 (1,463 pos/s)
[r1] stream batch 3152/15625: 3,227,648/16,000,000 (1,506 pos/s)
[r0] stream batch 3072/15625: 3,145,728/16,000,000 (1,464 pos/s)
[r1] stream batch 3168/15625: 3,244,032/16,000,000 (1,507 pos/s)
[r0] stream batch 3088/15625: 3,162,112/16,000,000 (1,465 pos/s)
[r1] stream batch 3184/15625: 3,260,416/16,000,000 (1,507 pos/s)
[r0] stream batch 3104/15625: 3,178,496/16,000,000 (1,465 pos/s)
[r1] stream batch 3200/15625: 3,276,800/16,000,000 (1,508 pos/s)
[r0] stream batch 3120/15625: 3,194,880/16,000,000 (1,466 pos/s)
[r1] stream batch 3216/15625: 3,293,184/16,000,000 (1,509 pos/s)
[r0] stream batch 3136/15625: 3,211,264/16,000,000 (1,467 pos/s)
[r1] stream batch 3232/15625: 3,309,568/16,000,000 (1,510 pos/s)
[r0] stream batch 3152/15625: 3,227,648/16,000,000 (1,467 pos/s)
[r1] stream batch 3248/15625: 3,325,952/16,000,000 (1,510 pos/s)
[r0] stream batch 3168/15625: 3,244,032/16,000,000 (1,468 pos/s)
[r1] stream batch 3264/15625: 3,342,336/16,000,000 (1,511 pos/s)
[r0] stream batch 3184/15625: 3,260,416/16,000,000 (1,469 pos/s)
[r1] stream batch 3280/15625: 3,358,720/16,000,000 (1,512 pos/s)
[r0] stream batch 3200/15625: 3,276,800/16,000,000 (1,469 pos/s)
[r1] stream batch 3296/15625: 3,375,104/16,000,000 (1,512 pos/s)
[r0] stream batch 3216/15625: 3,293,184/16,000,000 (1,470 pos/s)
[r1] stream batch 3312/15625: 3,391,488/16,000,000 (1,513 pos/s)
[r0] stream batch 3232/15625: 3,309,568/16,000,000 (1,471 pos/s)
[r1] stream batch 3328/15625: 3,407,872/16,000,000 (1,514 pos/s)
[r0] stream batch 3248/15625: 3,325,952/16,000,000 (1,472 pos/s)
[r1] stream batch 3344/15625: 3,424,256/16,000,000 (1,515 pos/s)
[r0] stream batch 3264/15625: 3,342,336/16,000,000 (1,472 pos/s)
[r1] stream batch 3360/15625: 3,440,640/16,000,000 (1,515 pos/s)
[r0] stream batch 3280/15625: 3,358,720/16,000,000 (1,473 pos/s)
[r1] stream batch 3376/15625: 3,457,024/16,000,000 (1,516 pos/s)
[r0] stream batch 3296/15625: 3,375,104/16,000,000 (1,474 pos/s)
[r1] stream batch 3392/15625: 3,473,408/16,000,000 (1,517 pos/s)
[r0] stream batch 3312/15625: 3,391,488/16,000,000 (1,475 pos/s)
[r1] stream batch 3408/15625: 3,489,792/16,000,000 (1,517 pos/s)
[r0] stream batch 3328/15625: 3,407,872/16,000,000 (1,475 pos/s)
[r1] stream batch 3424/15625: 3,506,176/16,000,000 (1,518 pos/s)
[r0] stream batch 3344/15625: 3,424,256/16,000,000 (1,476 pos/s)
[r1] stream batch 3440/15625: 3,522,560/16,000,000 (1,519 pos/s)
[r0] stream batch 3360/15625: 3,440,640/16,000,000 (1,477 pos/s)
[r1] stream batch 3456/15625: 3,538,944/16,000,000 (1,519 pos/s)
[r0] stream batch 3376/15625: 3,457,024/16,000,000 (1,477 pos/s)
[r1] stream batch 3472/15625: 3,555,328/16,000,000 (1,520 pos/s)
[r1] stream batch 3488/15625: 3,571,712/16,000,000 (1,520 pos/s)
[r0] stream batch 3392/15625: 3,473,408/16,000,000 (1,478 pos/s)
[r1] stream batch 3504/15625: 3,588,096/16,000,000 (1,521 pos/s)
[r0] stream batch 3408/15625: 3,489,792/16,000,000 (1,479 pos/s)
[r1] stream batch 3520/15625: 3,604,480/16,000,000 (1,522 pos/s)
[r0] stream batch 3424/15625: 3,506,176/16,000,000 (1,479 pos/s)
[r1] stream batch 3536/15625: 3,620,864/16,000,000 (1,522 pos/s)
[r0] stream batch 3440/15625: 3,522,560/16,000,000 (1,480 pos/s)
[r1] stream batch 3552/15625: 3,637,248/16,000,000 (1,523 pos/s)
[r0] stream batch 3456/15625: 3,538,944/16,000,000 (1,481 pos/s)
[r1] stream batch 3568/15625: 3,653,632/16,000,000 (1,524 pos/s)
[r0] stream batch 3472/15625: 3,555,328/16,000,000 (1,481 pos/s)
[r1] stream batch 3584/15625: 3,670,016/16,000,000 (1,524 pos/s)
[r0] stream batch 3488/15625: 3,571,712/16,000,000 (1,482 pos/s)
[r1] stream batch 3600/15625: 3,686,400/16,000,000 (1,525 pos/s)
[r0] stream batch 3504/15625: 3,588,096/16,000,000 (1,483 pos/s)
[r1] stream batch 3616/15625: 3,702,784/16,000,000 (1,525 pos/s)
[r0] stream batch 3520/15625: 3,604,480/16,000,000 (1,483 pos/s)
[r1] stream batch 3632/15625: 3,719,168/16,000,000 (1,526 pos/s)
[r0] stream batch 3536/15625: 3,620,864/16,000,000 (1,484 pos/s)
[r1] stream batch 3648/15625: 3,735,552/16,000,000 (1,527 pos/s)
[r0] stream batch 3552/15625: 3,637,248/16,000,000 (1,485 pos/s)
[r1] stream batch 3664/15625: 3,751,936/16,000,000 (1,527 pos/s)
[r0] stream batch 3568/15625: 3,653,632/16,000,000 (1,485 pos/s)
[r1] stream batch 3680/15625: 3,768,320/16,000,000 (1,528 pos/s)
[r0] stream batch 3584/15625: 3,670,016/16,000,000 (1,486 pos/s)
[r1] stream batch 3696/15625: 3,784,704/16,000,000 (1,528 pos/s)
[r0] stream batch 3600/15625: 3,686,400/16,000,000 (1,486 pos/s)
[r1] stream batch 3712/15625: 3,801,088/16,000,000 (1,529 pos/s)
[r0] stream batch 3616/15625: 3,702,784/16,000,000 (1,487 pos/s)
[r1] stream batch 3728/15625: 3,817,472/16,000,000 (1,529 pos/s)
[r0] stream batch 3632/15625: 3,719,168/16,000,000 (1,488 pos/s)
[r1] stream batch 3744/15625: 3,833,856/16,000,000 (1,530 pos/s)
[r0] stream batch 3648/15625: 3,735,552/16,000,000 (1,488 pos/s)
[r1] stream batch 3760/15625: 3,850,240/16,000,000 (1,530 pos/s)
[r0] stream batch 3664/15625: 3,751,936/16,000,000 (1,489 pos/s)
[r1] stream batch 3776/15625: 3,866,624/16,000,000 (1,531 pos/s)
[r0] stream batch 3680/15625: 3,768,320/16,000,000 (1,489 pos/s)
[r1] stream batch 3792/15625: 3,883,008/16,000,000 (1,531 pos/s)
[r0] stream batch 3696/15625: 3,784,704/16,000,000 (1,490 pos/s)
[r1] stream batch 3808/15625: 3,899,392/16,000,000 (1,532 pos/s)
[r0] stream batch 3712/15625: 3,801,088/16,000,000 (1,490 pos/s)
[r1] stream batch 3824/15625: 3,915,776/16,000,000 (1,532 pos/s)
[r0] stream batch 3728/15625: 3,817,472/16,000,000 (1,491 pos/s)
[r1] stream batch 3840/15625: 3,932,160/16,000,000 (1,533 pos/s)
[r0] stream batch 3744/15625: 3,833,856/16,000,000 (1,491 pos/s)
[r1] stream batch 3856/15625: 3,948,544/16,000,000 (1,533 pos/s)
[r0] stream batch 3760/15625: 3,850,240/16,000,000 (1,492 pos/s)
[r1] stream batch 3872/15625: 3,964,928/16,000,000 (1,534 pos/s)
[r0] stream batch 3776/15625: 3,866,624/16,000,000 (1,492 pos/s)
[r1] stream batch 3888/15625: 3,981,312/16,000,000 (1,534 pos/s)
[r0] stream batch 3792/15625: 3,883,008/16,000,000 (1,493 pos/s)
[r1] stream batch 3904/15625: 3,997,696/16,000,000 (1,535 pos/s)
[r0] stream batch 3808/15625: 3,899,392/16,000,000 (1,493 pos/s)
[r1] stream batch 3920/15625: 4,014,080/16,000,000 (1,535 pos/s)
[r0] stream batch 3824/15625: 3,915,776/16,000,000 (1,494 pos/s)
[r1] stream batch 3936/15625: 4,030,464/16,000,000 (1,536 pos/s)
[r0] stream batch 3840/15625: 3,932,160/16,000,000 (1,494 pos/s)
[r1] stream batch 3952/15625: 4,046,848/16,000,000 (1,536 pos/s)
[r0] stream batch 3856/15625: 3,948,544/16,000,000 (1,495 pos/s)
[r1] stream batch 3968/15625: 4,063,232/16,000,000 (1,536 pos/s)
[r0] stream batch 3872/15625: 3,964,928/16,000,000 (1,495 pos/s)
[r1] stream batch 3984/15625: 4,079,616/16,000,000 (1,537 pos/s)
[r0] stream batch 3888/15625: 3,981,312/16,000,000 (1,495 pos/s)
[r1] stream batch 4000/15625: 4,096,000/16,000,000 (1,538 pos/s)
[r0] stream batch 3904/15625: 3,997,696/16,000,000 (1,496 pos/s)
[r1] stream batch 4016/15625: 4,112,384/16,000,000 (1,538 pos/s)
[r0] stream batch 3920/15625: 4,014,080/16,000,000 (1,496 pos/s)
[r1] stream batch 4032/15625: 4,128,768/16,000,000 (1,539 pos/s)
[r0] stream batch 3936/15625: 4,030,464/16,000,000 (1,497 pos/s)
[r1] stream batch 4048/15625: 4,145,152/16,000,000 (1,539 pos/s)
[r1] stream batch 4064/15625: 4,161,536/16,000,000 (1,540 pos/s)
[r0] stream batch 3952/15625: 4,046,848/16,000,000 (1,497 pos/s)
[r1] stream batch 4080/15625: 4,177,920/16,000,000 (1,540 pos/s)
[r0] stream batch 3968/15625: 4,063,232/16,000,000 (1,497 pos/s)
[r1] stream batch 4096/15625: 4,194,304/16,000,000 (1,541 pos/s)
[r0] stream batch 3984/15625: 4,079,616/16,000,000 (1,498 pos/s)
[r1] stream batch 4112/15625: 4,210,688/16,000,000 (1,541 pos/s)
[r0] stream batch 4000/15625: 4,096,000/16,000,000 (1,499 pos/s)
[r1] stream batch 4128/15625: 4,227,072/16,000,000 (1,542 pos/s)
[r0] stream batch 4016/15625: 4,112,384/16,000,000 (1,499 pos/s)
[r1] stream batch 4144/15625: 4,243,456/16,000,000 (1,542 pos/s)
[r0] stream batch 4032/15625: 4,128,768/16,000,000 (1,500 pos/s)
[r1] stream batch 4160/15625: 4,259,840/16,000,000 (1,543 pos/s)
[r0] stream batch 4048/15625: 4,145,152/16,000,000 (1,500 pos/s)
[r1] stream batch 4176/15625: 4,276,224/16,000,000 (1,543 pos/s)
[r0] stream batch 4064/15625: 4,161,536/16,000,000 (1,501 pos/s)
[r1] stream batch 4192/15625: 4,292,608/16,000,000 (1,543 pos/s)
[r0] stream batch 4080/15625: 4,177,920/16,000,000 (1,502 pos/s)
[r1] stream batch 4208/15625: 4,308,992/16,000,000 (1,544 pos/s)
[r0] stream batch 4096/15625: 4,194,304/16,000,000 (1,502 pos/s)
[r1] stream batch 4224/15625: 4,325,376/16,000,000 (1,544 pos/s)
[r0] stream batch 4112/15625: 4,210,688/16,000,000 (1,502 pos/s)
[r1] stream batch 4240/15625: 4,341,760/16,000,000 (1,545 pos/s)
[r0] stream batch 4128/15625: 4,227,072/16,000,000 (1,503 pos/s)
[r1] stream batch 4256/15625: 4,358,144/16,000,000 (1,545 pos/s)
[r0] stream batch 4144/15625: 4,243,456/16,000,000 (1,503 pos/s)
[r1] stream batch 4272/15625: 4,374,528/16,000,000 (1,546 pos/s)
[r0] stream batch 4160/15625: 4,259,840/16,000,000 (1,504 pos/s)
[r1] stream batch 4288/15625: 4,390,912/16,000,000 (1,546 pos/s)
[r0] stream batch 4176/15625: 4,276,224/16,000,000 (1,504 pos/s)
[r1] stream batch 4304/15625: 4,407,296/16,000,000 (1,546 pos/s)
[r0] stream batch 4192/15625: 4,292,608/16,000,000 (1,505 pos/s)
[r1] stream batch 4320/15625: 4,423,680/16,000,000 (1,547 pos/s)
[r0] stream batch 4208/15625: 4,308,992/16,000,000 (1,505 pos/s)
[r1] stream batch 4336/15625: 4,440,064/16,000,000 (1,547 pos/s)
[r0] stream batch 4224/15625: 4,325,376/16,000,000 (1,506 pos/s)
[r1] stream batch 4352/15625: 4,456,448/16,000,000 (1,547 pos/s)
[r0] stream batch 4240/15625: 4,341,760/16,000,000 (1,506 pos/s)
[r1] stream batch 4368/15625: 4,472,832/16,000,000 (1,548 pos/s)
[r0] stream batch 4256/15625: 4,358,144/16,000,000 (1,506 pos/s)
[r1] stream batch 4384/15625: 4,489,216/16,000,000 (1,548 pos/s)
[r0] stream batch 4272/15625: 4,374,528/16,000,000 (1,507 pos/s)
[r1] stream batch 4400/15625: 4,505,600/16,000,000 (1,549 pos/s)
[r0] stream batch 4288/15625: 4,390,912/16,000,000 (1,507 pos/s)
[r1] stream batch 4416/15625: 4,521,984/16,000,000 (1,549 pos/s)
[r0] stream batch 4304/15625: 4,407,296/16,000,000 (1,508 pos/s)
[r1] stream batch 4432/15625: 4,538,368/16,000,000 (1,549 pos/s)
[r0] stream batch 4320/15625: 4,423,680/16,000,000 (1,508 pos/s)
[r1] stream batch 4448/15625: 4,554,752/16,000,000 (1,550 pos/s)
[r0] stream batch 4336/15625: 4,440,064/16,000,000 (1,508 pos/s)
[r1] stream batch 4464/15625: 4,571,136/16,000,000 (1,550 pos/s)
[r0] stream batch 4352/15625: 4,456,448/16,000,000 (1,509 pos/s)
[r1] stream batch 4480/15625: 4,587,520/16,000,000 (1,550 pos/s)
[r0] stream batch 4368/15625: 4,472,832/16,000,000 (1,509 pos/s)
[r1] stream batch 4496/15625: 4,603,904/16,000,000 (1,551 pos/s)
[r0] stream batch 4384/15625: 4,489,216/16,000,000 (1,510 pos/s)
[r1] stream batch 4512/15625: 4,620,288/16,000,000 (1,551 pos/s)
[r0] stream batch 4400/15625: 4,505,600/16,000,000 (1,510 pos/s)
[r1] stream batch 4528/15625: 4,636,672/16,000,000 (1,551 pos/s)
[r0] stream batch 4416/15625: 4,521,984/16,000,000 (1,510 pos/s)
[r1] stream batch 4544/15625: 4,653,056/16,000,000 (1,552 pos/s)
[r0] stream batch 4432/15625: 4,538,368/16,000,000 (1,511 pos/s)
[r1] stream batch 4560/15625: 4,669,440/16,000,000 (1,552 pos/s)
[r0] stream batch 4448/15625: 4,554,752/16,000,000 (1,511 pos/s)
[r1] stream batch 4576/15625: 4,685,824/16,000,000 (1,553 pos/s)
[r0] stream batch 4464/15625: 4,571,136/16,000,000 (1,511 pos/s)
[r1] stream batch 4592/15625: 4,702,208/16,000,000 (1,553 pos/s)
[r0] stream batch 4480/15625: 4,587,520/16,000,000 (1,512 pos/s)
[r1] stream batch 4608/15625: 4,718,592/16,000,000 (1,553 pos/s)
[r0] stream batch 4496/15625: 4,603,904/16,000,000 (1,512 pos/s)
[r1] stream batch 4624/15625: 4,734,976/16,000,000 (1,554 pos/s)
[r0] stream batch 4512/15625: 4,620,288/16,000,000 (1,512 pos/s)
[r1] stream batch 4640/15625: 4,751,360/16,000,000 (1,554 pos/s)
[r0] stream batch 4528/15625: 4,636,672/16,000,000 (1,513 pos/s)
[r1] stream batch 4656/15625: 4,767,744/16,000,000 (1,555 pos/s)
[r0] stream batch 4544/15625: 4,653,056/16,000,000 (1,513 pos/s)
[r1] stream batch 4672/15625: 4,784,128/16,000,000 (1,555 pos/s)
[r0] stream batch 4560/15625: 4,669,440/16,000,000 (1,513 pos/s)
[r1] stream batch 4688/15625: 4,800,512/16,000,000 (1,556 pos/s)
[r0] stream batch 4576/15625: 4,685,824/16,000,000 (1,514 pos/s)
[r1] stream batch 4704/15625: 4,816,896/16,000,000 (1,556 pos/s)
[r0] stream batch 4592/15625: 4,702,208/16,000,000 (1,514 pos/s)
[r1] stream batch 4720/15625: 4,833,280/16,000,000 (1,556 pos/s)
[r0] stream batch 4608/15625: 4,718,592/16,000,000 (1,515 pos/s)
[r1] stream batch 4736/15625: 4,849,664/16,000,000 (1,557 pos/s)
[r0] stream batch 4624/15625: 4,734,976/16,000,000 (1,515 pos/s)
[r1] stream batch 4752/15625: 4,866,048/16,000,000 (1,557 pos/s)
[r0] stream batch 4640/15625: 4,751,360/16,000,000 (1,515 pos/s)
[r1] stream batch 4768/15625: 4,882,432/16,000,000 (1,558 pos/s)
[r0] stream batch 4656/15625: 4,767,744/16,000,000 (1,516 pos/s)
[r1] stream batch 4784/15625: 4,898,816/16,000,000 (1,558 pos/s)
[r0] stream batch 4672/15625: 4,784,128/16,000,000 (1,516 pos/s)
[r1] stream batch 4800/15625: 4,915,200/16,000,000 (1,558 pos/s)
[r1] stream batch 4816/15625: 4,931,584/16,000,000 (1,559 pos/s)
[r0] stream batch 4688/15625: 4,800,512/16,000,000 (1,517 pos/s)
[r1] stream batch 4832/15625: 4,947,968/16,000,000 (1,559 pos/s)
[r0] stream batch 4704/15625: 4,816,896/16,000,000 (1,517 pos/s)
[r1] stream batch 4848/15625: 4,964,352/16,000,000 (1,560 pos/s)
[r0] stream batch 4720/15625: 4,833,280/16,000,000 (1,518 pos/s)
[r1] stream batch 4864/15625: 4,980,736/16,000,000 (1,560 pos/s)
[r0] stream batch 4736/15625: 4,849,664/16,000,000 (1,518 pos/s)
[r1] stream batch 4880/15625: 4,997,120/16,000,000 (1,560 pos/s)
[r0] stream batch 4752/15625: 4,866,048/16,000,000 (1,519 pos/s)
[r1] stream batch 4896/15625: 5,013,504/16,000,000 (1,561 pos/s)
[r0] stream batch 4768/15625: 4,882,432/16,000,000 (1,519 pos/s)
[r1] stream batch 4912/15625: 5,029,888/16,000,000 (1,561 pos/s)
[r0] stream batch 4784/15625: 4,898,816/16,000,000 (1,520 pos/s)
[r1] stream batch 4928/15625: 5,046,272/16,000,000 (1,562 pos/s)
[r0] stream batch 4800/15625: 4,915,200/16,000,000 (1,520 pos/s)
[r1] stream batch 4944/15625: 5,062,656/16,000,000 (1,562 pos/s)
[r0] stream batch 4816/15625: 4,931,584/16,000,000 (1,520 pos/s)
[r1] stream batch 4960/15625: 5,079,040/16,000,000 (1,562 pos/s)
[r0] stream batch 4832/15625: 4,947,968/16,000,000 (1,521 pos/s)
[r1] stream batch 4976/15625: 5,095,424/16,000,000 (1,563 pos/s)
[r0] stream batch 4848/15625: 4,964,352/16,000,000 (1,521 pos/s)
[r1] stream batch 4992/15625: 5,111,808/16,000,000 (1,563 pos/s)
[r0] stream batch 4864/15625: 4,980,736/16,000,000 (1,522 pos/s)
[r1] stream batch 5008/15625: 5,128,192/16,000,000 (1,564 pos/s)
[r0] stream batch 4880/15625: 4,997,120/16,000,000 (1,522 pos/s)
[r1] stream batch 5024/15625: 5,144,576/16,000,000 (1,564 pos/s)
[r0] stream batch 4896/15625: 5,013,504/16,000,000 (1,522 pos/s)
[r1] stream batch 5040/15625: 5,160,960/16,000,000 (1,564 pos/s)
[r0] stream batch 4912/15625: 5,029,888/16,000,000 (1,523 pos/s)
[r1] stream batch 5056/15625: 5,177,344/16,000,000 (1,565 pos/s)
[r0] stream batch 4928/15625: 5,046,272/16,000,000 (1,523 pos/s)
[r1] stream batch 5072/15625: 5,193,728/16,000,000 (1,565 pos/s)
[r0] stream batch 4944/15625: 5,062,656/16,000,000 (1,524 pos/s)
[r1] stream batch 5088/15625: 5,210,112/16,000,000 (1,566 pos/s)
[r0] stream batch 4960/15625: 5,079,040/16,000,000 (1,524 pos/s)
[r1] stream batch 5104/15625: 5,226,496/16,000,000 (1,566 pos/s)
[r0] stream batch 4976/15625: 5,095,424/16,000,000 (1,524 pos/s)
[r1] stream batch 5120/15625: 5,242,880/16,000,000 (1,566 pos/s)
[r0] stream batch 4992/15625: 5,111,808/16,000,000 (1,525 pos/s)
[r1] stream batch 5136/15625: 5,259,264/16,000,000 (1,567 pos/s)
[r0] stream batch 5008/15625: 5,128,192/16,000,000 (1,525 pos/s)
[r1] stream batch 5152/15625: 5,275,648/16,000,000 (1,567 pos/s)
[r0] stream batch 5024/15625: 5,144,576/16,000,000 (1,525 pos/s)
[r1] stream batch 5168/15625: 5,292,032/16,000,000 (1,567 pos/s)
[r0] stream batch 5040/15625: 5,160,960/16,000,000 (1,526 pos/s)
[r1] stream batch 5184/15625: 5,308,416/16,000,000 (1,568 pos/s)
[r0] stream batch 5056/15625: 5,177,344/16,000,000 (1,526 pos/s)
[r1] stream batch 5200/15625: 5,324,800/16,000,000 (1,568 pos/s)
[r0] stream batch 5072/15625: 5,193,728/16,000,000 (1,527 pos/s)
[r1] stream batch 5216/15625: 5,341,184/16,000,000 (1,568 pos/s)
[r0] stream batch 5088/15625: 5,210,112/16,000,000 (1,527 pos/s)
[r1] stream batch 5232/15625: 5,357,568/16,000,000 (1,569 pos/s)
[r0] stream batch 5104/15625: 5,226,496/16,000,000 (1,527 pos/s)
[r1] stream batch 5248/15625: 5,373,952/16,000,000 (1,569 pos/s)
[r0] stream batch 5120/15625: 5,242,880/16,000,000 (1,528 pos/s)
[r1] stream batch 5264/15625: 5,390,336/16,000,000 (1,570 pos/s)
[r0] stream batch 5136/15625: 5,259,264/16,000,000 (1,528 pos/s)
[r1] stream batch 5280/15625: 5,406,720/16,000,000 (1,570 pos/s)
[r0] stream batch 5152/15625: 5,275,648/16,000,000 (1,528 pos/s)
[r1] stream batch 5296/15625: 5,423,104/16,000,000 (1,570 pos/s)
[r0] stream batch 5168/15625: 5,292,032/16,000,000 (1,529 pos/s)
[r1] stream batch 5312/15625: 5,439,488/16,000,000 (1,571 pos/s)
[r0] stream batch 5184/15625: 5,308,416/16,000,000 (1,529 pos/s)
[r1] stream batch 5328/15625: 5,455,872/16,000,000 (1,571 pos/s)
[r0] stream batch 5200/15625: 5,324,800/16,000,000 (1,529 pos/s)
[r1] stream batch 5344/15625: 5,472,256/16,000,000 (1,571 pos/s)
[r0] stream batch 5216/15625: 5,341,184/16,000,000 (1,530 pos/s)
[r1] stream batch 5360/15625: 5,488,640/16,000,000 (1,572 pos/s)
[r0] stream batch 5232/15625: 5,357,568/16,000,000 (1,530 pos/s)
[r1] stream batch 5376/15625: 5,505,024/16,000,000 (1,572 pos/s)
[r0] stream batch 5248/15625: 5,373,952/16,000,000 (1,530 pos/s)
[r1] stream batch 5392/15625: 5,521,408/16,000,000 (1,572 pos/s)
[r0] stream batch 5264/15625: 5,390,336/16,000,000 (1,531 pos/s)
[r1] stream batch 5408/15625: 5,537,792/16,000,000 (1,573 pos/s)
[r0] stream batch 5280/15625: 5,406,720/16,000,000 (1,531 pos/s)
[r1] stream batch 5424/15625: 5,554,176/16,000,000 (1,573 pos/s)
[r0] stream batch 5296/15625: 5,423,104/16,000,000 (1,532 pos/s)
[r1] stream batch 5440/15625: 5,570,560/16,000,000 (1,573 pos/s)
[r1] stream batch 5456/15625: 5,586,944/16,000,000 (1,574 pos/s)
[r0] stream batch 5312/15625: 5,439,488/16,000,000 (1,532 pos/s)
[r1] stream batch 5472/15625: 5,603,328/16,000,000 (1,574 pos/s)
[r0] stream batch 5328/15625: 5,455,872/16,000,000 (1,532 pos/s)
[r1] stream batch 5488/15625: 5,619,712/16,000,000 (1,574 pos/s)
[r0] stream batch 5344/15625: 5,472,256/16,000,000 (1,532 pos/s)
[r1] stream batch 5504/15625: 5,636,096/16,000,000 (1,575 pos/s)
[r0] stream batch 5360/15625: 5,488,640/16,000,000 (1,533 pos/s)
[r1] stream batch 5520/15625: 5,652,480/16,000,000 (1,575 pos/s)
[r0] stream batch 5376/15625: 5,505,024/16,000,000 (1,533 pos/s)
[r1] stream batch 5536/15625: 5,668,864/16,000,000 (1,575 pos/s)
[r0] stream batch 5392/15625: 5,521,408/16,000,000 (1,533 pos/s)
[r1] stream batch 5552/15625: 5,685,248/16,000,000 (1,576 pos/s)
[r0] stream batch 5408/15625: 5,537,792/16,000,000 (1,533 pos/s)
[r1] stream batch 5568/15625: 5,701,632/16,000,000 (1,576 pos/s)
[r0] stream batch 5424/15625: 5,554,176/16,000,000 (1,534 pos/s)
[r1] stream batch 5584/15625: 5,718,016/16,000,000 (1,577 pos/s)
[r0] stream batch 5440/15625: 5,570,560/16,000,000 (1,534 pos/s)
[r1] stream batch 5600/15625: 5,734,400/16,000,000 (1,577 pos/s)
[r0] stream batch 5456/15625: 5,586,944/16,000,000 (1,535 pos/s)
[r1] stream batch 5616/15625: 5,750,784/16,000,000 (1,577 pos/s)
[r0] stream batch 5472/15625: 5,603,328/16,000,000 (1,535 pos/s)
[r1] stream batch 5632/15625: 5,767,168/16,000,000 (1,578 pos/s)
[r0] stream batch 5488/15625: 5,619,712/16,000,000 (1,535 pos/s)
[r1] stream batch 5648/15625: 5,783,552/16,000,000 (1,578 pos/s)
[r0] stream batch 5504/15625: 5,636,096/16,000,000 (1,536 pos/s)
[r1] stream batch 5664/15625: 5,799,936/16,000,000 (1,578 pos/s)
[r0] stream batch 5520/15625: 5,652,480/16,000,000 (1,536 pos/s)
[r1] stream batch 5680/15625: 5,816,320/16,000,000 (1,578 pos/s)
[r0] stream batch 5536/15625: 5,668,864/16,000,000 (1,536 pos/s)
[r1] stream batch 5696/15625: 5,832,704/16,000,000 (1,579 pos/s)
[r0] stream batch 5552/15625: 5,685,248/16,000,000 (1,537 pos/s)
[r1] stream batch 5712/15625: 5,849,088/16,000,000 (1,579 pos/s)
[r0] stream batch 5568/15625: 5,701,632/16,000,000 (1,537 pos/s)
[r1] stream batch 5728/15625: 5,865,472/16,000,000 (1,579 pos/s)
[r0] stream batch 5584/15625: 5,718,016/16,000,000 (1,537 pos/s)
[r1] stream batch 5744/15625: 5,881,856/16,000,000 (1,579 pos/s)
[r0] stream batch 5600/15625: 5,734,400/16,000,000 (1,538 pos/s)
[r1] stream batch 5760/15625: 5,898,240/16,000,000 (1,579 pos/s)
[r0] stream batch 5616/15625: 5,750,784/16,000,000 (1,538 pos/s)
[r1] stream batch 5776/15625: 5,914,624/16,000,000 (1,580 pos/s)
[r0] stream batch 5632/15625: 5,767,168/16,000,000 (1,538 pos/s)
[r1] stream batch 5792/15625: 5,931,008/16,000,000 (1,580 pos/s)
[r0] stream batch 5648/15625: 5,783,552/16,000,000 (1,538 pos/s)
[r1] stream batch 5808/15625: 5,947,392/16,000,000 (1,580 pos/s)
[r0] stream batch 5664/15625: 5,799,936/16,000,000 (1,538 pos/s)
[r1] stream batch 5824/15625: 5,963,776/16,000,000 (1,580 pos/s)
[r0] stream batch 5680/15625: 5,816,320/16,000,000 (1,539 pos/s)
[r1] stream batch 5840/15625: 5,980,160/16,000,000 (1,580 pos/s)
[r0] stream batch 5696/15625: 5,832,704/16,000,000 (1,539 pos/s)
[r1] stream batch 5856/15625: 5,996,544/16,000,000 (1,581 pos/s)
[r0] stream batch 5712/15625: 5,849,088/16,000,000 (1,539 pos/s)
[r1] stream batch 5872/15625: 6,012,928/16,000,000 (1,581 pos/s)
[r0] stream batch 5728/15625: 5,865,472/16,000,000 (1,539 pos/s)
[r1] stream batch 5888/15625: 6,029,312/16,000,000 (1,581 pos/s)
[r0] stream batch 5744/15625: 5,881,856/16,000,000 (1,539 pos/s)
[r1] stream batch 5904/15625: 6,045,696/16,000,000 (1,581 pos/s)
[r0] stream batch 5760/15625: 5,898,240/16,000,000 (1,539 pos/s)
[r1] stream batch 5920/15625: 6,062,080/16,000,000 (1,582 pos/s)
[r0] stream batch 5776/15625: 5,914,624/16,000,000 (1,540 pos/s)
[r1] stream batch 5936/15625: 6,078,464/16,000,000 (1,582 pos/s)
[r0] stream batch 5792/15625: 5,931,008/16,000,000 (1,540 pos/s)
[r1] stream batch 5952/15625: 6,094,848/16,000,000 (1,582 pos/s)
[r0] stream batch 5808/15625: 5,947,392/16,000,000 (1,540 pos/s)
[r1] stream batch 5968/15625: 6,111,232/16,000,000 (1,582 pos/s)
[r0] stream batch 5824/15625: 5,963,776/16,000,000 (1,540 pos/s)
[r1] stream batch 5984/15625: 6,127,616/16,000,000 (1,582 pos/s)
[r0] stream batch 5840/15625: 5,980,160/16,000,000 (1,540 pos/s)
[r1] stream batch 6000/15625: 6,144,000/16,000,000 (1,583 pos/s)
[r0] stream batch 5856/15625: 5,996,544/16,000,000 (1,541 pos/s)
[r1] stream batch 6016/15625: 6,160,384/16,000,000 (1,583 pos/s)
[r0] stream batch 5872/15625: 6,012,928/16,000,000 (1,541 pos/s)
[r1] stream batch 6032/15625: 6,176,768/16,000,000 (1,583 pos/s)
[r1] stream batch 6048/15625: 6,193,152/16,000,000 (1,584 pos/s)
[r0] stream batch 5888/15625: 6,029,312/16,000,000 (1,541 pos/s)
[r1] stream batch 6064/15625: 6,209,536/16,000,000 (1,584 pos/s)
[r0] stream batch 5904/15625: 6,045,696/16,000,000 (1,541 pos/s)
[r1] stream batch 6080/15625: 6,225,920/16,000,000 (1,584 pos/s)
[r0] stream batch 5920/15625: 6,062,080/16,000,000 (1,542 pos/s)
[r1] stream batch 6096/15625: 6,242,304/16,000,000 (1,585 pos/s)
[r0] stream batch 5936/15625: 6,078,464/16,000,000 (1,542 pos/s)
[r1] stream batch 6112/15625: 6,258,688/16,000,000 (1,585 pos/s)
[r0] stream batch 5952/15625: 6,094,848/16,000,000 (1,542 pos/s)
[r1] stream batch 6128/15625: 6,275,072/16,000,000 (1,585 pos/s)
[r0] stream batch 5968/15625: 6,111,232/16,000,000 (1,542 pos/s)
[r1] stream batch 6144/15625: 6,291,456/16,000,000 (1,585 pos/s)
[r0] stream batch 5984/15625: 6,127,616/16,000,000 (1,542 pos/s)
[r1] stream batch 6160/15625: 6,307,840/16,000,000 (1,585 pos/s)
[r0] stream batch 6000/15625: 6,144,000/16,000,000 (1,543 pos/s)
[r1] stream batch 6176/15625: 6,324,224/16,000,000 (1,585 pos/s)
[r0] stream batch 6016/15625: 6,160,384/16,000,000 (1,543 pos/s)
[r1] stream batch 6192/15625: 6,340,608/16,000,000 (1,586 pos/s)
[r0] stream batch 6032/15625: 6,176,768/16,000,000 (1,543 pos/s)
[r1] stream batch 6208/15625: 6,356,992/16,000,000 (1,586 pos/s)
[r0] stream batch 6048/15625: 6,193,152/16,000,000 (1,544 pos/s)
[r1] stream batch 6224/15625: 6,373,376/16,000,000 (1,586 pos/s)
[r0] stream batch 6064/15625: 6,209,536/16,000,000 (1,544 pos/s)
[r1] stream batch 6240/15625: 6,389,760/16,000,000 (1,586 pos/s)
[r0] stream batch 6080/15625: 6,225,920/16,000,000 (1,544 pos/s)
[r1] stream batch 6256/15625: 6,406,144/16,000,000 (1,586 pos/s)
[r0] stream batch 6096/15625: 6,242,304/16,000,000 (1,545 pos/s)
[r1] stream batch 6272/15625: 6,422,528/16,000,000 (1,587 pos/s)
[r0] stream batch 6112/15625: 6,258,688/16,000,000 (1,545 pos/s)
[r1] stream batch 6288/15625: 6,438,912/16,000,000 (1,587 pos/s)
[r0] stream batch 6128/15625: 6,275,072/16,000,000 (1,545 pos/s)
[r1] stream batch 6304/15625: 6,455,296/16,000,000 (1,587 pos/s)
[r0] stream batch 6144/15625: 6,291,456/16,000,000 (1,545 pos/s)
[r1] stream batch 6320/15625: 6,471,680/16,000,000 (1,587 pos/s)
[r0] stream batch 6160/15625: 6,307,840/16,000,000 (1,545 pos/s)
[r1] stream batch 6336/15625: 6,488,064/16,000,000 (1,588 pos/s)
[r0] stream batch 6176/15625: 6,324,224/16,000,000 (1,546 pos/s)
[r1] stream batch 6352/15625: 6,504,448/16,000,000 (1,588 pos/s)
[r0] stream batch 6192/15625: 6,340,608/16,000,000 (1,546 pos/s)
[r1] stream batch 6368/15625: 6,520,832/16,000,000 (1,588 pos/s)
[r0] stream batch 6208/15625: 6,356,992/16,000,000 (1,546 pos/s)
[r1] stream batch 6384/15625: 6,537,216/16,000,000 (1,588 pos/s)
[r0] stream batch 6224/15625: 6,373,376/16,000,000 (1,546 pos/s)
[r1] stream batch 6400/15625: 6,553,600/16,000,000 (1,589 pos/s)
[r0] stream batch 6240/15625: 6,389,760/16,000,000 (1,546 pos/s)
[r1] stream batch 6416/15625: 6,569,984/16,000,000 (1,589 pos/s)
[r0] stream batch 6256/15625: 6,406,144/16,000,000 (1,547 pos/s)
[r1] stream batch 6432/15625: 6,586,368/16,000,000 (1,589 pos/s)
[r0] stream batch 6272/15625: 6,422,528/16,000,000 (1,547 pos/s)
[r1] stream batch 6448/15625: 6,602,752/16,000,000 (1,589 pos/s)
[r0] stream batch 6288/15625: 6,438,912/16,000,000 (1,547 pos/s)
[r1] stream batch 6464/15625: 6,619,136/16,000,000 (1,589 pos/s)
[r0] stream batch 6304/15625: 6,455,296/16,000,000 (1,547 pos/s)
[r1] stream batch 6480/15625: 6,635,520/16,000,000 (1,590 pos/s)
[r0] stream batch 6320/15625: 6,471,680/16,000,000 (1,548 pos/s)
[r1] stream batch 6496/15625: 6,651,904/16,000,000 (1,590 pos/s)
[r0] stream batch 6336/15625: 6,488,064/16,000,000 (1,548 pos/s)
[r1] stream batch 6512/15625: 6,668,288/16,000,000 (1,590 pos/s)
[r0] stream batch 6352/15625: 6,504,448/16,000,000 (1,548 pos/s)
[r1] stream batch 6528/15625: 6,684,672/16,000,000 (1,590 pos/s)
[r0] stream batch 6368/15625: 6,520,832/16,000,000 (1,548 pos/s)
[r1] stream batch 6544/15625: 6,701,056/16,000,000 (1,591 pos/s)
[r0] stream batch 6384/15625: 6,537,216/16,000,000 (1,548 pos/s)
[r1] stream batch 6560/15625: 6,717,440/16,000,000 (1,591 pos/s)
[r0] stream batch 6400/15625: 6,553,600/16,000,000 (1,549 pos/s)
[r1] stream batch 6576/15625: 6,733,824/16,000,000 (1,591 pos/s)
[r0] stream batch 6416/15625: 6,569,984/16,000,000 (1,549 pos/s)
[r1] stream batch 6592/15625: 6,750,208/16,000,000 (1,591 pos/s)
[r0] stream batch 6432/15625: 6,586,368/16,000,000 (1,549 pos/s)
[r1] stream batch 6608/15625: 6,766,592/16,000,000 (1,591 pos/s)
[r0] stream batch 6448/15625: 6,602,752/16,000,000 (1,549 pos/s)
[r1] stream batch 6624/15625: 6,782,976/16,000,000 (1,592 pos/s)
[r0] stream batch 6464/15625: 6,619,136/16,000,000 (1,550 pos/s)
[r1] stream batch 6640/15625: 6,799,360/16,000,000 (1,592 pos/s)
[r0] stream batch 6480/15625: 6,635,520/16,000,000 (1,550 pos/s)
[r1] stream batch 6656/15625: 6,815,744/16,000,000 (1,592 pos/s)
[r0] stream batch 6496/15625: 6,651,904/16,000,000 (1,550 pos/s)
[r1] stream batch 6672/15625: 6,832,128/16,000,000 (1,592 pos/s)
[r0] stream batch 6512/15625: 6,668,288/16,000,000 (1,550 pos/s)
[r1] stream batch 6688/15625: 6,848,512/16,000,000 (1,592 pos/s)
[r1] stream batch 6704/15625: 6,864,896/16,000,000 (1,593 pos/s)
[r0] stream batch 6528/15625: 6,684,672/16,000,000 (1,551 pos/s)
[r1] stream batch 6720/15625: 6,881,280/16,000,000 (1,593 pos/s)
[r0] stream batch 6544/15625: 6,701,056/16,000,000 (1,551 pos/s)
[r1] stream batch 6736/15625: 6,897,664/16,000,000 (1,593 pos/s)
[r0] stream batch 6560/15625: 6,717,440/16,000,000 (1,551 pos/s)
[r1] stream batch 6752/15625: 6,914,048/16,000,000 (1,593 pos/s)
[r0] stream batch 6576/15625: 6,733,824/16,000,000 (1,551 pos/s)
[r1] stream batch 6768/15625: 6,930,432/16,000,000 (1,594 pos/s)
[r0] stream batch 6592/15625: 6,750,208/16,000,000 (1,551 pos/s)
[r1] stream batch 6784/15625: 6,946,816/16,000,000 (1,594 pos/s)
[r0] stream batch 6608/15625: 6,766,592/16,000,000 (1,552 pos/s)
[r1] stream batch 6800/15625: 6,963,200/16,000,000 (1,594 pos/s)
[r0] stream batch 6624/15625: 6,782,976/16,000,000 (1,552 pos/s)
[r1] stream batch 6816/15625: 6,979,584/16,000,000 (1,594 pos/s)
[r0] stream batch 6640/15625: 6,799,360/16,000,000 (1,552 pos/s)
[r1] stream batch 6832/15625: 6,995,968/16,000,000 (1,594 pos/s)
[r0] stream batch 6656/15625: 6,815,744/16,000,000 (1,552 pos/s)
[r1] stream batch 6848/15625: 7,012,352/16,000,000 (1,594 pos/s)
[r0] stream batch 6672/15625: 6,832,128/16,000,000 (1,552 pos/s)
[r1] stream batch 6864/15625: 7,028,736/16,000,000 (1,595 pos/s)
[r0] stream batch 6688/15625: 6,848,512/16,000,000 (1,553 pos/s)
[r1] stream batch 6880/15625: 7,045,120/16,000,000 (1,595 pos/s)
[r0] stream batch 6704/15625: 6,864,896/16,000,000 (1,553 pos/s)
[r1] stream batch 6896/15625: 7,061,504/16,000,000 (1,595 pos/s)
[r0] stream batch 6720/15625: 6,881,280/16,000,000 (1,553 pos/s)
[r1] stream batch 6912/15625: 7,077,888/16,000,000 (1,596 pos/s)
[r0] stream batch 6736/15625: 6,897,664/16,000,000 (1,553 pos/s)
[r1] stream batch 6928/15625: 7,094,272/16,000,000 (1,596 pos/s)
[r0] stream batch 6752/15625: 6,914,048/16,000,000 (1,554 pos/s)
[r1] stream batch 6944/15625: 7,110,656/16,000,000 (1,596 pos/s)
[r0] stream batch 6768/15625: 6,930,432/16,000,000 (1,554 pos/s)
[r1] stream batch 6960/15625: 7,127,040/16,000,000 (1,596 pos/s)
[r0] stream batch 6784/15625: 6,946,816/16,000,000 (1,554 pos/s)
[r1] stream batch 6976/15625: 7,143,424/16,000,000 (1,597 pos/s)
[r0] stream batch 6800/15625: 6,963,200/16,000,000 (1,554 pos/s)
[r1] stream batch 6992/15625: 7,159,808/16,000,000 (1,597 pos/s)
[r0] stream batch 6816/15625: 6,979,584/16,000,000 (1,554 pos/s)
[r1] stream batch 7008/15625: 7,176,192/16,000,000 (1,597 pos/s)
[r0] stream batch 6832/15625: 6,995,968/16,000,000 (1,555 pos/s)
[r1] stream batch 7024/15625: 7,192,576/16,000,000 (1,598 pos/s)
[r0] stream batch 6848/15625: 7,012,352/16,000,000 (1,555 pos/s)
[r1] stream batch 7040/15625: 7,208,960/16,000,000 (1,598 pos/s)
[r0] stream batch 6864/15625: 7,028,736/16,000,000 (1,555 pos/s)
[r1] stream batch 7056/15625: 7,225,344/16,000,000 (1,598 pos/s)
[r0] stream batch 6880/15625: 7,045,120/16,000,000 (1,555 pos/s)
[r1] stream batch 7072/15625: 7,241,728/16,000,000 (1,598 pos/s)
[r0] stream batch 6896/15625: 7,061,504/16,000,000 (1,556 pos/s)
[r1] stream batch 7088/15625: 7,258,112/16,000,000 (1,599 pos/s)
[r0] stream batch 6912/15625: 7,077,888/16,000,000 (1,556 pos/s)
[r1] stream batch 7104/15625: 7,274,496/16,000,000 (1,599 pos/s)
[r0] stream batch 6928/15625: 7,094,272/16,000,000 (1,556 pos/s)
[r1] stream batch 7120/15625: 7,290,880/16,000,000 (1,599 pos/s)
[r0] stream batch 6944/15625: 7,110,656/16,000,000 (1,556 pos/s)
[r1] stream batch 7136/15625: 7,307,264/16,000,000 (1,599 pos/s)
[r0] stream batch 6960/15625: 7,127,040/16,000,000 (1,557 pos/s)
[r1] stream batch 7152/15625: 7,323,648/16,000,000 (1,599 pos/s)
[r0] stream batch 6976/15625: 7,143,424/16,000,000 (1,557 pos/s)
[r1] stream batch 7168/15625: 7,340,032/16,000,000 (1,600 pos/s)
[r0] stream batch 6992/15625: 7,159,808/16,000,000 (1,557 pos/s)
[r1] stream batch 7184/15625: 7,356,416/16,000,000 (1,600 pos/s)
[r0] stream batch 7008/15625: 7,176,192/16,000,000 (1,558 pos/s)
[r1] stream batch 7200/15625: 7,372,800/16,000,000 (1,600 pos/s)
[r0] stream batch 7024/15625: 7,192,576/16,000,000 (1,558 pos/s)
[r1] stream batch 7216/15625: 7,389,184/16,000,000 (1,600 pos/s)
[r0] stream batch 7040/15625: 7,208,960/16,000,000 (1,558 pos/s)
[r1] stream batch 7232/15625: 7,405,568/16,000,000 (1,600 pos/s)
[r0] stream batch 7056/15625: 7,225,344/16,000,000 (1,559 pos/s)
[r1] stream batch 7248/15625: 7,421,952/16,000,000 (1,601 pos/s)
[r0] stream batch 7072/15625: 7,241,728/16,000,000 (1,559 pos/s)
[r1] stream batch 7264/15625: 7,438,336/16,000,000 (1,601 pos/s)
[r0] stream batch 7088/15625: 7,258,112/16,000,000 (1,559 pos/s)
[r1] stream batch 7280/15625: 7,454,720/16,000,000 (1,601 pos/s)
[r0] stream batch 7104/15625: 7,274,496/16,000,000 (1,559 pos/s)
[r1] stream batch 7296/15625: 7,471,104/16,000,000 (1,601 pos/s)
[r0] stream batch 7120/15625: 7,290,880/16,000,000 (1,559 pos/s)
[r1] stream batch 7312/15625: 7,487,488/16,000,000 (1,601 pos/s)
[r0] stream batch 7136/15625: 7,307,264/16,000,000 (1,559 pos/s)
[r1] stream batch 7328/15625: 7,503,872/16,000,000 (1,601 pos/s)
[r0] stream batch 7152/15625: 7,323,648/16,000,000 (1,560 pos/s)
[r1] stream batch 7344/15625: 7,520,256/16,000,000 (1,602 pos/s)
[r1] stream batch 7360/15625: 7,536,640/16,000,000 (1,602 pos/s)
[r0] stream batch 7168/15625: 7,340,032/16,000,000 (1,560 pos/s)
[r1] stream batch 7376/15625: 7,553,024/16,000,000 (1,602 pos/s)
[r0] stream batch 7184/15625: 7,356,416/16,000,000 (1,560 pos/s)
[r1] stream batch 7392/15625: 7,569,408/16,000,000 (1,602 pos/s)
[r0] stream batch 7200/15625: 7,372,800/16,000,000 (1,560 pos/s)
[r1] stream batch 7408/15625: 7,585,792/16,000,000 (1,602 pos/s)
[r0] stream batch 7216/15625: 7,389,184/16,000,000 (1,560 pos/s)
[r1] stream batch 7424/15625: 7,602,176/16,000,000 (1,602 pos/s)
[r0] stream batch 7232/15625: 7,405,568/16,000,000 (1,560 pos/s)
[r1] stream batch 7440/15625: 7,618,560/16,000,000 (1,602 pos/s)
[r0] stream batch 7248/15625: 7,421,952/16,000,000 (1,561 pos/s)
[r0] stream batch 7264/15625: 7,438,336/16,000,000 (1,561 pos/s)
[r1] stream batch 7456/15625: 7,634,944/16,000,000 (1,602 pos/s)
[r1] stream batch 7472/15625: 7,651,328/16,000,000 (1,603 pos/s)
[r0] stream batch 7280/15625: 7,454,720/16,000,000 (1,561 pos/s)
[r1] stream batch 7488/15625: 7,667,712/16,000,000 (1,603 pos/s)
[r0] stream batch 7296/15625: 7,471,104/16,000,000 (1,561 pos/s)
[r1] stream batch 7504/15625: 7,684,096/16,000,000 (1,603 pos/s)
[r0] stream batch 7312/15625: 7,487,488/16,000,000 (1,561 pos/s)
[r1] stream batch 7520/15625: 7,700,480/16,000,000 (1,603 pos/s)
[r0] stream batch 7328/15625: 7,503,872/16,000,000 (1,561 pos/s)
[r1] stream batch 7536/15625: 7,716,864/16,000,000 (1,603 pos/s)
[r0] stream batch 7344/15625: 7,520,256/16,000,000 (1,561 pos/s)
[r1] stream batch 7552/15625: 7,733,248/16,000,000 (1,603 pos/s)
[r0] stream batch 7360/15625: 7,536,640/16,000,000 (1,562 pos/s)
[r1] stream batch 7568/15625: 7,749,632/16,000,000 (1,603 pos/s)
[r0] stream batch 7376/15625: 7,553,024/16,000,000 (1,562 pos/s)
[r1] stream batch 7584/15625: 7,766,016/16,000,000 (1,604 pos/s)
[r0] stream batch 7392/15625: 7,569,408/16,000,000 (1,562 pos/s)
[r1] stream batch 7600/15625: 7,782,400/16,000,000 (1,604 pos/s)
[r0] stream batch 7408/15625: 7,585,792/16,000,000 (1,562 pos/s)
[r1] stream batch 7616/15625: 7,798,784/16,000,000 (1,604 pos/s)
[r0] stream batch 7424/15625: 7,602,176/16,000,000 (1,562 pos/s)
[r1] stream batch 7632/15625: 7,815,168/16,000,000 (1,604 pos/s)
[r0] stream batch 7440/15625: 7,618,560/16,000,000 (1,562 pos/s)
[r1] stream batch 7648/15625: 7,831,552/16,000,000 (1,604 pos/s)
[r0] stream batch 7456/15625: 7,634,944/16,000,000 (1,562 pos/s)
[r1] stream batch 7664/15625: 7,847,936/16,000,000 (1,604 pos/s)
[r0] stream batch 7472/15625: 7,651,328/16,000,000 (1,562 pos/s)
[r1] stream batch 7680/15625: 7,864,320/16,000,000 (1,604 pos/s)
[r0] stream batch 7488/15625: 7,667,712/16,000,000 (1,562 pos/s)
[r1] stream batch 7696/15625: 7,880,704/16,000,000 (1,605 pos/s)
[r0] stream batch 7504/15625: 7,684,096/16,000,000 (1,563 pos/s)
[r1] stream batch 7712/15625: 7,897,088/16,000,000 (1,605 pos/s)
[r0] stream batch 7520/15625: 7,700,480/16,000,000 (1,563 pos/s)
[r1] stream batch 7728/15625: 7,913,472/16,000,000 (1,605 pos/s)
[r0] stream batch 7536/15625: 7,716,864/16,000,000 (1,563 pos/s)
[r1] stream batch 7744/15625: 7,929,856/16,000,000 (1,605 pos/s)
[r0] stream batch 7552/15625: 7,733,248/16,000,000 (1,563 pos/s)
[r1] stream batch 7760/15625: 7,946,240/16,000,000 (1,605 pos/s)
[r0] stream batch 7568/15625: 7,749,632/16,000,000 (1,563 pos/s)
[r1] stream batch 7776/15625: 7,962,624/16,000,000 (1,605 pos/s)
[r0] stream batch 7584/15625: 7,766,016/16,000,000 (1,563 pos/s)
[r1] stream batch 7792/15625: 7,979,008/16,000,000 (1,605 pos/s)
[r0] stream batch 7600/15625: 7,782,400/16,000,000 (1,563 pos/s)
[r1] stream batch 7808/15625: 7,995,392/16,000,000 (1,606 pos/s)
[r0] stream batch 7616/15625: 7,798,784/16,000,000 (1,564 pos/s)
[r1] stream batch 7824/15625: 8,011,776/16,000,000 (1,606 pos/s)
[r0] stream batch 7632/15625: 7,815,168/16,000,000 (1,564 pos/s)
[r1] stream batch 7840/15625: 8,028,160/16,000,000 (1,606 pos/s)
[r0] stream batch 7648/15625: 7,831,552/16,000,000 (1,564 pos/s)
[r1] stream batch 7856/15625: 8,044,544/16,000,000 (1,606 pos/s)
[r0] stream batch 7664/15625: 7,847,936/16,000,000 (1,564 pos/s)
[r1] stream batch 7872/15625: 8,060,928/16,000,000 (1,606 pos/s)
[r0] stream batch 7680/15625: 7,864,320/16,000,000 (1,564 pos/s)
[r1] stream batch 7888/15625: 8,077,312/16,000,000 (1,607 pos/s)
[r0] stream batch 7696/15625: 7,880,704/16,000,000 (1,564 pos/s)
[r1] stream batch 7904/15625: 8,093,696/16,000,000 (1,607 pos/s)
[r1] stream batch 7920/15625: 8,110,080/16,000,000 (1,607 pos/s)
[r0] stream batch 7712/15625: 7,897,088/16,000,000 (1,564 pos/s)
[r1] stream batch 7936/15625: 8,126,464/16,000,000 (1,607 pos/s)
[r0] stream batch 7728/15625: 7,913,472/16,000,000 (1,564 pos/s)
[r1] stream batch 7952/15625: 8,142,848/16,000,000 (1,607 pos/s)
[r0] stream batch 7744/15625: 7,929,856/16,000,000 (1,565 pos/s)
[r1] stream batch 7968/15625: 8,159,232/16,000,000 (1,607 pos/s)
[r0] stream batch 7760/15625: 7,946,240/16,000,000 (1,565 pos/s)
[r1] stream batch 7984/15625: 8,175,616/16,000,000 (1,607 pos/s)
[r0] stream batch 7776/15625: 7,962,624/16,000,000 (1,565 pos/s)
[r1] stream batch 8000/15625: 8,192,000/16,000,000 (1,607 pos/s)
[r0] stream batch 7792/15625: 7,979,008/16,000,000 (1,565 pos/s)
[r1] stream batch 8016/15625: 8,208,384/16,000,000 (1,607 pos/s)
[r0] stream batch 7808/15625: 7,995,392/16,000,000 (1,565 pos/s)
[r1] stream batch 8032/15625: 8,224,768/16,000,000 (1,608 pos/s)
[r0] stream batch 7824/15625: 8,011,776/16,000,000 (1,565 pos/s)
[r1] stream batch 8048/15625: 8,241,152/16,000,000 (1,608 pos/s)
[r0] stream batch 7840/15625: 8,028,160/16,000,000 (1,566 pos/s)
[r1] stream batch 8064/15625: 8,257,536/16,000,000 (1,608 pos/s)
[r0] stream batch 7856/15625: 8,044,544/16,000,000 (1,566 pos/s)
[r1] stream batch 8080/15625: 8,273,920/16,000,000 (1,608 pos/s)
[r0] stream batch 7872/15625: 8,060,928/16,000,000 (1,566 pos/s)
[r1] stream batch 8096/15625: 8,290,304/16,000,000 (1,608 pos/s)
[r0] stream batch 7888/15625: 8,077,312/16,000,000 (1,566 pos/s)
[r1] stream batch 8112/15625: 8,306,688/16,000,000 (1,608 pos/s)
[r0] stream batch 7904/15625: 8,093,696/16,000,000 (1,566 pos/s)
[r1] stream batch 8128/15625: 8,323,072/16,000,000 (1,608 pos/s)
[r0] stream batch 7920/15625: 8,110,080/16,000,000 (1,566 pos/s)
[r1] stream batch 8144/15625: 8,339,456/16,000,000 (1,608 pos/s)
[r0] stream batch 7936/15625: 8,126,464/16,000,000 (1,566 pos/s)
[r1] stream batch 8160/15625: 8,355,840/16,000,000 (1,608 pos/s)
[r0] stream batch 7952/15625: 8,142,848/16,000,000 (1,566 pos/s)
[r1] stream batch 8176/15625: 8,372,224/16,000,000 (1,609 pos/s)
[r0] stream batch 7968/15625: 8,159,232/16,000,000 (1,566 pos/s)
[r1] stream batch 8192/15625: 8,388,608/16,000,000 (1,609 pos/s)
[r0] stream batch 7984/15625: 8,175,616/16,000,000 (1,567 pos/s)
[r1] stream batch 8208/15625: 8,404,992/16,000,000 (1,609 pos/s)
[r0] stream batch 8000/15625: 8,192,000/16,000,000 (1,567 pos/s)
[r1] stream batch 8224/15625: 8,421,376/16,000,000 (1,609 pos/s)
[r0] stream batch 8016/15625: 8,208,384/16,000,000 (1,567 pos/s)
[r1] stream batch 8240/15625: 8,437,760/16,000,000 (1,609 pos/s)
[r0] stream batch 8032/15625: 8,224,768/16,000,000 (1,567 pos/s)
[r1] stream batch 8256/15625: 8,454,144/16,000,000 (1,609 pos/s)
[r0] stream batch 8048/15625: 8,241,152/16,000,000 (1,567 pos/s)
[r1] stream batch 8272/15625: 8,470,528/16,000,000 (1,610 pos/s)
[r0] stream batch 8064/15625: 8,257,536/16,000,000 (1,567 pos/s)
[r1] stream batch 8288/15625: 8,486,912/16,000,000 (1,610 pos/s)
[r0] stream batch 8080/15625: 8,273,920/16,000,000 (1,567 pos/s)
[r1] stream batch 8304/15625: 8,503,296/16,000,000 (1,610 pos/s)
[r0] stream batch 8096/15625: 8,290,304/16,000,000 (1,567 pos/s)
[r1] stream batch 8320/15625: 8,519,680/16,000,000 (1,610 pos/s)
[r0] stream batch 8112/15625: 8,306,688/16,000,000 (1,567 pos/s)
[r1] stream batch 8336/15625: 8,536,064/16,000,000 (1,610 pos/s)
[r0] stream batch 8128/15625: 8,323,072/16,000,000 (1,568 pos/s)
[r1] stream batch 8352/15625: 8,552,448/16,000,000 (1,610 pos/s)
[r0] stream batch 8144/15625: 8,339,456/16,000,000 (1,568 pos/s)
[r1] stream batch 8368/15625: 8,568,832/16,000,000 (1,610 pos/s)
[r0] stream batch 8160/15625: 8,355,840/16,000,000 (1,568 pos/s)
[r1] stream batch 8384/15625: 8,585,216/16,000,000 (1,610 pos/s)
[r0] stream batch 8176/15625: 8,372,224/16,000,000 (1,568 pos/s)
[r1] stream batch 8400/15625: 8,601,600/16,000,000 (1,610 pos/s)
[r0] stream batch 8192/15625: 8,388,608/16,000,000 (1,568 pos/s)
[r1] stream batch 8416/15625: 8,617,984/16,000,000 (1,611 pos/s)
[r0] stream batch 8208/15625: 8,404,992/16,000,000 (1,568 pos/s)
[r1] stream batch 8432/15625: 8,634,368/16,000,000 (1,611 pos/s)
[r0] stream batch 8224/15625: 8,421,376/16,000,000 (1,569 pos/s)
[r1] stream batch 8448/15625: 8,650,752/16,000,000 (1,611 pos/s)
[r0] stream batch 8240/15625: 8,437,760/16,000,000 (1,569 pos/s)
[r1] stream batch 8464/15625: 8,667,136/16,000,000 (1,611 pos/s)
[r0] stream batch 8256/15625: 8,454,144/16,000,000 (1,569 pos/s)
[r1] stream batch 8480/15625: 8,683,520/16,000,000 (1,611 pos/s)
[r0] stream batch 8272/15625: 8,470,528/16,000,000 (1,569 pos/s)
[r1] stream batch 8496/15625: 8,699,904/16,000,000 (1,611 pos/s)
[r0] stream batch 8288/15625: 8,486,912/16,000,000 (1,569 pos/s)
[r1] stream batch 8512/15625: 8,716,288/16,000,000 (1,611 pos/s)
[r0] stream batch 8304/15625: 8,503,296/16,000,000 (1,569 pos/s)
[r1] stream batch 8528/15625: 8,732,672/16,000,000 (1,611 pos/s)
[r0] stream batch 8320/15625: 8,519,680/16,000,000 (1,569 pos/s)
[r1] stream batch 8544/15625: 8,749,056/16,000,000 (1,611 pos/s)
[r0] stream batch 8336/15625: 8,536,064/16,000,000 (1,569 pos/s)
[r1] stream batch 8560/15625: 8,765,440/16,000,000 (1,611 pos/s)
[r0] stream batch 8352/15625: 8,552,448/16,000,000 (1,570 pos/s)
[r1] stream batch 8576/15625: 8,781,824/16,000,000 (1,611 pos/s)
[r0] stream batch 8368/15625: 8,568,832/16,000,000 (1,570 pos/s)
[r1] stream batch 8592/15625: 8,798,208/16,000,000 (1,612 pos/s)
[r0] stream batch 8384/15625: 8,585,216/16,000,000 (1,570 pos/s)
[r1] stream batch 8608/15625: 8,814,592/16,000,000 (1,612 pos/s)
[r0] stream batch 8400/15625: 8,601,600/16,000,000 (1,570 pos/s)
[r1] stream batch 8624/15625: 8,830,976/16,000,000 (1,612 pos/s)
[r1] stream batch 8640/15625: 8,847,360/16,000,000 (1,612 pos/s)
[r0] stream batch 8416/15625: 8,617,984/16,000,000 (1,570 pos/s)
[r1] stream batch 8656/15625: 8,863,744/16,000,000 (1,612 pos/s)
[r0] stream batch 8432/15625: 8,634,368/16,000,000 (1,570 pos/s)
[r1] stream batch 8672/15625: 8,880,128/16,000,000 (1,612 pos/s)
[r0] stream batch 8448/15625: 8,650,752/16,000,000 (1,570 pos/s)
[r1] stream batch 8688/15625: 8,896,512/16,000,000 (1,612 pos/s)
[r0] stream batch 8464/15625: 8,667,136/16,000,000 (1,570 pos/s)
[r1] stream batch 8704/15625: 8,912,896/16,000,000 (1,613 pos/s)
[r0] stream batch 8480/15625: 8,683,520/16,000,000 (1,570 pos/s)
[r1] stream batch 8720/15625: 8,929,280/16,000,000 (1,613 pos/s)
[r0] stream batch 8496/15625: 8,699,904/16,000,000 (1,570 pos/s)
[r1] stream batch 8736/15625: 8,945,664/16,000,000 (1,613 pos/s)
[r0] stream batch 8512/15625: 8,716,288/16,000,000 (1,570 pos/s)
[r1] stream batch 8752/15625: 8,962,048/16,000,000 (1,613 pos/s)
[r0] stream batch 8528/15625: 8,732,672/16,000,000 (1,571 pos/s)
[r1] stream batch 8768/15625: 8,978,432/16,000,000 (1,613 pos/s)
[r0] stream batch 8544/15625: 8,749,056/16,000,000 (1,571 pos/s)
[r1] stream batch 8784/15625: 8,994,816/16,000,000 (1,613 pos/s)
[r0] stream batch 8560/15625: 8,765,440/16,000,000 (1,571 pos/s)
[r1] stream batch 8800/15625: 9,011,200/16,000,000 (1,613 pos/s)
[r0] stream batch 8576/15625: 8,781,824/16,000,000 (1,571 pos/s)
[r1] stream batch 8816/15625: 9,027,584/16,000,000 (1,613 pos/s)
[r0] stream batch 8592/15625: 8,798,208/16,000,000 (1,571 pos/s)
[r1] stream batch 8832/15625: 9,043,968/16,000,000 (1,614 pos/s)
[r0] stream batch 8608/15625: 8,814,592/16,000,000 (1,571 pos/s)
[r1] stream batch 8848/15625: 9,060,352/16,000,000 (1,614 pos/s)
[r0] stream batch 8624/15625: 8,830,976/16,000,000 (1,571 pos/s)
[r1] stream batch 8864/15625: 9,076,736/16,000,000 (1,614 pos/s)
[r0] stream batch 8640/15625: 8,847,360/16,000,000 (1,572 pos/s)
[r1] stream batch 8880/15625: 9,093,120/16,000,000 (1,614 pos/s)
[r0] stream batch 8656/15625: 8,863,744/16,000,000 (1,572 pos/s)
[r1] stream batch 8896/15625: 9,109,504/16,000,000 (1,614 pos/s)
[r0] stream batch 8672/15625: 8,880,128/16,000,000 (1,572 pos/s)
[r1] stream batch 8912/15625: 9,125,888/16,000,000 (1,614 pos/s)
[r0] stream batch 8688/15625: 8,896,512/16,000,000 (1,572 pos/s)
[r1] stream batch 8928/15625: 9,142,272/16,000,000 (1,614 pos/s)
[r0] stream batch 8704/15625: 8,912,896/16,000,000 (1,572 pos/s)
[r1] stream batch 8944/15625: 9,158,656/16,000,000 (1,614 pos/s)
[r0] stream batch 8720/15625: 8,929,280/16,000,000 (1,572 pos/s)
[r1] stream batch 8960/15625: 9,175,040/16,000,000 (1,615 pos/s)
[r0] stream batch 8736/15625: 8,945,664/16,000,000 (1,572 pos/s)
[r1] stream batch 8976/15625: 9,191,424/16,000,000 (1,615 pos/s)
[r0] stream batch 8752/15625: 8,962,048/16,000,000 (1,573 pos/s)
[r1] stream batch 8992/15625: 9,207,808/16,000,000 (1,615 pos/s)
[r0] stream batch 8768/15625: 8,978,432/16,000,000 (1,573 pos/s)
[r1] stream batch 9008/15625: 9,224,192/16,000,000 (1,615 pos/s)
[r0] stream batch 8784/15625: 8,994,816/16,000,000 (1,573 pos/s)
[r1] stream batch 9024/15625: 9,240,576/16,000,000 (1,615 pos/s)
[r0] stream batch 8800/15625: 9,011,200/16,000,000 (1,573 pos/s)
[r1] stream batch 9040/15625: 9,256,960/16,000,000 (1,615 pos/s)
[r0] stream batch 8816/15625: 9,027,584/16,000,000 (1,573 pos/s)
[r1] stream batch 9056/15625: 9,273,344/16,000,000 (1,615 pos/s)
[r0] stream batch 8832/15625: 9,043,968/16,000,000 (1,573 pos/s)
[r1] stream batch 9072/15625: 9,289,728/16,000,000 (1,615 pos/s)
[r0] stream batch 8848/15625: 9,060,352/16,000,000 (1,573 pos/s)
[r1] stream batch 9088/15625: 9,306,112/16,000,000 (1,616 pos/s)
[r0] stream batch 8864/15625: 9,076,736/16,000,000 (1,574 pos/s)
[r1] stream batch 9104/15625: 9,322,496/16,000,000 (1,616 pos/s)
[r0] stream batch 8880/15625: 9,093,120/16,000,000 (1,574 pos/s)
[r1] stream batch 9120/15625: 9,338,880/16,000,000 (1,616 pos/s)
[r0] stream batch 8896/15625: 9,109,504/16,000,000 (1,574 pos/s)
[r1] stream batch 9136/15625: 9,355,264/16,000,000 (1,616 pos/s)
[r0] stream batch 8912/15625: 9,125,888/16,000,000 (1,574 pos/s)
[r1] stream batch 9152/15625: 9,371,648/16,000,000 (1,616 pos/s)
[r0] stream batch 8928/15625: 9,142,272/16,000,000 (1,574 pos/s)
[r1] stream batch 9168/15625: 9,388,032/16,000,000 (1,616 pos/s)
[r0] stream batch 8944/15625: 9,158,656/16,000,000 (1,574 pos/s)
[r1] stream batch 9184/15625: 9,404,416/16,000,000 (1,617 pos/s)
[r0] stream batch 8960/15625: 9,175,040/16,000,000 (1,574 pos/s)
[r1] stream batch 9200/15625: 9,420,800/16,000,000 (1,617 pos/s)
[r0] stream batch 8976/15625: 9,191,424/16,000,000 (1,574 pos/s)
[r1] stream batch 9216/15625: 9,437,184/16,000,000 (1,617 pos/s)
[r0] stream batch 8992/15625: 9,207,808/16,000,000 (1,575 pos/s)
[r1] stream batch 9232/15625: 9,453,568/16,000,000 (1,617 pos/s)
[r0] stream batch 9008/15625: 9,224,192/16,000,000 (1,575 pos/s)
[r1] stream batch 9248/15625: 9,469,952/16,000,000 (1,617 pos/s)
[r0] stream batch 9024/15625: 9,240,576/16,000,000 (1,575 pos/s)
[r1] stream batch 9264/15625: 9,486,336/16,000,000 (1,617 pos/s)
[r0] stream batch 9040/15625: 9,256,960/16,000,000 (1,575 pos/s)
[r1] stream batch 9280/15625: 9,502,720/16,000,000 (1,617 pos/s)
[r0] stream batch 9056/15625: 9,273,344/16,000,000 (1,575 pos/s)
[r1] stream batch 9296/15625: 9,519,104/16,000,000 (1,617 pos/s)
[r0] stream batch 9072/15625: 9,289,728/16,000,000 (1,575 pos/s)
[r1] stream batch 9312/15625: 9,535,488/16,000,000 (1,617 pos/s)
[r0] stream batch 9088/15625: 9,306,112/16,000,000 (1,575 pos/s)
[r1] stream batch 9328/15625: 9,551,872/16,000,000 (1,617 pos/s)
[r0] stream batch 9104/15625: 9,322,496/16,000,000 (1,576 pos/s)
[r1] stream batch 9344/15625: 9,568,256/16,000,000 (1,617 pos/s)
[r0] stream batch 9120/15625: 9,338,880/16,000,000 (1,576 pos/s)
[r1] stream batch 9360/15625: 9,584,640/16,000,000 (1,617 pos/s)
[r0] stream batch 9136/15625: 9,355,264/16,000,000 (1,576 pos/s)
[r1] stream batch 9376/15625: 9,601,024/16,000,000 (1,617 pos/s)
[r0] stream batch 9152/15625: 9,371,648/16,000,000 (1,576 pos/s)
[r1] stream batch 9392/15625: 9,617,408/16,000,000 (1,618 pos/s)
[r0] stream batch 9168/15625: 9,388,032/16,000,000 (1,576 pos/s)
[r1] stream batch 9408/15625: 9,633,792/16,000,000 (1,618 pos/s)
[r0] stream batch 9184/15625: 9,404,416/16,000,000 (1,577 pos/s)
[r1] stream batch 9424/15625: 9,650,176/16,000,000 (1,618 pos/s)
[r0] stream batch 9200/15625: 9,420,800/16,000,000 (1,577 pos/s)
[r1] stream batch 9440/15625: 9,666,560/16,000,000 (1,618 pos/s)
[r0] stream batch 9216/15625: 9,437,184/16,000,000 (1,577 pos/s)
[r1] stream batch 9456/15625: 9,682,944/16,000,000 (1,618 pos/s)
[r0] stream batch 9232/15625: 9,453,568/16,000,000 (1,577 pos/s)
[r1] stream batch 9472/15625: 9,699,328/16,000,000 (1,618 pos/s)
[r0] stream batch 9248/15625: 9,469,952/16,000,000 (1,577 pos/s)
[r1] stream batch 9488/15625: 9,715,712/16,000,000 (1,618 pos/s)
[r0] stream batch 9264/15625: 9,486,336/16,000,000 (1,577 pos/s)
[r1] stream batch 9504/15625: 9,732,096/16,000,000 (1,618 pos/s)
[r1] stream batch 9520/15625: 9,748,480/16,000,000 (1,618 pos/s)
[r0] stream batch 9280/15625: 9,502,720/16,000,000 (1,577 pos/s)
[r1] stream batch 9536/15625: 9,764,864/16,000,000 (1,618 pos/s)
[r0] stream batch 9296/15625: 9,519,104/16,000,000 (1,577 pos/s)
[r1] stream batch 9552/15625: 9,781,248/16,000,000 (1,619 pos/s)
[r0] stream batch 9312/15625: 9,535,488/16,000,000 (1,577 pos/s)
[r1] stream batch 9568/15625: 9,797,632/16,000,000 (1,619 pos/s)
[r0] stream batch 9328/15625: 9,551,872/16,000,000 (1,577 pos/s)
[r1] stream batch 9584/15625: 9,814,016/16,000,000 (1,619 pos/s)
[r0] stream batch 9344/15625: 9,568,256/16,000,000 (1,577 pos/s)
[r1] stream batch 9600/15625: 9,830,400/16,000,000 (1,619 pos/s)
[r0] stream batch 9360/15625: 9,584,640/16,000,000 (1,577 pos/s)
[r1] stream batch 9616/15625: 9,846,784/16,000,000 (1,619 pos/s)
[r0] stream batch 9376/15625: 9,601,024/16,000,000 (1,578 pos/s)
[r1] stream batch 9632/15625: 9,863,168/16,000,000 (1,619 pos/s)
[r0] stream batch 9392/15625: 9,617,408/16,000,000 (1,578 pos/s)
[r1] stream batch 9648/15625: 9,879,552/16,000,000 (1,619 pos/s)
[r0] stream batch 9408/15625: 9,633,792/16,000,000 (1,578 pos/s)
[r1] stream batch 9664/15625: 9,895,936/16,000,000 (1,619 pos/s)
[r0] stream batch 9424/15625: 9,650,176/16,000,000 (1,578 pos/s)
[r1] stream batch 9680/15625: 9,912,320/16,000,000 (1,620 pos/s)
[r0] stream batch 9440/15625: 9,666,560/16,000,000 (1,578 pos/s)
[r1] stream batch 9696/15625: 9,928,704/16,000,000 (1,620 pos/s)
[r0] stream batch 9456/15625: 9,682,944/16,000,000 (1,578 pos/s)
[r1] stream batch 9712/15625: 9,945,088/16,000,000 (1,620 pos/s)
[r0] stream batch 9472/15625: 9,699,328/16,000,000 (1,578 pos/s)
[r1] stream batch 9728/15625: 9,961,472/16,000,000 (1,620 pos/s)
[r0] stream batch 9488/15625: 9,715,712/16,000,000 (1,578 pos/s)
[r1] stream batch 9744/15625: 9,977,856/16,000,000 (1,620 pos/s)
[r0] stream batch 9504/15625: 9,732,096/16,000,000 (1,578 pos/s)
[r1] stream batch 9760/15625: 9,994,240/16,000,000 (1,620 pos/s)
[r0] stream batch 9520/15625: 9,748,480/16,000,000 (1,578 pos/s)
[r1] stream batch 9776/15625: 10,010,624/16,000,000 (1,620 pos/s)
[r0] stream batch 9536/15625: 9,764,864/16,000,000 (1,579 pos/s)
[r1] stream batch 9792/15625: 10,027,008/16,000,000 (1,620 pos/s)
[r0] stream batch 9552/15625: 9,781,248/16,000,000 (1,579 pos/s)
[r1] stream batch 9808/15625: 10,043,392/16,000,000 (1,620 pos/s)
[r0] stream batch 9568/15625: 9,797,632/16,000,000 (1,579 pos/s)
[r1] stream batch 9824/15625: 10,059,776/16,000,000 (1,620 pos/s)
[r0] stream batch 9584/15625: 9,814,016/16,000,000 (1,579 pos/s)
[r1] stream batch 9840/15625: 10,076,160/16,000,000 (1,620 pos/s)
[r0] stream batch 9600/15625: 9,830,400/16,000,000 (1,579 pos/s)
[r1] stream batch 9856/15625: 10,092,544/16,000,000 (1,620 pos/s)
[r0] stream batch 9616/15625: 9,846,784/16,000,000 (1,579 pos/s)
[r1] stream batch 9872/15625: 10,108,928/16,000,000 (1,621 pos/s)
[r0] stream batch 9632/15625: 9,863,168/16,000,000 (1,579 pos/s)
[r1] stream batch 9888/15625: 10,125,312/16,000,000 (1,621 pos/s)
[r0] stream batch 9648/15625: 9,879,552/16,000,000 (1,580 pos/s)
[r1] stream batch 9904/15625: 10,141,696/16,000,000 (1,621 pos/s)
[r0] stream batch 9664/15625: 9,895,936/16,000,000 (1,580 pos/s)
[r1] stream batch 9920/15625: 10,158,080/16,000,000 (1,621 pos/s)
[r0] stream batch 9680/15625: 9,912,320/16,000,000 (1,580 pos/s)
[r1] stream batch 9936/15625: 10,174,464/16,000,000 (1,621 pos/s)
[r0] stream batch 9696/15625: 9,928,704/16,000,000 (1,580 pos/s)
[r1] stream batch 9952/15625: 10,190,848/16,000,000 (1,621 pos/s)
[r0] stream batch 9712/15625: 9,945,088/16,000,000 (1,580 pos/s)
[r1] stream batch 9968/15625: 10,207,232/16,000,000 (1,621 pos/s)
[r0] stream batch 9728/15625: 9,961,472/16,000,000 (1,580 pos/s)
[r1] stream batch 9984/15625: 10,223,616/16,000,000 (1,621 pos/s)
[r0] stream batch 9744/15625: 9,977,856/16,000,000 (1,580 pos/s)
[r1] stream batch 10000/15625: 10,240,000/16,000,000 (1,621 pos/s)
[r0] stream batch 9760/15625: 9,994,240/16,000,000 (1,580 pos/s)
[r1] stream batch 10016/15625: 10,256,384/16,000,000 (1,621 pos/s)
[r0] stream batch 9776/15625: 10,010,624/16,000,000 (1,580 pos/s)
[r1] stream batch 10032/15625: 10,272,768/16,000,000 (1,621 pos/s)
[r0] stream batch 9792/15625: 10,027,008/16,000,000 (1,580 pos/s)
[r1] stream batch 10048/15625: 10,289,152/16,000,000 (1,621 pos/s)
[r0] stream batch 9808/15625: 10,043,392/16,000,000 (1,580 pos/s)
[r1] stream batch 10064/15625: 10,305,536/16,000,000 (1,621 pos/s)
[r0] stream batch 9824/15625: 10,059,776/16,000,000 (1,581 pos/s)
[r1] stream batch 10080/15625: 10,321,920/16,000,000 (1,622 pos/s)
[r0] stream batch 9840/15625: 10,076,160/16,000,000 (1,581 pos/s)
[r1] stream batch 10096/15625: 10,338,304/16,000,000 (1,622 pos/s)
[r0] stream batch 9856/15625: 10,092,544/16,000,000 (1,581 pos/s)
[r1] stream batch 10112/15625: 10,354,688/16,000,000 (1,622 pos/s)
[r0] stream batch 9872/15625: 10,108,928/16,000,000 (1,581 pos/s)
[r1] stream batch 10128/15625: 10,371,072/16,000,000 (1,622 pos/s)
[r0] stream batch 9888/15625: 10,125,312/16,000,000 (1,581 pos/s)
[r1] stream batch 10144/15625: 10,387,456/16,000,000 (1,622 pos/s)
[r0] stream batch 9904/15625: 10,141,696/16,000,000 (1,581 pos/s)
[r1] stream batch 10160/15625: 10,403,840/16,000,000 (1,622 pos/s)
[r1] stream batch 10176/15625: 10,420,224/16,000,000 (1,622 pos/s)
[r0] stream batch 9920/15625: 10,158,080/16,000,000 (1,581 pos/s)
[r1] stream batch 10192/15625: 10,436,608/16,000,000 (1,622 pos/s)
[r0] stream batch 9936/15625: 10,174,464/16,000,000 (1,581 pos/s)
[r1] stream batch 10208/15625: 10,452,992/16,000,000 (1,622 pos/s)
[r0] stream batch 9952/15625: 10,190,848/16,000,000 (1,581 pos/s)
[r1] stream batch 10224/15625: 10,469,376/16,000,000 (1,622 pos/s)
[r0] stream batch 9968/15625: 10,207,232/16,000,000 (1,581 pos/s)
[r1] stream batch 10240/15625: 10,485,760/16,000,000 (1,622 pos/s)
[r0] stream batch 9984/15625: 10,223,616/16,000,000 (1,581 pos/s)
[r1] stream batch 10256/15625: 10,502,144/16,000,000 (1,623 pos/s)
[r0] stream batch 10000/15625: 10,240,000/16,000,000 (1,581 pos/s)
[r1] stream batch 10272/15625: 10,518,528/16,000,000 (1,623 pos/s)
[r0] stream batch 10016/15625: 10,256,384/16,000,000 (1,581 pos/s)
[r1] stream batch 10288/15625: 10,534,912/16,000,000 (1,623 pos/s)
[r0] stream batch 10032/15625: 10,272,768/16,000,000 (1,581 pos/s)
[r1] stream batch 10304/15625: 10,551,296/16,000,000 (1,623 pos/s)
[r0] stream batch 10048/15625: 10,289,152/16,000,000 (1,581 pos/s)
[r1] stream batch 10320/15625: 10,567,680/16,000,000 (1,623 pos/s)
[r0] stream batch 10064/15625: 10,305,536/16,000,000 (1,582 pos/s)
[r1] stream batch 10336/15625: 10,584,064/16,000,000 (1,623 pos/s)
[r0] stream batch 10080/15625: 10,321,920/16,000,000 (1,582 pos/s)
[r1] stream batch 10352/15625: 10,600,448/16,000,000 (1,623 pos/s)
[r0] stream batch 10096/15625: 10,338,304/16,000,000 (1,582 pos/s)
[r1] stream batch 10368/15625: 10,616,832/16,000,000 (1,623 pos/s)
[r0] stream batch 10112/15625: 10,354,688/16,000,000 (1,582 pos/s)
[r1] stream batch 10384/15625: 10,633,216/16,000,000 (1,623 pos/s)
[r0] stream batch 10128/15625: 10,371,072/16,000,000 (1,582 pos/s)
[r1] stream batch 10400/15625: 10,649,600/16,000,000 (1,623 pos/s)
[r0] stream batch 10144/15625: 10,387,456/16,000,000 (1,582 pos/s)
[r1] stream batch 10416/15625: 10,665,984/16,000,000 (1,623 pos/s)
[r0] stream batch 10160/15625: 10,403,840/16,000,000 (1,582 pos/s)
[r1] stream batch 10432/15625: 10,682,368/16,000,000 (1,624 pos/s)
[r0] stream batch 10176/15625: 10,420,224/16,000,000 (1,582 pos/s)
[r1] stream batch 10448/15625: 10,698,752/16,000,000 (1,624 pos/s)
[r0] stream batch 10192/15625: 10,436,608/16,000,000 (1,582 pos/s)
[r1] stream batch 10464/15625: 10,715,136/16,000,000 (1,624 pos/s)
[r0] stream batch 10208/15625: 10,452,992/16,000,000 (1,582 pos/s)
[r1] stream batch 10480/15625: 10,731,520/16,000,000 (1,624 pos/s)
[r0] stream batch 10224/15625: 10,469,376/16,000,000 (1,582 pos/s)
[r1] stream batch 10496/15625: 10,747,904/16,000,000 (1,624 pos/s)
[r0] stream batch 10240/15625: 10,485,760/16,000,000 (1,582 pos/s)
[r1] stream batch 10512/15625: 10,764,288/16,000,000 (1,624 pos/s)
[r0] stream batch 10256/15625: 10,502,144/16,000,000 (1,583 pos/s)
[r1] stream batch 10528/15625: 10,780,672/16,000,000 (1,624 pos/s)
[r0] stream batch 10272/15625: 10,518,528/16,000,000 (1,583 pos/s)
[r1] stream batch 10544/15625: 10,797,056/16,000,000 (1,624 pos/s)
[r0] stream batch 10288/15625: 10,534,912/16,000,000 (1,583 pos/s)
[r1] stream batch 10560/15625: 10,813,440/16,000,000 (1,624 pos/s)
[r0] stream batch 10304/15625: 10,551,296/16,000,000 (1,583 pos/s)
[r1] stream batch 10576/15625: 10,829,824/16,000,000 (1,625 pos/s)
[r0] stream batch 10320/15625: 10,567,680/16,000,000 (1,583 pos/s)
[r1] stream batch 10592/15625: 10,846,208/16,000,000 (1,625 pos/s)
[r0] stream batch 10336/15625: 10,584,064/16,000,000 (1,583 pos/s)
[r1] stream batch 10608/15625: 10,862,592/16,000,000 (1,625 pos/s)
[r0] stream batch 10352/15625: 10,600,448/16,000,000 (1,583 pos/s)
[r1] stream batch 10624/15625: 10,878,976/16,000,000 (1,625 pos/s)
[r0] stream batch 10368/15625: 10,616,832/16,000,000 (1,583 pos/s)
[r1] stream batch 10640/15625: 10,895,360/16,000,000 (1,625 pos/s)
[r0] stream batch 10384/15625: 10,633,216/16,000,000 (1,583 pos/s)
[r1] stream batch 10656/15625: 10,911,744/16,000,000 (1,625 pos/s)
[r0] stream batch 10400/15625: 10,649,600/16,000,000 (1,584 pos/s)
[r1] stream batch 10672/15625: 10,928,128/16,000,000 (1,625 pos/s)
[r1] stream batch 10688/15625: 10,944,512/16,000,000 (1,625 pos/s)
[r0] stream batch 10416/15625: 10,665,984/16,000,000 (1,584 pos/s)
[r1] stream batch 10704/15625: 10,960,896/16,000,000 (1,625 pos/s)
[r0] stream batch 10432/15625: 10,682,368/16,000,000 (1,584 pos/s)
[r1] stream batch 10720/15625: 10,977,280/16,000,000 (1,626 pos/s)
[r0] stream batch 10448/15625: 10,698,752/16,000,000 (1,584 pos/s)
[r1] stream batch 10736/15625: 10,993,664/16,000,000 (1,626 pos/s)
[r0] stream batch 10464/15625: 10,715,136/16,000,000 (1,584 pos/s)
[r1] stream batch 10752/15625: 11,010,048/16,000,000 (1,626 pos/s)
[r0] stream batch 10480/15625: 10,731,520/16,000,000 (1,584 pos/s)
[r1] stream batch 10768/15625: 11,026,432/16,000,000 (1,626 pos/s)
[r0] stream batch 10496/15625: 10,747,904/16,000,000 (1,584 pos/s)
[r1] stream batch 10784/15625: 11,042,816/16,000,000 (1,626 pos/s)
[r0] stream batch 10512/15625: 10,764,288/16,000,000 (1,584 pos/s)
[r1] stream batch 10800/15625: 11,059,200/16,000,000 (1,626 pos/s)
[r0] stream batch 10528/15625: 10,780,672/16,000,000 (1,585 pos/s)
[r1] stream batch 10816/15625: 11,075,584/16,000,000 (1,626 pos/s)
[r0] stream batch 10544/15625: 10,797,056/16,000,000 (1,585 pos/s)
[r1] stream batch 10832/15625: 11,091,968/16,000,000 (1,626 pos/s)
[r0] stream batch 10560/15625: 10,813,440/16,000,000 (1,585 pos/s)
[r1] stream batch 10848/15625: 11,108,352/16,000,000 (1,626 pos/s)
[r0] stream batch 10576/15625: 10,829,824/16,000,000 (1,585 pos/s)
[r1] stream batch 10864/15625: 11,124,736/16,000,000 (1,627 pos/s)
[r0] stream batch 10592/15625: 10,846,208/16,000,000 (1,585 pos/s)
[r1] stream batch 10880/15625: 11,141,120/16,000,000 (1,627 pos/s)
[r0] stream batch 10608/15625: 10,862,592/16,000,000 (1,585 pos/s)
[r1] stream batch 10896/15625: 11,157,504/16,000,000 (1,627 pos/s)
[r0] stream batch 10624/15625: 10,878,976/16,000,000 (1,585 pos/s)
[r1] stream batch 10912/15625: 11,173,888/16,000,000 (1,627 pos/s)
[r0] stream batch 10640/15625: 10,895,360/16,000,000 (1,585 pos/s)
[r1] stream batch 10928/15625: 11,190,272/16,000,000 (1,627 pos/s)
[r0] stream batch 10656/15625: 10,911,744/16,000,000 (1,585 pos/s)
[r1] stream batch 10944/15625: 11,206,656/16,000,000 (1,627 pos/s)
[r0] stream batch 10672/15625: 10,928,128/16,000,000 (1,586 pos/s)
[r1] stream batch 10960/15625: 11,223,040/16,000,000 (1,627 pos/s)
[r0] stream batch 10688/15625: 10,944,512/16,000,000 (1,586 pos/s)
[r1] stream batch 10976/15625: 11,239,424/16,000,000 (1,627 pos/s)
[r0] stream batch 10704/15625: 10,960,896/16,000,000 (1,586 pos/s)
[r1] stream batch 10992/15625: 11,255,808/16,000,000 (1,628 pos/s)
[r0] stream batch 10720/15625: 10,977,280/16,000,000 (1,586 pos/s)
[r1] stream batch 11008/15625: 11,272,192/16,000,000 (1,628 pos/s)
[r0] stream batch 10736/15625: 10,993,664/16,000,000 (1,586 pos/s)
[r1] stream batch 11024/15625: 11,288,576/16,000,000 (1,628 pos/s)
[r0] stream batch 10752/15625: 11,010,048/16,000,000 (1,586 pos/s)
[r1] stream batch 11040/15625: 11,304,960/16,000,000 (1,628 pos/s)
[r0] stream batch 10768/15625: 11,026,432/16,000,000 (1,586 pos/s)
[r1] stream batch 11056/15625: 11,321,344/16,000,000 (1,628 pos/s)
[r0] stream batch 10784/15625: 11,042,816/16,000,000 (1,586 pos/s)
[r1] stream batch 11072/15625: 11,337,728/16,000,000 (1,628 pos/s)
[r0] stream batch 10800/15625: 11,059,200/16,000,000 (1,586 pos/s)
[r1] stream batch 11088/15625: 11,354,112/16,000,000 (1,628 pos/s)
[r0] stream batch 10816/15625: 11,075,584/16,000,000 (1,587 pos/s)
[r1] stream batch 11104/15625: 11,370,496/16,000,000 (1,628 pos/s)
[r0] stream batch 10832/15625: 11,091,968/16,000,000 (1,587 pos/s)
[r1] stream batch 11120/15625: 11,386,880/16,000,000 (1,628 pos/s)
[r0] stream batch 10848/15625: 11,108,352/16,000,000 (1,587 pos/s)
[r1] stream batch 11136/15625: 11,403,264/16,000,000 (1,629 pos/s)
[r0] stream batch 10864/15625: 11,124,736/16,000,000 (1,587 pos/s)
[r1] stream batch 11152/15625: 11,419,648/16,000,000 (1,629 pos/s)
[r0] stream batch 10880/15625: 11,141,120/16,000,000 (1,587 pos/s)
[r1] stream batch 11168/15625: 11,436,032/16,000,000 (1,629 pos/s)
[r0] stream batch 10896/15625: 11,157,504/16,000,000 (1,587 pos/s)
[r1] stream batch 11184/15625: 11,452,416/16,000,000 (1,629 pos/s)
[r0] stream batch 10912/15625: 11,173,888/16,000,000 (1,587 pos/s)
[r1] stream batch 11200/15625: 11,468,800/16,000,000 (1,629 pos/s)
[r0] stream batch 10928/15625: 11,190,272/16,000,000 (1,588 pos/s)
[r1] stream batch 11216/15625: 11,485,184/16,000,000 (1,629 pos/s)
[r0] stream batch 10944/15625: 11,206,656/16,000,000 (1,588 pos/s)
[r1] stream batch 11232/15625: 11,501,568/16,000,000 (1,629 pos/s)
[r0] stream batch 10960/15625: 11,223,040/16,000,000 (1,588 pos/s)
[r1] stream batch 11248/15625: 11,517,952/16,000,000 (1,629 pos/s)
[r0] stream batch 10976/15625: 11,239,424/16,000,000 (1,588 pos/s)
[r1] stream batch 11264/15625: 11,534,336/16,000,000 (1,629 pos/s)
[r0] stream batch 10992/15625: 11,255,808/16,000,000 (1,588 pos/s)
[r1] stream batch 11280/15625: 11,550,720/16,000,000 (1,630 pos/s)
[r0] stream batch 11008/15625: 11,272,192/16,000,000 (1,588 pos/s)
[r1] stream batch 11296/15625: 11,567,104/16,000,000 (1,630 pos/s)
[r0] stream batch 11024/15625: 11,288,576/16,000,000 (1,588 pos/s)
[r1] stream batch 11312/15625: 11,583,488/16,000,000 (1,630 pos/s)
[r0] stream batch 11040/15625: 11,304,960/16,000,000 (1,588 pos/s)
[r1] stream batch 11328/15625: 11,599,872/16,000,000 (1,630 pos/s)
[r0] stream batch 11056/15625: 11,321,344/16,000,000 (1,588 pos/s)
[r1] stream batch 11344/15625: 11,616,256/16,000,000 (1,630 pos/s)
[r1] stream batch 11360/15625: 11,632,640/16,000,000 (1,630 pos/s)
[r0] stream batch 11072/15625: 11,337,728/16,000,000 (1,589 pos/s)
[r1] stream batch 11376/15625: 11,649,024/16,000,000 (1,630 pos/s)
[r0] stream batch 11088/15625: 11,354,112/16,000,000 (1,589 pos/s)
[r1] stream batch 11392/15625: 11,665,408/16,000,000 (1,630 pos/s)
[r0] stream batch 11104/15625: 11,370,496/16,000,000 (1,589 pos/s)
[r1] stream batch 11408/15625: 11,681,792/16,000,000 (1,630 pos/s)
[r0] stream batch 11120/15625: 11,386,880/16,000,000 (1,589 pos/s)
[r1] stream batch 11424/15625: 11,698,176/16,000,000 (1,630 pos/s)
[r0] stream batch 11136/15625: 11,403,264/16,000,000 (1,589 pos/s)
[r1] stream batch 11440/15625: 11,714,560/16,000,000 (1,630 pos/s)
[r0] stream batch 11152/15625: 11,419,648/16,000,000 (1,589 pos/s)
[r0] stream batch 11168/15625: 11,436,032/16,000,000 (1,589 pos/s)
[r1] stream batch 11456/15625: 11,730,944/16,000,000 (1,630 pos/s)
[r0] stream batch 11184/15625: 11,452,416/16,000,000 (1,589 pos/s)
[r1] stream batch 11472/15625: 11,747,328/16,000,000 (1,630 pos/s)
[r0] stream batch 11200/15625: 11,468,800/16,000,000 (1,590 pos/s)
[r1] stream batch 11488/15625: 11,763,712/16,000,000 (1,630 pos/s)
[r0] stream batch 11216/15625: 11,485,184/16,000,000 (1,590 pos/s)
[r1] stream batch 11504/15625: 11,780,096/16,000,000 (1,630 pos/s)
[r0] stream batch 11232/15625: 11,501,568/16,000,000 (1,590 pos/s)
[r1] stream batch 11520/15625: 11,796,480/16,000,000 (1,631 pos/s)
[r0] stream batch 11248/15625: 11,517,952/16,000,000 (1,590 pos/s)
[r1] stream batch 11536/15625: 11,812,864/16,000,000 (1,631 pos/s)
[r0] stream batch 11264/15625: 11,534,336/16,000,000 (1,590 pos/s)
[r1] stream batch 11552/15625: 11,829,248/16,000,000 (1,631 pos/s)
[r0] stream batch 11280/15625: 11,550,720/16,000,000 (1,590 pos/s)
[r1] stream batch 11568/15625: 11,845,632/16,000,000 (1,631 pos/s)
[r0] stream batch 11296/15625: 11,567,104/16,000,000 (1,590 pos/s)
[r1] stream batch 11584/15625: 11,862,016/16,000,000 (1,631 pos/s)
[r0] stream batch 11312/15625: 11,583,488/16,000,000 (1,590 pos/s)
[r1] stream batch 11600/15625: 11,878,400/16,000,000 (1,631 pos/s)
[r0] stream batch 11328/15625: 11,599,872/16,000,000 (1,591 pos/s)
[r1] stream batch 11616/15625: 11,894,784/16,000,000 (1,631 pos/s)
[r0] stream batch 11344/15625: 11,616,256/16,000,000 (1,591 pos/s)
[r1] stream batch 11632/15625: 11,911,168/16,000,000 (1,631 pos/s)
[r1] stream batch 11648/15625: 11,927,552/16,000,000 (1,631 pos/s)
[r0] stream batch 11360/15625: 11,632,640/16,000,000 (1,591 pos/s)
[r1] stream batch 11664/15625: 11,943,936/16,000,000 (1,631 pos/s)
[r0] stream batch 11376/15625: 11,649,024/16,000,000 (1,591 pos/s)
[r1] stream batch 11680/15625: 11,960,320/16,000,000 (1,632 pos/s)
[r0] stream batch 11392/15625: 11,665,408/16,000,000 (1,591 pos/s)
[r1] stream batch 11696/15625: 11,976,704/16,000,000 (1,632 pos/s)
[r0] stream batch 11408/15625: 11,681,792/16,000,000 (1,591 pos/s)
[r1] stream batch 11712/15625: 11,993,088/16,000,000 (1,632 pos/s)
[r0] stream batch 11424/15625: 11,698,176/16,000,000 (1,591 pos/s)
[r1] stream batch 11728/15625: 12,009,472/16,000,000 (1,632 pos/s)
[r0] stream batch 11440/15625: 11,714,560/16,000,000 (1,591 pos/s)
[r1] stream batch 11744/15625: 12,025,856/16,000,000 (1,632 pos/s)
[r0] stream batch 11456/15625: 11,730,944/16,000,000 (1,591 pos/s)
[r1] stream batch 11760/15625: 12,042,240/16,000,000 (1,632 pos/s)
[r0] stream batch 11472/15625: 11,747,328/16,000,000 (1,591 pos/s)
[r1] stream batch 11776/15625: 12,058,624/16,000,000 (1,632 pos/s)
[r0] stream batch 11488/15625: 11,763,712/16,000,000 (1,591 pos/s)
[r1] stream batch 11792/15625: 12,075,008/16,000,000 (1,632 pos/s)
[r0] stream batch 11504/15625: 11,780,096/16,000,000 (1,592 pos/s)
[r1] stream batch 11808/15625: 12,091,392/16,000,000 (1,632 pos/s)
[r0] stream batch 11520/15625: 11,796,480/16,000,000 (1,592 pos/s)
[r1] stream batch 11824/15625: 12,107,776/16,000,000 (1,632 pos/s)
[r0] stream batch 11536/15625: 11,812,864/16,000,000 (1,592 pos/s)
[r1] stream batch 11840/15625: 12,124,160/16,000,000 (1,632 pos/s)
[r0] stream batch 11552/15625: 11,829,248/16,000,000 (1,592 pos/s)
[r1] stream batch 11856/15625: 12,140,544/16,000,000 (1,632 pos/s)
[r0] stream batch 11568/15625: 11,845,632/16,000,000 (1,592 pos/s)
[r1] stream batch 11872/15625: 12,156,928/16,000,000 (1,632 pos/s)
[r0] stream batch 11584/15625: 11,862,016/16,000,000 (1,592 pos/s)
[r1] stream batch 11888/15625: 12,173,312/16,000,000 (1,632 pos/s)
[r0] stream batch 11600/15625: 11,878,400/16,000,000 (1,592 pos/s)
[r1] stream batch 11904/15625: 12,189,696/16,000,000 (1,633 pos/s)
[r0] stream batch 11616/15625: 11,894,784/16,000,000 (1,592 pos/s)
[r1] stream batch 11920/15625: 12,206,080/16,000,000 (1,633 pos/s)
[r0] stream batch 11632/15625: 11,911,168/16,000,000 (1,592 pos/s)
[r1] stream batch 11936/15625: 12,222,464/16,000,000 (1,633 pos/s)
[r0] stream batch 11648/15625: 11,927,552/16,000,000 (1,593 pos/s)
[r1] stream batch 11952/15625: 12,238,848/16,000,000 (1,633 pos/s)
[r0] stream batch 11664/15625: 11,943,936/16,000,000 (1,593 pos/s)
[r1] stream batch 11968/15625: 12,255,232/16,000,000 (1,633 pos/s)
[r0] stream batch 11680/15625: 11,960,320/16,000,000 (1,593 pos/s)
[r1] stream batch 11984/15625: 12,271,616/16,000,000 (1,633 pos/s)
[r0] stream batch 11696/15625: 11,976,704/16,000,000 (1,593 pos/s)
[r1] stream batch 12000/15625: 12,288,000/16,000,000 (1,633 pos/s)
[r0] stream batch 11712/15625: 11,993,088/16,000,000 (1,593 pos/s)
[r1] stream batch 12016/15625: 12,304,384/16,000,000 (1,633 pos/s)
[r0] stream batch 11728/15625: 12,009,472/16,000,000 (1,593 pos/s)
[r1] stream batch 12032/15625: 12,320,768/16,000,000 (1,633 pos/s)
[r0] stream batch 11744/15625: 12,025,856/16,000,000 (1,593 pos/s)
[r1] stream batch 12048/15625: 12,337,152/16,000,000 (1,633 pos/s)
[r0] stream batch 11760/15625: 12,042,240/16,000,000 (1,593 pos/s)
[r1] stream batch 12064/15625: 12,353,536/16,000,000 (1,633 pos/s)
[r0] stream batch 11776/15625: 12,058,624/16,000,000 (1,593 pos/s)
[r1] stream batch 12080/15625: 12,369,920/16,000,000 (1,633 pos/s)
[r0] stream batch 11792/15625: 12,075,008/16,000,000 (1,593 pos/s)
[r1] stream batch 12096/15625: 12,386,304/16,000,000 (1,633 pos/s)
[r0] stream batch 11808/15625: 12,091,392/16,000,000 (1,593 pos/s)
[r1] stream batch 12112/15625: 12,402,688/16,000,000 (1,633 pos/s)
[r0] stream batch 11824/15625: 12,107,776/16,000,000 (1,593 pos/s)
[r1] stream batch 12128/15625: 12,419,072/16,000,000 (1,633 pos/s)
[r0] stream batch 11840/15625: 12,124,160/16,000,000 (1,594 pos/s)
[r1] stream batch 12144/15625: 12,435,456/16,000,000 (1,633 pos/s)
[r0] stream batch 11856/15625: 12,140,544/16,000,000 (1,594 pos/s)
[r1] stream batch 12160/15625: 12,451,840/16,000,000 (1,634 pos/s)
[r0] stream batch 11872/15625: 12,156,928/16,000,000 (1,594 pos/s)
[r1] stream batch 12176/15625: 12,468,224/16,000,000 (1,634 pos/s)
[r0] stream batch 11888/15625: 12,173,312/16,000,000 (1,594 pos/s)
[r1] stream batch 12192/15625: 12,484,608/16,000,000 (1,634 pos/s)
[r0] stream batch 11904/15625: 12,189,696/16,000,000 (1,594 pos/s)
[r1] stream batch 12208/15625: 12,500,992/16,000,000 (1,634 pos/s)
[r0] stream batch 11920/15625: 12,206,080/16,000,000 (1,594 pos/s)
[r1] stream batch 12224/15625: 12,517,376/16,000,000 (1,634 pos/s)
[r0] stream batch 11936/15625: 12,222,464/16,000,000 (1,594 pos/s)
[r1] stream batch 12240/15625: 12,533,760/16,000,000 (1,634 pos/s)
[r0] stream batch 11952/15625: 12,238,848/16,000,000 (1,594 pos/s)
[r1] stream batch 12256/15625: 12,550,144/16,000,000 (1,634 pos/s)
[r0] stream batch 11968/15625: 12,255,232/16,000,000 (1,594 pos/s)
[r1] stream batch 12272/15625: 12,566,528/16,000,000 (1,634 pos/s)
[r0] stream batch 11984/15625: 12,271,616/16,000,000 (1,594 pos/s)
[r1] stream batch 12288/15625: 12,582,912/16,000,000 (1,634 pos/s)
[r0] stream batch 12000/15625: 12,288,000/16,000,000 (1,594 pos/s)
[r1] stream batch 12304/15625: 12,599,296/16,000,000 (1,634 pos/s)
[r0] stream batch 12016/15625: 12,304,384/16,000,000 (1,594 pos/s)
[r1] stream batch 12320/15625: 12,615,680/16,000,000 (1,634 pos/s)
[r0] stream batch 12032/15625: 12,320,768/16,000,000 (1,595 pos/s)
[r1] stream batch 12336/15625: 12,632,064/16,000,000 (1,634 pos/s)
[r0] stream batch 12048/15625: 12,337,152/16,000,000 (1,595 pos/s)
[r1] stream batch 12352/15625: 12,648,448/16,000,000 (1,634 pos/s)
[r0] stream batch 12064/15625: 12,353,536/16,000,000 (1,595 pos/s)
[r1] stream batch 12368/15625: 12,664,832/16,000,000 (1,634 pos/s)
[r0] stream batch 12080/15625: 12,369,920/16,000,000 (1,595 pos/s)
[r1] stream batch 12384/15625: 12,681,216/16,000,000 (1,634 pos/s)
[r0] stream batch 12096/15625: 12,386,304/16,000,000 (1,595 pos/s)
[r1] stream batch 12400/15625: 12,697,600/16,000,000 (1,634 pos/s)
[r0] stream batch 12112/15625: 12,402,688/16,000,000 (1,595 pos/s)
[r1] stream batch 12416/15625: 12,713,984/16,000,000 (1,634 pos/s)
[r0] stream batch 12128/15625: 12,419,072/16,000,000 (1,595 pos/s)
[r1] stream batch 12432/15625: 12,730,368/16,000,000 (1,634 pos/s)
[r0] stream batch 12144/15625: 12,435,456/16,000,000 (1,595 pos/s)
[r1] stream batch 12448/15625: 12,746,752/16,000,000 (1,634 pos/s)
[r0] stream batch 12160/15625: 12,451,840/16,000,000 (1,595 pos/s)
[r1] stream batch 12464/15625: 12,763,136/16,000,000 (1,634 pos/s)
[r0] stream batch 12176/15625: 12,468,224/16,000,000 (1,595 pos/s)
[r1] stream batch 12480/15625: 12,779,520/16,000,000 (1,634 pos/s)
[r0] stream batch 12192/15625: 12,484,608/16,000,000 (1,595 pos/s)
[r1] stream batch 12496/15625: 12,795,904/16,000,000 (1,634 pos/s)
[r0] stream batch 12208/15625: 12,500,992/16,000,000 (1,595 pos/s)
[r1] stream batch 12512/15625: 12,812,288/16,000,000 (1,634 pos/s)
[r0] stream batch 12224/15625: 12,517,376/16,000,000 (1,595 pos/s)
[r1] stream batch 12528/15625: 12,828,672/16,000,000 (1,635 pos/s)
[r0] stream batch 12240/15625: 12,533,760/16,000,000 (1,596 pos/s)
[r1] stream batch 12544/15625: 12,845,056/16,000,000 (1,635 pos/s)
[r0] stream batch 12256/15625: 12,550,144/16,000,000 (1,596 pos/s)
[r1] stream batch 12560/15625: 12,861,440/16,000,000 (1,635 pos/s)
[r0] stream batch 12272/15625: 12,566,528/16,000,000 (1,596 pos/s)
[r1] stream batch 12576/15625: 12,877,824/16,000,000 (1,635 pos/s)
[r0] stream batch 12288/15625: 12,582,912/16,000,000 (1,596 pos/s)
[r1] stream batch 12592/15625: 12,894,208/16,000,000 (1,635 pos/s)
[r0] stream batch 12304/15625: 12,599,296/16,000,000 (1,596 pos/s)
[r1] stream batch 12608/15625: 12,910,592/16,000,000 (1,635 pos/s)
[r0] stream batch 12320/15625: 12,615,680/16,000,000 (1,596 pos/s)
[r1] stream batch 12624/15625: 12,926,976/16,000,000 (1,635 pos/s)
[r0] stream batch 12336/15625: 12,632,064/16,000,000 (1,596 pos/s)
[r1] stream batch 12640/15625: 12,943,360/16,000,000 (1,635 pos/s)
[r0] stream batch 12352/15625: 12,648,448/16,000,000 (1,596 pos/s)
[r1] stream batch 12656/15625: 12,959,744/16,000,000 (1,635 pos/s)
[r0] stream batch 12368/15625: 12,664,832/16,000,000 (1,596 pos/s)
[r1] stream batch 12672/15625: 12,976,128/16,000,000 (1,635 pos/s)
[r1] stream batch 12688/15625: 12,992,512/16,000,000 (1,635 pos/s)
[r0] stream batch 12384/15625: 12,681,216/16,000,000 (1,596 pos/s)
[r1] stream batch 12704/15625: 13,008,896/16,000,000 (1,635 pos/s)
[r0] stream batch 12400/15625: 12,697,600/16,000,000 (1,596 pos/s)
[r1] stream batch 12720/15625: 13,025,280/16,000,000 (1,636 pos/s)
[r0] stream batch 12416/15625: 12,713,984/16,000,000 (1,596 pos/s)
[r1] stream batch 12736/15625: 13,041,664/16,000,000 (1,636 pos/s)
[r0] stream batch 12432/15625: 12,730,368/16,000,000 (1,596 pos/s)
[r1] stream batch 12752/15625: 13,058,048/16,000,000 (1,636 pos/s)
[r0] stream batch 12448/15625: 12,746,752/16,000,000 (1,596 pos/s)
[r1] stream batch 12768/15625: 13,074,432/16,000,000 (1,636 pos/s)
[r0] stream batch 12464/15625: 12,763,136/16,000,000 (1,596 pos/s)
[r1] stream batch 12784/15625: 13,090,816/16,000,000 (1,636 pos/s)
[r0] stream batch 12480/15625: 12,779,520/16,000,000 (1,596 pos/s)
[r1] stream batch 12800/15625: 13,107,200/16,000,000 (1,636 pos/s)
[r0] stream batch 12496/15625: 12,795,904/16,000,000 (1,597 pos/s)
[r1] stream batch 12816/15625: 13,123,584/16,000,000 (1,636 pos/s)
[r0] stream batch 12512/15625: 12,812,288/16,000,000 (1,597 pos/s)
[r1] stream batch 12832/15625: 13,139,968/16,000,000 (1,636 pos/s)
[r0] stream batch 12528/15625: 12,828,672/16,000,000 (1,597 pos/s)
[r1] stream batch 12848/15625: 13,156,352/16,000,000 (1,636 pos/s)
[r0] stream batch 12544/15625: 12,845,056/16,000,000 (1,597 pos/s)
[r1] stream batch 12864/15625: 13,172,736/16,000,000 (1,636 pos/s)
[r0] stream batch 12560/15625: 12,861,440/16,000,000 (1,597 pos/s)
[r1] stream batch 12880/15625: 13,189,120/16,000,000 (1,636 pos/s)
[r0] stream batch 12576/15625: 12,877,824/16,000,000 (1,597 pos/s)
[r1] stream batch 12896/15625: 13,205,504/16,000,000 (1,636 pos/s)
[r0] stream batch 12592/15625: 12,894,208/16,000,000 (1,597 pos/s)
[r1] stream batch 12912/15625: 13,221,888/16,000,000 (1,636 pos/s)
[r0] stream batch 12608/15625: 12,910,592/16,000,000 (1,597 pos/s)
[r1] stream batch 12928/15625: 13,238,272/16,000,000 (1,636 pos/s)
[r0] stream batch 12624/15625: 12,926,976/16,000,000 (1,597 pos/s)
[r1] stream batch 12944/15625: 13,254,656/16,000,000 (1,636 pos/s)
[r0] stream batch 12640/15625: 12,943,360/16,000,000 (1,597 pos/s)
[r1] stream batch 12960/15625: 13,271,040/16,000,000 (1,636 pos/s)
[r0] stream batch 12656/15625: 12,959,744/16,000,000 (1,597 pos/s)
[r1] stream batch 12976/15625: 13,287,424/16,000,000 (1,636 pos/s)
[r0] stream batch 12672/15625: 12,976,128/16,000,000 (1,598 pos/s)
[r1] stream batch 12992/15625: 13,303,808/16,000,000 (1,636 pos/s)
[r0] stream batch 12688/15625: 12,992,512/16,000,000 (1,598 pos/s)
[r1] stream batch 13008/15625: 13,320,192/16,000,000 (1,637 pos/s)
[r0] stream batch 12704/15625: 13,008,896/16,000,000 (1,598 pos/s)
[r1] stream batch 13024/15625: 13,336,576/16,000,000 (1,637 pos/s)
[r0] stream batch 12720/15625: 13,025,280/16,000,000 (1,598 pos/s)
[r1] stream batch 13040/15625: 13,352,960/16,000,000 (1,637 pos/s)
[r0] stream batch 12736/15625: 13,041,664/16,000,000 (1,598 pos/s)
[r1] stream batch 13056/15625: 13,369,344/16,000,000 (1,637 pos/s)
[r0] stream batch 12752/15625: 13,058,048/16,000,000 (1,598 pos/s)
[r1] stream batch 13072/15625: 13,385,728/16,000,000 (1,637 pos/s)
[r0] stream batch 12768/15625: 13,074,432/16,000,000 (1,598 pos/s)
[r1] stream batch 13088/15625: 13,402,112/16,000,000 (1,637 pos/s)
[r0] stream batch 12784/15625: 13,090,816/16,000,000 (1,598 pos/s)
[r1] stream batch 13104/15625: 13,418,496/16,000,000 (1,637 pos/s)
[r0] stream batch 12800/15625: 13,107,200/16,000,000 (1,598 pos/s)
[r1] stream batch 13120/15625: 13,434,880/16,000,000 (1,637 pos/s)
[r0] stream batch 12816/15625: 13,123,584/16,000,000 (1,598 pos/s)
[r1] stream batch 13136/15625: 13,451,264/16,000,000 (1,637 pos/s)
[r0] stream batch 12832/15625: 13,139,968/16,000,000 (1,598 pos/s)
[r1] stream batch 13152/15625: 13,467,648/16,000,000 (1,637 pos/s)
[r0] stream batch 12848/15625: 13,156,352/16,000,000 (1,598 pos/s)
[r1] stream batch 13168/15625: 13,484,032/16,000,000 (1,637 pos/s)
[r0] stream batch 12864/15625: 13,172,736/16,000,000 (1,598 pos/s)
[r1] stream batch 13184/15625: 13,500,416/16,000,000 (1,637 pos/s)
[r0] stream batch 12880/15625: 13,189,120/16,000,000 (1,598 pos/s)
[r1] stream batch 13200/15625: 13,516,800/16,000,000 (1,637 pos/s)
[r0] stream batch 12896/15625: 13,205,504/16,000,000 (1,598 pos/s)
[r1] stream batch 13216/15625: 13,533,184/16,000,000 (1,637 pos/s)
[r0] stream batch 12912/15625: 13,221,888/16,000,000 (1,598 pos/s)
[r1] stream batch 13232/15625: 13,549,568/16,000,000 (1,637 pos/s)
[r0] stream batch 12928/15625: 13,238,272/16,000,000 (1,599 pos/s)
[r1] stream batch 13248/15625: 13,565,952/16,000,000 (1,637 pos/s)
[r0] stream batch 12944/15625: 13,254,656/16,000,000 (1,599 pos/s)
[r1] stream batch 13264/15625: 13,582,336/16,000,000 (1,637 pos/s)
[r0] stream batch 12960/15625: 13,271,040/16,000,000 (1,599 pos/s)
[r1] stream batch 13280/15625: 13,598,720/16,000,000 (1,637 pos/s)
[r0] stream batch 12976/15625: 13,287,424/16,000,000 (1,599 pos/s)
[r1] stream batch 13296/15625: 13,615,104/16,000,000 (1,637 pos/s)
[r0] stream batch 12992/15625: 13,303,808/16,000,000 (1,599 pos/s)
[r1] stream batch 13312/15625: 13,631,488/16,000,000 (1,637 pos/s)
[r0] stream batch 13008/15625: 13,320,192/16,000,000 (1,599 pos/s)
[r1] stream batch 13328/15625: 13,647,872/16,000,000 (1,637 pos/s)
[r0] stream batch 13024/15625: 13,336,576/16,000,000 (1,599 pos/s)
[r1] stream batch 13344/15625: 13,664,256/16,000,000 (1,637 pos/s)
[r0] stream batch 13040/15625: 13,352,960/16,000,000 (1,599 pos/s)
[r1] stream batch 13360/15625: 13,680,640/16,000,000 (1,637 pos/s)
[r0] stream batch 13056/15625: 13,369,344/16,000,000 (1,599 pos/s)
[r1] stream batch 13376/15625: 13,697,024/16,000,000 (1,637 pos/s)
[r0] stream batch 13072/15625: 13,385,728/16,000,000 (1,600 pos/s)
[r1] stream batch 13392/15625: 13,713,408/16,000,000 (1,637 pos/s)
[r0] stream batch 13088/15625: 13,402,112/16,000,000 (1,600 pos/s)
[r1] stream batch 13408/15625: 13,729,792/16,000,000 (1,637 pos/s)
[r0] stream batch 13104/15625: 13,418,496/16,000,000 (1,600 pos/s)
[r1] stream batch 13424/15625: 13,746,176/16,000,000 (1,637 pos/s)
[r0] stream batch 13120/15625: 13,434,880/16,000,000 (1,600 pos/s)
[r1] stream batch 13440/15625: 13,762,560/16,000,000 (1,637 pos/s)
[r0] stream batch 13136/15625: 13,451,264/16,000,000 (1,600 pos/s)
[r1] stream batch 13456/15625: 13,778,944/16,000,000 (1,638 pos/s)
[r0] stream batch 13152/15625: 13,467,648/16,000,000 (1,600 pos/s)
[r1] stream batch 13472/15625: 13,795,328/16,000,000 (1,638 pos/s)
[r0] stream batch 13168/15625: 13,484,032/16,000,000 (1,600 pos/s)
[r1] stream batch 13488/15625: 13,811,712/16,000,000 (1,638 pos/s)
[r0] stream batch 13184/15625: 13,500,416/16,000,000 (1,600 pos/s)
[r1] stream batch 13504/15625: 13,828,096/16,000,000 (1,638 pos/s)
[r0] stream batch 13200/15625: 13,516,800/16,000,000 (1,600 pos/s)
[r1] stream batch 13520/15625: 13,844,480/16,000,000 (1,638 pos/s)
[r0] stream batch 13216/15625: 13,533,184/16,000,000 (1,600 pos/s)
[r1] stream batch 13536/15625: 13,860,864/16,000,000 (1,638 pos/s)
[r0] stream batch 13232/15625: 13,549,568/16,000,000 (1,600 pos/s)
[r1] stream batch 13552/15625: 13,877,248/16,000,000 (1,638 pos/s)
[r0] stream batch 13248/15625: 13,565,952/16,000,000 (1,600 pos/s)
[r1] stream batch 13568/15625: 13,893,632/16,000,000 (1,638 pos/s)
[r0] stream batch 13264/15625: 13,582,336/16,000,000 (1,600 pos/s)
[r1] stream batch 13584/15625: 13,910,016/16,000,000 (1,638 pos/s)
[r0] stream batch 13280/15625: 13,598,720/16,000,000 (1,600 pos/s)
[r1] stream batch 13600/15625: 13,926,400/16,000,000 (1,638 pos/s)
[r0] stream batch 13296/15625: 13,615,104/16,000,000 (1,600 pos/s)
[r1] stream batch 13616/15625: 13,942,784/16,000,000 (1,638 pos/s)
[r0] stream batch 13312/15625: 13,631,488/16,000,000 (1,601 pos/s)
[r1] stream batch 13632/15625: 13,959,168/16,000,000 (1,638 pos/s)
[r0] stream batch 13328/15625: 13,647,872/16,000,000 (1,601 pos/s)
[r1] stream batch 13648/15625: 13,975,552/16,000,000 (1,638 pos/s)
[r0] stream batch 13344/15625: 13,664,256/16,000,000 (1,601 pos/s)
[r1] stream batch 13664/15625: 13,991,936/16,000,000 (1,638 pos/s)
[r0] stream batch 13360/15625: 13,680,640/16,000,000 (1,601 pos/s)
[r1] stream batch 13680/15625: 14,008,320/16,000,000 (1,638 pos/s)
[r0] stream batch 13376/15625: 13,697,024/16,000,000 (1,601 pos/s)
[r1] stream batch 13696/15625: 14,024,704/16,000,000 (1,638 pos/s)
[r0] stream batch 13392/15625: 13,713,408/16,000,000 (1,601 pos/s)
[r1] stream batch 13712/15625: 14,041,088/16,000,000 (1,639 pos/s)
[r0] stream batch 13408/15625: 13,729,792/16,000,000 (1,601 pos/s)
[r1] stream batch 13728/15625: 14,057,472/16,000,000 (1,639 pos/s)
[r0] stream batch 13424/15625: 13,746,176/16,000,000 (1,601 pos/s)
[r1] stream batch 13744/15625: 14,073,856/16,000,000 (1,639 pos/s)
[r0] stream batch 13440/15625: 13,762,560/16,000,000 (1,601 pos/s)
[r1] stream batch 13760/15625: 14,090,240/16,000,000 (1,639 pos/s)
[r0] stream batch 13456/15625: 13,778,944/16,000,000 (1,601 pos/s)
[r1] stream batch 13776/15625: 14,106,624/16,000,000 (1,639 pos/s)
[r0] stream batch 13472/15625: 13,795,328/16,000,000 (1,601 pos/s)
[r1] stream batch 13792/15625: 14,123,008/16,000,000 (1,639 pos/s)
[r0] stream batch 13488/15625: 13,811,712/16,000,000 (1,601 pos/s)
[r1] stream batch 13808/15625: 14,139,392/16,000,000 (1,639 pos/s)
[r0] stream batch 13504/15625: 13,828,096/16,000,000 (1,601 pos/s)
[r1] stream batch 13824/15625: 14,155,776/16,000,000 (1,639 pos/s)
[r0] stream batch 13520/15625: 13,844,480/16,000,000 (1,601 pos/s)
[r1] stream batch 13840/15625: 14,172,160/16,000,000 (1,639 pos/s)
[r1] stream batch 13856/15625: 14,188,544/16,000,000 (1,640 pos/s)
[r0] stream batch 13536/15625: 13,860,864/16,000,000 (1,601 pos/s)
[r1] stream batch 13872/15625: 14,204,928/16,000,000 (1,640 pos/s)
[r0] stream batch 13552/15625: 13,877,248/16,000,000 (1,601 pos/s)
[r1] stream batch 13888/15625: 14,221,312/16,000,000 (1,640 pos/s)
[r0] stream batch 13568/15625: 13,893,632/16,000,000 (1,601 pos/s)
[r1] stream batch 13904/15625: 14,237,696/16,000,000 (1,640 pos/s)
[r0] stream batch 13584/15625: 13,910,016/16,000,000 (1,602 pos/s)
[r1] stream batch 13920/15625: 14,254,080/16,000,000 (1,640 pos/s)
[r0] stream batch 13600/15625: 13,926,400/16,000,000 (1,602 pos/s)
[r1] stream batch 13936/15625: 14,270,464/16,000,000 (1,640 pos/s)
[r0] stream batch 13616/15625: 13,942,784/16,000,000 (1,602 pos/s)
[r1] stream batch 13952/15625: 14,286,848/16,000,000 (1,640 pos/s)
[r0] stream batch 13632/15625: 13,959,168/16,000,000 (1,602 pos/s)
[r1] stream batch 13968/15625: 14,303,232/16,000,000 (1,640 pos/s)
[r0] stream batch 13648/15625: 13,975,552/16,000,000 (1,602 pos/s)
[r1] stream batch 13984/15625: 14,319,616/16,000,000 (1,641 pos/s)
[r0] stream batch 13664/15625: 13,991,936/16,000,000 (1,602 pos/s)
[r1] stream batch 14000/15625: 14,336,000/16,000,000 (1,641 pos/s)
[r0] stream batch 13680/15625: 14,008,320/16,000,000 (1,602 pos/s)
[r1] stream batch 14016/15625: 14,352,384/16,000,000 (1,641 pos/s)
[r0] stream batch 13696/15625: 14,024,704/16,000,000 (1,602 pos/s)
[r1] stream batch 14032/15625: 14,368,768/16,000,000 (1,641 pos/s)
[r0] stream batch 13712/15625: 14,041,088/16,000,000 (1,602 pos/s)
[r1] stream batch 14048/15625: 14,385,152/16,000,000 (1,641 pos/s)
[r0] stream batch 13728/15625: 14,057,472/16,000,000 (1,602 pos/s)
[r1] stream batch 14064/15625: 14,401,536/16,000,000 (1,641 pos/s)
[r0] stream batch 13744/15625: 14,073,856/16,000,000 (1,603 pos/s)
[r1] stream batch 14080/15625: 14,417,920/16,000,000 (1,641 pos/s)
[r0] stream batch 13760/15625: 14,090,240/16,000,000 (1,603 pos/s)
[r1] stream batch 14096/15625: 14,434,304/16,000,000 (1,641 pos/s)
[r0] stream batch 13776/15625: 14,106,624/16,000,000 (1,603 pos/s)
[r1] stream batch 14112/15625: 14,450,688/16,000,000 (1,641 pos/s)
[r0] stream batch 13792/15625: 14,123,008/16,000,000 (1,603 pos/s)
[r1] stream batch 14128/15625: 14,467,072/16,000,000 (1,641 pos/s)
[r0] stream batch 13808/15625: 14,139,392/16,000,000 (1,603 pos/s)
[r1] stream batch 14144/15625: 14,483,456/16,000,000 (1,641 pos/s)
[r0] stream batch 13824/15625: 14,155,776/16,000,000 (1,603 pos/s)
[r1] stream batch 14160/15625: 14,499,840/16,000,000 (1,641 pos/s)
[r0] stream batch 13840/15625: 14,172,160/16,000,000 (1,603 pos/s)
[r1] stream batch 14176/15625: 14,516,224/16,000,000 (1,641 pos/s)
[r0] stream batch 13856/15625: 14,188,544/16,000,000 (1,603 pos/s)
[r1] stream batch 14192/15625: 14,532,608/16,000,000 (1,641 pos/s)
[r0] stream batch 13872/15625: 14,204,928/16,000,000 (1,604 pos/s)
[r1] stream batch 14208/15625: 14,548,992/16,000,000 (1,642 pos/s)
[r0] stream batch 13888/15625: 14,221,312/16,000,000 (1,604 pos/s)
[r1] stream batch 14224/15625: 14,565,376/16,000,000 (1,642 pos/s)
[r0] stream batch 13904/15625: 14,237,696/16,000,000 (1,604 pos/s)
[r1] stream batch 14240/15625: 14,581,760/16,000,000 (1,642 pos/s)
[r0] stream batch 13920/15625: 14,254,080/16,000,000 (1,604 pos/s)
[r1] stream batch 14256/15625: 14,598,144/16,000,000 (1,642 pos/s)
[r0] stream batch 13936/15625: 14,270,464/16,000,000 (1,604 pos/s)
[r1] stream batch 14272/15625: 14,614,528/16,000,000 (1,642 pos/s)
[r0] stream batch 13952/15625: 14,286,848/16,000,000 (1,604 pos/s)
[r1] stream batch 14288/15625: 14,630,912/16,000,000 (1,642 pos/s)
[r0] stream batch 13968/15625: 14,303,232/16,000,000 (1,604 pos/s)
[r1] stream batch 14304/15625: 14,647,296/16,000,000 (1,642 pos/s)
[r0] stream batch 13984/15625: 14,319,616/16,000,000 (1,605 pos/s)
[r1] stream batch 14320/15625: 14,663,680/16,000,000 (1,642 pos/s)
[r0] stream batch 14000/15625: 14,336,000/16,000,000 (1,605 pos/s)
[r1] stream batch 14336/15625: 14,680,064/16,000,000 (1,642 pos/s)
[r0] stream batch 14016/15625: 14,352,384/16,000,000 (1,605 pos/s)
[r1] stream batch 14352/15625: 14,696,448/16,000,000 (1,642 pos/s)
[r0] stream batch 14032/15625: 14,368,768/16,000,000 (1,605 pos/s)
[r1] stream batch 14368/15625: 14,712,832/16,000,000 (1,642 pos/s)
[r0] stream batch 14048/15625: 14,385,152/16,000,000 (1,605 pos/s)
[r1] stream batch 14384/15625: 14,729,216/16,000,000 (1,642 pos/s)
[r0] stream batch 14064/15625: 14,401,536/16,000,000 (1,605 pos/s)
[r1] stream batch 14400/15625: 14,745,600/16,000,000 (1,642 pos/s)
[r0] stream batch 14080/15625: 14,417,920/16,000,000 (1,605 pos/s)
[r1] stream batch 14416/15625: 14,761,984/16,000,000 (1,642 pos/s)
[r0] stream batch 14096/15625: 14,434,304/16,000,000 (1,605 pos/s)
[r1] stream batch 14432/15625: 14,778,368/16,000,000 (1,642 pos/s)
[r0] stream batch 14112/15625: 14,450,688/16,000,000 (1,605 pos/s)
[r1] stream batch 14448/15625: 14,794,752/16,000,000 (1,642 pos/s)
[r0] stream batch 14128/15625: 14,467,072/16,000,000 (1,605 pos/s)
[r1] stream batch 14464/15625: 14,811,136/16,000,000 (1,643 pos/s)
[r0] stream batch 14144/15625: 14,483,456/16,000,000 (1,605 pos/s)
[r1] stream batch 14480/15625: 14,827,520/16,000,000 (1,643 pos/s)
[r0] stream batch 14160/15625: 14,499,840/16,000,000 (1,605 pos/s)
[r1] stream batch 14496/15625: 14,843,904/16,000,000 (1,643 pos/s)
[r0] stream batch 14176/15625: 14,516,224/16,000,000 (1,605 pos/s)
[r1] stream batch 14512/15625: 14,860,288/16,000,000 (1,643 pos/s)
[r0] stream batch 14192/15625: 14,532,608/16,000,000 (1,606 pos/s)
[r1] stream batch 14528/15625: 14,876,672/16,000,000 (1,643 pos/s)
[r0] stream batch 14208/15625: 14,548,992/16,000,000 (1,606 pos/s)
[r1] stream batch 14544/15625: 14,893,056/16,000,000 (1,643 pos/s)
[r0] stream batch 14224/15625: 14,565,376/16,000,000 (1,606 pos/s)
[r1] stream batch 14560/15625: 14,909,440/16,000,000 (1,643 pos/s)
[r0] stream batch 14240/15625: 14,581,760/16,000,000 (1,606 pos/s)
[r1] stream batch 14576/15625: 14,925,824/16,000,000 (1,643 pos/s)
[r0] stream batch 14256/15625: 14,598,144/16,000,000 (1,606 pos/s)
[r1] stream batch 14592/15625: 14,942,208/16,000,000 (1,643 pos/s)
[r0] stream batch 14272/15625: 14,614,528/16,000,000 (1,606 pos/s)
[r1] stream batch 14608/15625: 14,958,592/16,000,000 (1,643 pos/s)
[r0] stream batch 14288/15625: 14,630,912/16,000,000 (1,606 pos/s)
[r1] stream batch 14624/15625: 14,974,976/16,000,000 (1,643 pos/s)
[r0] stream batch 14304/15625: 14,647,296/16,000,000 (1,606 pos/s)
[r1] stream batch 14640/15625: 14,991,360/16,000,000 (1,643 pos/s)
[r0] stream batch 14320/15625: 14,663,680/16,000,000 (1,606 pos/s)
[r1] stream batch 14656/15625: 15,007,744/16,000,000 (1,643 pos/s)
[r0] stream batch 14336/15625: 14,680,064/16,000,000 (1,606 pos/s)
[r1] stream batch 14672/15625: 15,024,128/16,000,000 (1,643 pos/s)
[r0] stream batch 14352/15625: 14,696,448/16,000,000 (1,606 pos/s)
[r1] stream batch 14688/15625: 15,040,512/16,000,000 (1,643 pos/s)
[r0] stream batch 14368/15625: 14,712,832/16,000,000 (1,606 pos/s)
[r1] stream batch 14704/15625: 15,056,896/16,000,000 (1,643 pos/s)
[r0] stream batch 14384/15625: 14,729,216/16,000,000 (1,606 pos/s)
[r1] stream batch 14720/15625: 15,073,280/16,000,000 (1,643 pos/s)
[r0] stream batch 14400/15625: 14,745,600/16,000,000 (1,607 pos/s)
[r1] stream batch 14736/15625: 15,089,664/16,000,000 (1,643 pos/s)
[r0] stream batch 14416/15625: 14,761,984/16,000,000 (1,607 pos/s)
[r1] stream batch 14752/15625: 15,106,048/16,000,000 (1,643 pos/s)
[r0] stream batch 14432/15625: 14,778,368/16,000,000 (1,607 pos/s)
[r1] stream batch 14768/15625: 15,122,432/16,000,000 (1,643 pos/s)
[r0] stream batch 14448/15625: 14,794,752/16,000,000 (1,607 pos/s)
[r1] stream batch 14784/15625: 15,138,816/16,000,000 (1,643 pos/s)
[r0] stream batch 14464/15625: 14,811,136/16,000,000 (1,607 pos/s)
[r1] stream batch 14800/15625: 15,155,200/16,000,000 (1,643 pos/s)
[r0] stream batch 14480/15625: 14,827,520/16,000,000 (1,607 pos/s)
[r1] stream batch 14816/15625: 15,171,584/16,000,000 (1,644 pos/s)
[r0] stream batch 14496/15625: 14,843,904/16,000,000 (1,607 pos/s)
[r1] stream batch 14832/15625: 15,187,968/16,000,000 (1,644 pos/s)
[r0] stream batch 14512/15625: 14,860,288/16,000,000 (1,607 pos/s)
[r1] stream batch 14848/15625: 15,204,352/16,000,000 (1,644 pos/s)
[r0] stream batch 14528/15625: 14,876,672/16,000,000 (1,607 pos/s)
[r1] stream batch 14864/15625: 15,220,736/16,000,000 (1,644 pos/s)
[r0] stream batch 14544/15625: 14,893,056/16,000,000 (1,607 pos/s)
[r1] stream batch 14880/15625: 15,237,120/16,000,000 (1,644 pos/s)
[r0] stream batch 14560/15625: 14,909,440/16,000,000 (1,607 pos/s)
[r1] stream batch 14896/15625: 15,253,504/16,000,000 (1,644 pos/s)
[r0] stream batch 14576/15625: 14,925,824/16,000,000 (1,607 pos/s)
[r1] stream batch 14912/15625: 15,269,888/16,000,000 (1,644 pos/s)
[r0] stream batch 14592/15625: 14,942,208/16,000,000 (1,607 pos/s)
[r1] stream batch 14928/15625: 15,286,272/16,000,000 (1,644 pos/s)
[r0] stream batch 14608/15625: 14,958,592/16,000,000 (1,607 pos/s)
[r1] stream batch 14944/15625: 15,302,656/16,000,000 (1,644 pos/s)
[r0] stream batch 14624/15625: 14,974,976/16,000,000 (1,607 pos/s)
[r1] stream batch 14960/15625: 15,319,040/16,000,000 (1,644 pos/s)
[r0] stream batch 14640/15625: 14,991,360/16,000,000 (1,607 pos/s)
[r1] stream batch 14976/15625: 15,335,424/16,000,000 (1,644 pos/s)
[r0] stream batch 14656/15625: 15,007,744/16,000,000 (1,607 pos/s)
[r1] stream batch 14992/15625: 15,351,808/16,000,000 (1,644 pos/s)
[r0] stream batch 14672/15625: 15,024,128/16,000,000 (1,607 pos/s)
[r1] stream batch 15008/15625: 15,368,192/16,000,000 (1,644 pos/s)
[r1] stream batch 15024/15625: 15,384,576/16,000,000 (1,644 pos/s)
[r0] stream batch 14688/15625: 15,040,512/16,000,000 (1,607 pos/s)
[r1] stream batch 15040/15625: 15,400,960/16,000,000 (1,644 pos/s)
[r0] stream batch 14704/15625: 15,056,896/16,000,000 (1,607 pos/s)
[r1] stream batch 15056/15625: 15,417,344/16,000,000 (1,644 pos/s)
[r0] stream batch 14720/15625: 15,073,280/16,000,000 (1,607 pos/s)
[r1] stream batch 15072/15625: 15,433,728/16,000,000 (1,644 pos/s)
[r0] stream batch 14736/15625: 15,089,664/16,000,000 (1,608 pos/s)
[r1] stream batch 15088/15625: 15,450,112/16,000,000 (1,645 pos/s)
[r0] stream batch 14752/15625: 15,106,048/16,000,000 (1,608 pos/s)
[r1] stream batch 15104/15625: 15,466,496/16,000,000 (1,645 pos/s)
[r0] stream batch 14768/15625: 15,122,432/16,000,000 (1,608 pos/s)
[r1] stream batch 15120/15625: 15,482,880/16,000,000 (1,645 pos/s)
[r0] stream batch 14784/15625: 15,138,816/16,000,000 (1,608 pos/s)
[r1] stream batch 15136/15625: 15,499,264/16,000,000 (1,645 pos/s)
[r0] stream batch 14800/15625: 15,155,200/16,000,000 (1,608 pos/s)
[r1] stream batch 15152/15625: 15,515,648/16,000,000 (1,645 pos/s)
[r0] stream batch 14816/15625: 15,171,584/16,000,000 (1,608 pos/s)
[r1] stream batch 15168/15625: 15,532,032/16,000,000 (1,645 pos/s)
[r0] stream batch 14832/15625: 15,187,968/16,000,000 (1,608 pos/s)
[r1] stream batch 15184/15625: 15,548,416/16,000,000 (1,645 pos/s)
[r0] stream batch 14848/15625: 15,204,352/16,000,000 (1,608 pos/s)
[r1] stream batch 15200/15625: 15,564,800/16,000,000 (1,645 pos/s)
[r0] stream batch 14864/15625: 15,220,736/16,000,000 (1,608 pos/s)
[r1] stream batch 15216/15625: 15,581,184/16,000,000 (1,645 pos/s)
[r0] stream batch 14880/15625: 15,237,120/16,000,000 (1,608 pos/s)
[r1] stream batch 15232/15625: 15,597,568/16,000,000 (1,645 pos/s)
[r0] stream batch 14896/15625: 15,253,504/16,000,000 (1,608 pos/s)
[r1] stream batch 15248/15625: 15,613,952/16,000,000 (1,645 pos/s)
[r0] stream batch 14912/15625: 15,269,888/16,000,000 (1,608 pos/s)
[r1] stream batch 15264/15625: 15,630,336/16,000,000 (1,645 pos/s)
[r0] stream batch 14928/15625: 15,286,272/16,000,000 (1,608 pos/s)
[r1] stream batch 15280/15625: 15,646,720/16,000,000 (1,645 pos/s)
[r0] stream batch 14944/15625: 15,302,656/16,000,000 (1,608 pos/s)
[r1] stream batch 15296/15625: 15,663,104/16,000,000 (1,645 pos/s)
[r0] stream batch 14960/15625: 15,319,040/16,000,000 (1,608 pos/s)
[r1] stream batch 15312/15625: 15,679,488/16,000,000 (1,645 pos/s)
[r0] stream batch 14976/15625: 15,335,424/16,000,000 (1,609 pos/s)
[r1] stream batch 15328/15625: 15,695,872/16,000,000 (1,645 pos/s)
[r0] stream batch 14992/15625: 15,351,808/16,000,000 (1,609 pos/s)
[r1] stream batch 15344/15625: 15,712,256/16,000,000 (1,645 pos/s)
[r0] stream batch 15008/15625: 15,368,192/16,000,000 (1,609 pos/s)
[r1] stream batch 15360/15625: 15,728,640/16,000,000 (1,646 pos/s)
[r0] stream batch 15024/15625: 15,384,576/16,000,000 (1,609 pos/s)
[r1] stream batch 15376/15625: 15,745,024/16,000,000 (1,646 pos/s)
[r0] stream batch 15040/15625: 15,400,960/16,000,000 (1,609 pos/s)
[r1] stream batch 15392/15625: 15,761,408/16,000,000 (1,646 pos/s)
[r0] stream batch 15056/15625: 15,417,344/16,000,000 (1,609 pos/s)
[r1] stream batch 15408/15625: 15,777,792/16,000,000 (1,646 pos/s)
[r0] stream batch 15072/15625: 15,433,728/16,000,000 (1,609 pos/s)
[r1] stream batch 15424/15625: 15,794,176/16,000,000 (1,646 pos/s)
[r0] stream batch 15088/15625: 15,450,112/16,000,000 (1,609 pos/s)
[r1] stream batch 15440/15625: 15,810,560/16,000,000 (1,646 pos/s)
[r0] stream batch 15104/15625: 15,466,496/16,000,000 (1,609 pos/s)
[r1] stream batch 15456/15625: 15,826,944/16,000,000 (1,646 pos/s)
[r0] stream batch 15120/15625: 15,482,880/16,000,000 (1,609 pos/s)
[r1] stream batch 15472/15625: 15,843,328/16,000,000 (1,646 pos/s)
[r0] stream batch 15136/15625: 15,499,264/16,000,000 (1,609 pos/s)
[r1] stream batch 15488/15625: 15,859,712/16,000,000 (1,646 pos/s)
[r0] stream batch 15152/15625: 15,515,648/16,000,000 (1,609 pos/s)
[r1] stream batch 15504/15625: 15,876,096/16,000,000 (1,646 pos/s)
[r0] stream batch 15168/15625: 15,532,032/16,000,000 (1,609 pos/s)
[r1] stream batch 15520/15625: 15,892,480/16,000,000 (1,646 pos/s)
[r0] stream batch 15184/15625: 15,548,416/16,000,000 (1,609 pos/s)
[r1] stream batch 15536/15625: 15,908,864/16,000,000 (1,646 pos/s)
[r0] stream batch 15200/15625: 15,564,800/16,000,000 (1,609 pos/s)
[r1] stream batch 15552/15625: 15,925,248/16,000,000 (1,646 pos/s)
[r0] stream batch 15216/15625: 15,581,184/16,000,000 (1,609 pos/s)
[r1] stream batch 15568/15625: 15,941,632/16,000,000 (1,646 pos/s)
[r0] stream batch 15232/15625: 15,597,568/16,000,000 (1,609 pos/s)
[r1] stream batch 15584/15625: 15,958,016/16,000,000 (1,646 pos/s)
[r0] stream batch 15248/15625: 15,613,952/16,000,000 (1,609 pos/s)
[r1] stream batch 15600/15625: 15,974,400/16,000,000 (1,646 pos/s)
[r0] stream batch 15264/15625: 15,630,336/16,000,000 (1,610 pos/s)
[r1] stream batch 15616/15625: 15,990,784/16,000,000 (1,646 pos/s)
[r0] stream batch 15280/15625: 15,646,720/16,000,000 (1,610 pos/s)
[r1] stream shard complete: 16,000,000 assigned, 16,370 detailed reservoir rows, 9719.8s
[r0] stream batch 15296/15625: 15,663,104/16,000,000 (1,610 pos/s)
[r0] stream batch 15312/15625: 15,679,488/16,000,000 (1,610 pos/s)
[r0] stream batch 15328/15625: 15,695,872/16,000,000 (1,610 pos/s)
[r0] stream batch 15344/15625: 15,712,256/16,000,000 (1,610 pos/s)
[r0] stream batch 15360/15625: 15,728,640/16,000,000 (1,610 pos/s)
[r0] stream batch 15376/15625: 15,745,024/16,000,000 (1,610 pos/s)
[r0] stream batch 15392/15625: 15,761,408/16,000,000 (1,610 pos/s)
[r0] stream batch 15408/15625: 15,777,792/16,000,000 (1,610 pos/s)
[r0] stream batch 15424/15625: 15,794,176/16,000,000 (1,610 pos/s)
[r0] stream batch 15440/15625: 15,810,560/16,000,000 (1,610 pos/s)
[r0] stream batch 15456/15625: 15,826,944/16,000,000 (1,610 pos/s)
[r0] stream batch 15472/15625: 15,843,328/16,000,000 (1,610 pos/s)
[r0] stream batch 15488/15625: 15,859,712/16,000,000 (1,611 pos/s)
[r0] stream batch 15504/15625: 15,876,096/16,000,000 (1,611 pos/s)
[r0] stream batch 15520/15625: 15,892,480/16,000,000 (1,611 pos/s)
[r0] stream batch 15536/15625: 15,908,864/16,000,000 (1,611 pos/s)
[r0] stream batch 15552/15625: 15,925,248/16,000,000 (1,611 pos/s)
[r0] stream batch 15568/15625: 15,941,632/16,000,000 (1,611 pos/s)
[r0] stream batch 15584/15625: 15,958,016/16,000,000 (1,611 pos/s)
[r0] stream batch 15600/15625: 15,974,400/16,000,000 (1,611 pos/s)
[r0] stream batch 15616/15625: 15,990,784/16,000,000 (1,611 pos/s)
[r0] stream shard complete: 16,000,000 assigned, 16,369 detailed reservoir rows, 9932.8s
[r0] stream collection ready: 32,000,000 assignments, 32,739 extraction rows
shm             352G  241G  111G  69% /dev/shm

########## 8 ownership extraction -> banks ##########
2026-08-10T09:12:53+00:00
[r0] extract_ps: labels from labels_C8192.pt, C=8192, T=1.0, s=8
[r0] extract_ps hf.model.layers.0.self_attn.q_proj: mean top-1 share 0.213
[r0] extract_ps hf.model.layers.0.self_attn.k_proj: mean top-1 share 0.212
[r0] extract_ps hf.model.layers.0.self_attn.v_proj: mean top-1 share 0.193
[r0] extract_ps hf.model.layers.0.self_attn.o_proj: mean top-1 share 0.193
[r0] extract_ps hf.model.layers.0.mlp.gate_proj: mean top-1 share 0.199
[r0] extract_ps hf.model.layers.0.mlp.up_proj: mean top-1 share 0.199
[r0] extract_ps hf.model.layers.0.mlp.down_proj: mean top-1 share 0.210
[r0] extract_ps hf.model.layers.1.self_attn.q_proj: mean top-1 share 0.205
[r0] extract_ps hf.model.layers.1.self_attn.k_proj: mean top-1 share 0.204
[r0] extract_ps hf.model.layers.1.self_attn.v_proj: mean top-1 share 0.189
[r0] extract_ps hf.model.layers.1.self_attn.o_proj: mean top-1 share 0.188
[r0] extract_ps hf.model.layers.1.mlp.gate_proj: mean top-1 share 0.198
[r0] extract_ps hf.model.layers.1.mlp.up_proj: mean top-1 share 0.194
[r0] extract_ps hf.model.layers.1.mlp.down_proj: mean top-1 share 0.201
[r0] extract_ps hf.model.layers.2.self_attn.q_proj: mean top-1 share 0.201
[r0] extract_ps hf.model.layers.2.self_attn.k_proj: mean top-1 share 0.199
[r0] extract_ps hf.model.layers.2.self_attn.v_proj: mean top-1 share 0.188
[r0] extract_ps hf.model.layers.2.self_attn.o_proj: mean top-1 share 0.188
[r0] extract_ps hf.model.layers.2.mlp.gate_proj: mean top-1 share 0.201
[r0] extract_ps hf.model.layers.2.mlp.up_proj: mean top-1 share 0.192
[r0] extract_ps hf.model.layers.2.mlp.down_proj: mean top-1 share 0.204
[r0] extract_ps hf.model.layers.3.self_attn.q_proj: mean top-1 share 0.200
[r0] extract_ps hf.model.layers.3.self_attn.k_proj: mean top-1 share 0.188
[r0] extract_ps hf.model.layers.3.self_attn.v_proj: mean top-1 share 0.183
[r0] extract_ps hf.model.layers.3.self_attn.o_proj: mean top-1 share 0.183
[r0] extract_ps hf.model.layers.3.mlp.gate_proj: mean top-1 share 0.208
[r0] extract_ps hf.model.layers.3.mlp.up_proj: mean top-1 share 0.198
[r0] extract_ps hf.model.layers.3.mlp.down_proj: mean top-1 share 0.203
[r0] extract_ps hf.model.layers.4.self_attn.q_proj: mean top-1 share 0.201
[r0] extract_ps hf.model.layers.4.self_attn.k_proj: mean top-1 share 0.191
[r0] extract_ps hf.model.layers.4.self_attn.v_proj: mean top-1 share 0.178
[r0] extract_ps hf.model.layers.4.self_attn.o_proj: mean top-1 share 0.183
[r0] extract_ps hf.model.layers.4.mlp.gate_proj: mean top-1 share 0.211
[r0] extract_ps hf.model.layers.4.mlp.up_proj: mean top-1 share 0.201
[r0] extract_ps hf.model.layers.4.mlp.down_proj: mean top-1 share 0.206
[r0] extract_ps hf.model.layers.5.self_attn.q_proj: mean top-1 share 0.200
[r0] extract_ps hf.model.layers.5.self_attn.k_proj: mean top-1 share 0.199
[r0] extract_ps hf.model.layers.5.self_attn.v_proj: mean top-1 share 0.175
[r0] extract_ps hf.model.layers.5.self_attn.o_proj: mean top-1 share 0.181
[r0] extract_ps hf.model.layers.5.mlp.gate_proj: mean top-1 share 0.210
[r0] extract_ps hf.model.layers.5.mlp.up_proj: mean top-1 share 0.200
[r0] extract_ps hf.model.layers.5.mlp.down_proj: mean top-1 share 0.205
[r0] extract_ps hf.model.layers.6.self_attn.q_proj: mean top-1 share 0.209
[r0] extract_ps hf.model.layers.6.self_attn.k_proj: mean top-1 share 0.200
[r0] extract_ps hf.model.layers.6.self_attn.v_proj: mean top-1 share 0.173
[r0] extract_ps hf.model.layers.6.self_attn.o_proj: mean top-1 share 0.182
[r0] extract_ps hf.model.layers.6.mlp.gate_proj: mean top-1 share 0.212
[r0] extract_ps hf.model.layers.6.mlp.up_proj: mean top-1 share 0.203
[r0] extract_ps hf.model.layers.6.mlp.down_proj: mean top-1 share 0.205
[r0] extract_ps hf.model.layers.7.self_attn.q_proj: mean top-1 share 0.208
[r0] extract_ps hf.model.layers.7.self_attn.k_proj: mean top-1 share 0.209
[r0] extract_ps hf.model.layers.7.self_attn.v_proj: mean top-1 share 0.172
[r0] extract_ps hf.model.layers.7.self_attn.o_proj: mean top-1 share 0.184
[r0] extract_ps hf.model.layers.7.mlp.gate_proj: mean top-1 share 0.216
[r0] extract_ps hf.model.layers.7.mlp.up_proj: mean top-1 share 0.207
[r0] extract_ps hf.model.layers.7.mlp.down_proj: mean top-1 share 0.208
[r0] extract_ps hf.model.layers.8.self_attn.q_proj: mean top-1 share 0.208
[r0] extract_ps hf.model.layers.8.self_attn.k_proj: mean top-1 share 0.226
[r0] extract_ps hf.model.layers.8.self_attn.v_proj: mean top-1 share 0.176
[r0] extract_ps hf.model.layers.8.self_attn.o_proj: mean top-1 share 0.186
[r0] extract_ps hf.model.layers.8.mlp.gate_proj: mean top-1 share 0.222
[r0] extract_ps hf.model.layers.8.mlp.up_proj: mean top-1 share 0.210
[r0] extract_ps hf.model.layers.8.mlp.down_proj: mean top-1 share 0.211
[r0] extract_ps hf.model.layers.9.self_attn.q_proj: mean top-1 share 0.220
[r0] extract_ps hf.model.layers.9.self_attn.k_proj: mean top-1 share 0.209
[r0] extract_ps hf.model.layers.9.self_attn.v_proj: mean top-1 share 0.175
[r0] extract_ps hf.model.layers.9.self_attn.o_proj: mean top-1 share 0.192
[r0] extract_ps hf.model.layers.9.mlp.gate_proj: mean top-1 share 0.227
[r0] extract_ps hf.model.layers.9.mlp.up_proj: mean top-1 share 0.215
[r0] extract_ps hf.model.layers.9.mlp.down_proj: mean top-1 share 0.216
[r0] extract_ps hf.model.layers.10.self_attn.q_proj: mean top-1 share 0.217
[r0] extract_ps hf.model.layers.10.self_attn.k_proj: mean top-1 share 0.222
[r0] extract_ps hf.model.layers.10.self_attn.v_proj: mean top-1 share 0.174
[r0] extract_ps hf.model.layers.10.self_attn.o_proj: mean top-1 share 0.193
[r0] extract_ps hf.model.layers.10.mlp.gate_proj: mean top-1 share 0.226
[r0] extract_ps hf.model.layers.10.mlp.up_proj: mean top-1 share 0.213
[r0] extract_ps hf.model.layers.10.mlp.down_proj: mean top-1 share 0.217
[r0] extract_ps hf.model.layers.11.self_attn.q_proj: mean top-1 share 0.223
[r0] extract_ps hf.model.layers.11.self_attn.k_proj: mean top-1 share 0.230
[r0] extract_ps hf.model.layers.11.self_attn.v_proj: mean top-1 share 0.179
[r0] extract_ps hf.model.layers.11.self_attn.o_proj: mean top-1 share 0.197
[r0] extract_ps hf.model.layers.11.mlp.gate_proj: mean top-1 share 0.224
[r0] extract_ps hf.model.layers.11.mlp.up_proj: mean top-1 share 0.216
[r0] extract_ps hf.model.layers.11.mlp.down_proj: mean top-1 share 0.214
[r0] extract_ps hf.model.layers.12.self_attn.q_proj: mean top-1 share 0.222
[r0] extract_ps hf.model.layers.12.self_attn.k_proj: mean top-1 share 0.210
[r0] extract_ps hf.model.layers.12.self_attn.v_proj: mean top-1 share 0.185
[r0] extract_ps hf.model.layers.12.self_attn.o_proj: mean top-1 share 0.196
[r0] extract_ps hf.model.layers.12.mlp.gate_proj: mean top-1 share 0.223
[r0] extract_ps hf.model.layers.12.mlp.up_proj: mean top-1 share 0.220
[r0] extract_ps hf.model.layers.12.mlp.down_proj: mean top-1 share 0.208
[r0] extract_ps hf.model.layers.13.self_attn.q_proj: mean top-1 share 0.201
[r0] extract_ps hf.model.layers.13.self_attn.k_proj: mean top-1 share 0.214
[r0] extract_ps hf.model.layers.13.self_attn.v_proj: mean top-1 share 0.189
[r0] extract_ps hf.model.layers.13.self_attn.o_proj: mean top-1 share 0.188
[r0] extract_ps hf.model.layers.13.mlp.gate_proj: mean top-1 share 0.191
[r0] extract_ps hf.model.layers.13.mlp.up_proj: mean top-1 share 0.192
[r0] extract_ps hf.model.layers.13.mlp.down_proj: mean top-1 share 0.191
[r0] extract_ps hf.model.layers.14.self_attn.q_proj: mean top-1 share 0.187
[r0] extract_ps hf.model.layers.14.self_attn.k_proj: mean top-1 share 0.201
[r0] extract_ps hf.model.layers.14.self_attn.v_proj: mean top-1 share 0.195
[r0] extract_ps hf.model.layers.14.self_attn.o_proj: mean top-1 share 0.167
[r0] extract_ps hf.model.layers.14.mlp.gate_proj: mean top-1 share 0.190
[r0] extract_ps hf.model.layers.14.mlp.up_proj: mean top-1 share 0.193
[r0] extract_ps hf.model.layers.14.mlp.down_proj: mean top-1 share 0.194
[r0] extract_ps hf.model.layers.15.self_attn.q_proj: mean top-1 share 0.184
[r0] extract_ps hf.model.layers.15.self_attn.k_proj: mean top-1 share 0.204
[r0] extract_ps hf.model.layers.15.self_attn.v_proj: mean top-1 share 0.196
[r0] extract_ps hf.model.layers.15.self_attn.o_proj: mean top-1 share 0.150
[r0] extract_ps hf.model.layers.15.mlp.gate_proj: mean top-1 share 0.185
[r0] extract_ps hf.model.layers.15.mlp.up_proj: mean top-1 share 0.195
[r0] extract_ps hf.model.layers.15.mlp.down_proj: mean top-1 share 0.190
[r0] softpart banks saved (_flagship)
FLAGSHIP_DONE: /dev/shm/geo1b/fl_streamC8192
2026-08-10T09:38:34+00:00
