=== token stream (1011875840 tokens) ===
=== bounded pilot fingerprints (262144 positions) ===
W0804 06:48:36.979000 92568 torch/distributed/run.py:774] 
W0804 06:48:36.979000 92568 torch/distributed/run.py:774] *****************************************
W0804 06:48:36.979000 92568 torch/distributed/run.py:774] Setting OMP_NUM_THREADS environment variable for each process to be 1 in default, to avoid your system being overloaded, please further tune the variable for optimal performance in your application as needed. 
W0804 06:48:36.979000 92568 torch/distributed/run.py:774] *****************************************
[r1] collect-fast batch 0/9 (4s)
[r0] collect-fast batch 0/9 (5s)
[r1] collect-fast done: 131072 fingerprints, id=81f704077683d6ff, 27.1s
[r0] collect-fast done: 131072 fingerprints, id=81f704077683d6ff, 28.9s
=== frozen PCA + spherical centroids (pilot only) ===
[r0] stream-fit: loaded bounded pilot [262144, 65536]
[r0] stream-fit: PCA subspace iteration 1/4
[r0] stream-fit: PCA subspace iteration 2/4
[r0] stream-fit: PCA subspace iteration 3/4
[r0] stream-fit: PCA subspace iteration 4/4
[r0] stream-fit: k-means 1/30, mean cosine=0.67088, empty=0
[r0] stream-fit: k-means 5/30, mean cosine=0.77552, empty=0
[r0] stream-fit: k-means 10/30, mean cosine=0.77957, empty=0
[r0] stream-fit: k-means 15/30, mean cosine=0.78062, empty=0
[r0] stream-fit: k-means 20/30, mean cosine=0.78103, empty=0
[r0] stream-fit: k-means 25/30, mean cosine=0.78121, empty=0
[r0] stream-fit: k-means 30/30, mean cosine=0.78127, empty=0
[r0] stream-fit complete: model=52bb132b16f452ee, C=4096, d=256
=== streamed assignment (1000000000 positions; resumable) ===
W0804 06:50:17.496000 92903 torch/distributed/run.py:774] 
W0804 06:50:17.496000 92903 torch/distributed/run.py:774] *****************************************
W0804 06:50:17.496000 92903 torch/distributed/run.py:774] Setting OMP_NUM_THREADS environment variable for each process to be 1 in default, to avoid your system being overloaded, please further tune the variable for optimal performance in your application as needed. 
W0804 06:50:17.496000 92903 torch/distributed/run.py:774] *****************************************
[r1] stream batch 1/30880: 16,192/500,000,000 (970 pos/s)
[r0] stream batch 1/30880: 16,192/500,000,000 (803 pos/s)
[r0] stream batch 16/30880: 259,072/500,000,000 (3,305 pos/s)
[r1] stream batch 16/30880: 259,072/500,000,000 (2,861 pos/s)
[r0] stream batch 32/30880: 518,144/500,000,000 (5,313 pos/s)
[r1] stream batch 32/30880: 518,144/500,000,000 (4,782 pos/s)
[r0] stream batch 48/30880: 777,216/500,000,000 (7,013 pos/s)
[r1] stream batch 48/30880: 777,216/500,000,000 (6,348 pos/s)
[r0] stream batch 64/30880: 1,036,288/500,000,000 (8,450 pos/s)
[r0] stream batch 80/30880: 1,295,360/500,000,000 (9,691 pos/s)
[r1] stream batch 64/30880: 1,036,288/500,000,000 (7,714 pos/s)
[r0] stream batch 96/30880: 1,554,432/500,000,000 (10,801 pos/s)
[r1] stream batch 80/30880: 1,295,360/500,000,000 (8,949 pos/s)
[r0] stream batch 112/30880: 1,813,504/500,000,000 (11,779 pos/s)
[r1] stream batch 96/30880: 1,554,432/500,000,000 (10,021 pos/s)
[r0] stream batch 128/30880: 2,072,576/500,000,000 (12,660 pos/s)
[r1] stream batch 112/30880: 1,813,504/500,000,000 (10,988 pos/s)
[r0] stream batch 144/30880: 2,331,648/500,000,000 (13,466 pos/s)
[r1] stream batch 128/30880: 2,072,576/500,000,000 (11,851 pos/s)
[r0] stream batch 160/30880: 2,590,720/500,000,000 (14,196 pos/s)
[r1] stream batch 144/30880: 2,331,648/500,000,000 (12,657 pos/s)
[r0] stream batch 176/30880: 2,849,792/500,000,000 (14,865 pos/s)
[r1] stream batch 160/30880: 2,590,720/500,000,000 (13,391 pos/s)
[r0] stream batch 192/30880: 3,108,864/500,000,000 (15,489 pos/s)
[r1] stream batch 176/30880: 2,849,792/500,000,000 (14,075 pos/s)
[r0] stream batch 208/30880: 3,367,936/500,000,000 (16,072 pos/s)
[r1] stream batch 192/30880: 3,108,864/500,000,000 (14,698 pos/s)
[r0] stream batch 224/30880: 3,627,008/500,000,000 (16,601 pos/s)
[r1] stream batch 208/30880: 3,367,936/500,000,000 (15,296 pos/s)
[r0] stream batch 240/30880: 3,886,080/500,000,000 (17,115 pos/s)
[r1] stream batch 224/30880: 3,627,008/500,000,000 (15,827 pos/s)
[r0] stream batch 256/30880: 4,145,152/500,000,000 (17,591 pos/s)
[r1] stream batch 240/30880: 3,886,080/500,000,000 (16,366 pos/s)
[r0] stream batch 272/30880: 4,404,224/500,000,000 (18,033 pos/s)
[r1] stream batch 256/30880: 4,145,152/500,000,000 (16,828 pos/s)
[r0] stream batch 288/30880: 4,663,296/500,000,000 (18,454 pos/s)
[r1] stream batch 272/30880: 4,404,224/500,000,000 (17,281 pos/s)
[r0] stream batch 304/30880: 4,922,368/500,000,000 (18,838 pos/s)
[r1] stream batch 288/30880: 4,663,296/500,000,000 (17,714 pos/s)
[r0] stream batch 320/30880: 5,181,440/500,000,000 (19,210 pos/s)
[r1] stream batch 304/30880: 4,922,368/500,000,000 (18,107 pos/s)
[r0] stream batch 336/30880: 5,440,512/500,000,000 (19,569 pos/s)
[r1] stream batch 320/30880: 5,181,440/500,000,000 (18,500 pos/s)
[r0] stream batch 352/30880: 5,699,584/500,000,000 (19,899 pos/s)
[r1] stream batch 336/30880: 5,440,512/500,000,000 (18,857 pos/s)
[r0] stream batch 368/30880: 5,958,656/500,000,000 (20,252 pos/s)
[r1] stream batch 352/30880: 5,699,584/500,000,000 (19,196 pos/s)
[r0] stream batch 384/30880: 6,217,728/500,000,000 (20,562 pos/s)
[r1] stream batch 368/30880: 5,958,656/500,000,000 (19,551 pos/s)
[r0] stream batch 400/30880: 6,476,800/500,000,000 (20,856 pos/s)
[r1] stream batch 384/30880: 6,217,728/500,000,000 (19,861 pos/s)
[r0] stream batch 416/30880: 6,735,872/500,000,000 (21,134 pos/s)
[r1] stream batch 400/30880: 6,476,800/500,000,000 (20,159 pos/s)
[r0] stream batch 432/30880: 6,994,944/500,000,000 (21,405 pos/s)
[r1] stream batch 416/30880: 6,735,872/500,000,000 (20,452 pos/s)
[r0] stream batch 448/30880: 7,254,016/500,000,000 (21,671 pos/s)
[r1] stream batch 432/30880: 6,994,944/500,000,000 (20,733 pos/s)
[r0] stream batch 464/30880: 7,513,088/500,000,000 (21,912 pos/s)
[r1] stream batch 448/30880: 7,254,016/500,000,000 (20,975 pos/s)
[r0] stream batch 480/30880: 7,772,160/500,000,000 (22,136 pos/s)
[r1] stream batch 464/30880: 7,513,088/500,000,000 (21,197 pos/s)
[r0] stream batch 496/30880: 8,031,232/500,000,000 (22,349 pos/s)
[r1] stream batch 480/30880: 7,772,160/500,000,000 (21,426 pos/s)
[r0] stream batch 512/30880: 8,290,304/500,000,000 (22,555 pos/s)
[r1] stream batch 496/30880: 8,031,232/500,000,000 (21,651 pos/s)
[r0] stream batch 528/30880: 8,549,376/500,000,000 (22,773 pos/s)
[r1] stream batch 512/30880: 8,290,304/500,000,000 (21,869 pos/s)
[r0] stream batch 544/30880: 8,808,448/500,000,000 (22,965 pos/s)
[r1] stream batch 528/30880: 8,549,376/500,000,000 (22,083 pos/s)
[r0] stream batch 560/30880: 9,067,520/500,000,000 (23,165 pos/s)
[r1] stream batch 544/30880: 8,808,448/500,000,000 (22,282 pos/s)
[r0] stream batch 576/30880: 9,326,592/500,000,000 (23,360 pos/s)
[r1] stream batch 560/30880: 9,067,520/500,000,000 (22,481 pos/s)
[r0] stream batch 592/30880: 9,585,664/500,000,000 (23,541 pos/s)
[r1] stream batch 576/30880: 9,326,592/500,000,000 (22,683 pos/s)
[r0] stream batch 608/30880: 9,844,736/500,000,000 (23,728 pos/s)
[r1] stream batch 592/30880: 9,585,664/500,000,000 (22,873 pos/s)
[r0] stream batch 624/30880: 10,103,808/500,000,000 (23,891 pos/s)
[r1] stream batch 608/30880: 9,844,736/500,000,000 (23,062 pos/s)
[r0] stream batch 640/30880: 10,362,880/500,000,000 (24,048 pos/s)
[r1] stream batch 624/30880: 10,103,808/500,000,000 (23,234 pos/s)
[r0] stream batch 656/30880: 10,621,952/500,000,000 (24,202 pos/s)
[r1] stream batch 640/30880: 10,362,880/500,000,000 (23,399 pos/s)
[r0] stream batch 672/30880: 10,881,024/500,000,000 (24,346 pos/s)
[r1] stream batch 656/30880: 10,621,952/500,000,000 (23,561 pos/s)
[r0] stream batch 688/30880: 11,140,096/500,000,000 (24,498 pos/s)
[r1] stream batch 672/30880: 10,881,024/500,000,000 (23,716 pos/s)
[r0] stream batch 704/30880: 11,399,168/500,000,000 (24,654 pos/s)
[r1] stream batch 688/30880: 11,140,096/500,000,000 (23,872 pos/s)
[r0] stream batch 720/30880: 11,658,240/500,000,000 (24,785 pos/s)
[r1] stream batch 704/30880: 11,399,168/500,000,000 (24,035 pos/s)
[r0] stream batch 736/30880: 11,917,312/500,000,000 (24,919 pos/s)
[r1] stream batch 720/30880: 11,658,240/500,000,000 (24,173 pos/s)
[r0] stream batch 752/30880: 12,176,384/500,000,000 (25,048 pos/s)
[r1] stream batch 736/30880: 11,917,312/500,000,000 (24,311 pos/s)
[r0] stream batch 768/30880: 12,435,456/500,000,000 (25,166 pos/s)
[r1] stream batch 752/30880: 12,176,384/500,000,000 (24,452 pos/s)
[r0] stream batch 784/30880: 12,694,528/500,000,000 (25,295 pos/s)
[r1] stream batch 768/30880: 12,435,456/500,000,000 (24,579 pos/s)
[r0] stream batch 800/30880: 12,953,600/500,000,000 (25,426 pos/s)
[r1] stream batch 784/30880: 12,694,528/500,000,000 (24,704 pos/s)
[r0] stream batch 816/30880: 13,212,672/500,000,000 (25,545 pos/s)
[r1] stream batch 800/30880: 12,953,600/500,000,000 (24,835 pos/s)
[r0] stream batch 832/30880: 13,471,744/500,000,000 (25,660 pos/s)
[r1] stream batch 816/30880: 13,212,672/500,000,000 (24,955 pos/s)
[r0] stream batch 848/30880: 13,730,816/500,000,000 (25,771 pos/s)
[r1] stream batch 832/30880: 13,471,744/500,000,000 (25,071 pos/s)
[r0] stream batch 864/30880: 13,989,888/500,000,000 (25,876 pos/s)
[r1] stream batch 848/30880: 13,730,816/500,000,000 (25,185 pos/s)
[r0] stream batch 880/30880: 14,248,960/500,000,000 (25,985 pos/s)
[r1] stream batch 864/30880: 13,989,888/500,000,000 (25,268 pos/s)
[r0] stream batch 896/30880: 14,508,032/500,000,000 (26,093 pos/s)
[r1] stream batch 880/30880: 14,248,960/500,000,000 (25,362 pos/s)
[r0] stream batch 912/30880: 14,767,104/500,000,000 (26,194 pos/s)
[r1] stream batch 896/30880: 14,508,032/500,000,000 (25,469 pos/s)
[r0] stream batch 928/30880: 15,026,176/500,000,000 (26,317 pos/s)
[r1] stream batch 912/30880: 14,767,104/500,000,000 (25,576 pos/s)
[r0] stream batch 944/30880: 15,285,248/500,000,000 (26,409 pos/s)
[r1] stream batch 928/30880: 15,026,176/500,000,000 (25,702 pos/s)
[r0] stream batch 960/30880: 15,544,320/500,000,000 (26,500 pos/s)
[r1] stream batch 944/30880: 15,285,248/500,000,000 (25,792 pos/s)
[r0] stream batch 976/30880: 15,803,392/500,000,000 (26,591 pos/s)
[r1] stream batch 960/30880: 15,544,320/500,000,000 (25,892 pos/s)
[r0] stream batch 992/30880: 16,062,464/500,000,000 (26,691 pos/s)
[r1] stream batch 976/30880: 15,803,392/500,000,000 (25,985 pos/s)
[r0] stream batch 1008/30880: 16,321,536/500,000,000 (26,776 pos/s)
[r1] stream batch 992/30880: 16,062,464/500,000,000 (26,082 pos/s)
[r0] stream batch 1024/30880: 16,580,608/500,000,000 (26,861 pos/s)
[r1] stream batch 1008/30880: 16,321,536/500,000,000 (26,158 pos/s)
[r0] stream batch 1040/30880: 16,839,680/500,000,000 (26,954 pos/s)
[r1] stream batch 1024/30880: 16,580,608/500,000,000 (26,249 pos/s)
[r0] stream batch 1056/30880: 17,098,752/500,000,000 (27,037 pos/s)
[r1] stream batch 1040/30880: 16,839,680/500,000,000 (26,337 pos/s)
[r0] stream batch 1072/30880: 17,357,824/500,000,000 (27,119 pos/s)
[r1] stream batch 1056/30880: 17,098,752/500,000,000 (26,410 pos/s)
[r0] stream batch 1088/30880: 17,616,896/500,000,000 (27,197 pos/s)
[r1] stream batch 1072/30880: 17,357,824/500,000,000 (26,499 pos/s)
[r0] stream batch 1104/30880: 17,875,968/500,000,000 (27,275 pos/s)
[r1] stream batch 1088/30880: 17,616,896/500,000,000 (26,578 pos/s)
[r0] stream batch 1120/30880: 18,135,040/500,000,000 (27,356 pos/s)
[r1] stream batch 1104/30880: 17,875,968/500,000,000 (26,652 pos/s)
[r0] stream batch 1136/30880: 18,394,112/500,000,000 (27,429 pos/s)
[r1] stream batch 1120/30880: 18,135,040/500,000,000 (26,729 pos/s)
[r0] stream batch 1152/30880: 18,653,184/500,000,000 (27,501 pos/s)
[r1] stream batch 1136/30880: 18,394,112/500,000,000 (26,810 pos/s)
[r0] stream batch 1168/30880: 18,912,256/500,000,000 (27,563 pos/s)
[r1] stream batch 1152/30880: 18,653,184/500,000,000 (26,881 pos/s)
[r0] stream batch 1184/30880: 19,171,328/500,000,000 (27,633 pos/s)
[r1] stream batch 1168/30880: 18,912,256/500,000,000 (26,952 pos/s)
[r0] stream batch 1200/30880: 19,430,400/500,000,000 (27,701 pos/s)
[r1] stream batch 1184/30880: 19,171,328/500,000,000 (27,025 pos/s)
[r0] stream batch 1216/30880: 19,689,472/500,000,000 (27,766 pos/s)
[r1] stream batch 1200/30880: 19,430,400/500,000,000 (27,099 pos/s)
[r0] stream batch 1232/30880: 19,948,544/500,000,000 (27,827 pos/s)
[r1] stream batch 1216/30880: 19,689,472/500,000,000 (27,169 pos/s)
[r0] stream batch 1248/30880: 20,207,616/500,000,000 (27,891 pos/s)
[r1] stream batch 1232/30880: 19,948,544/500,000,000 (27,233 pos/s)
[r0] stream batch 1264/30880: 20,466,688/500,000,000 (27,949 pos/s)
[r1] stream batch 1248/30880: 20,207,616/500,000,000 (27,303 pos/s)
[r0] stream batch 1280/30880: 20,725,760/500,000,000 (28,010 pos/s)
[r1] stream batch 1264/30880: 20,466,688/500,000,000 (27,365 pos/s)
[r0] stream batch 1296/30880: 20,984,832/500,000,000 (28,073 pos/s)
[r1] stream batch 1280/30880: 20,725,760/500,000,000 (27,430 pos/s)
[r0] stream batch 1312/30880: 21,243,904/500,000,000 (28,129 pos/s)
[r1] stream batch 1296/30880: 20,984,832/500,000,000 (27,492 pos/s)
[r0] stream batch 1328/30880: 21,502,976/500,000,000 (28,192 pos/s)
[r1] stream batch 1312/30880: 21,243,904/500,000,000 (27,553 pos/s)
[r0] stream batch 1344/30880: 21,762,048/500,000,000 (28,249 pos/s)
[r1] stream batch 1328/30880: 21,502,976/500,000,000 (27,618 pos/s)
[r0] stream batch 1360/30880: 22,021,120/500,000,000 (28,303 pos/s)
[r1] stream batch 1344/30880: 21,762,048/500,000,000 (27,676 pos/s)
[r0] stream batch 1376/30880: 22,280,192/500,000,000 (28,355 pos/s)
[r0] stream batch 1392/30880: 22,539,264/500,000,000 (28,418 pos/s)
[r1] stream batch 1360/30880: 22,021,120/500,000,000 (27,735 pos/s)
[r0] stream batch 1408/30880: 22,798,336/500,000,000 (28,470 pos/s)
[r1] stream batch 1376/30880: 22,280,192/500,000,000 (27,787 pos/s)
[r0] stream batch 1424/30880: 23,057,408/500,000,000 (28,521 pos/s)
[r1] stream batch 1392/30880: 22,539,264/500,000,000 (27,850 pos/s)
[r0] stream batch 1440/30880: 23,316,480/500,000,000 (28,568 pos/s)
[r1] stream batch 1408/30880: 22,798,336/500,000,000 (27,898 pos/s)
[r0] stream batch 1456/30880: 23,575,552/500,000,000 (28,612 pos/s)
[r1] stream batch 1424/30880: 23,057,408/500,000,000 (27,950 pos/s)
[r0] stream batch 1472/30880: 23,834,624/500,000,000 (28,660 pos/s)
[r1] stream batch 1440/30880: 23,316,480/500,000,000 (27,999 pos/s)
[r0] stream batch 1488/30880: 24,093,696/500,000,000 (28,714 pos/s)
[r1] stream batch 1456/30880: 23,575,552/500,000,000 (28,051 pos/s)
[r0] stream batch 1504/30880: 24,352,768/500,000,000 (28,767 pos/s)
[r1] stream batch 1472/30880: 23,834,624/500,000,000 (28,100 pos/s)
[r0] stream batch 1520/30880: 24,611,840/500,000,000 (28,816 pos/s)
[r1] stream batch 1488/30880: 24,093,696/500,000,000 (28,152 pos/s)
[r0] stream batch 1536/30880: 24,870,912/500,000,000 (28,863 pos/s)
[r1] stream batch 1504/30880: 24,352,768/500,000,000 (28,207 pos/s)
[r0] stream batch 1552/30880: 25,129,984/500,000,000 (28,909 pos/s)
[r1] stream batch 1520/30880: 24,611,840/500,000,000 (28,259 pos/s)
[r0] stream batch 1568/30880: 25,389,056/500,000,000 (28,976 pos/s)
[r1] stream batch 1536/30880: 24,870,912/500,000,000 (28,305 pos/s)
[r0] stream batch 1584/30880: 25,648,128/500,000,000 (29,015 pos/s)
[r1] stream batch 1552/30880: 25,129,984/500,000,000 (28,348 pos/s)
[r0] stream batch 1600/30880: 25,907,200/500,000,000 (29,056 pos/s)
[r1] stream batch 1568/30880: 25,389,056/500,000,000 (28,419 pos/s)
[r0] stream batch 1616/30880: 26,166,272/500,000,000 (29,103 pos/s)
[r1] stream batch 1584/30880: 25,648,128/500,000,000 (28,466 pos/s)
[r0] stream batch 1632/30880: 26,425,344/500,000,000 (29,141 pos/s)
[r1] stream batch 1600/30880: 25,907,200/500,000,000 (28,506 pos/s)
[r0] stream batch 1648/30880: 26,684,416/500,000,000 (29,182 pos/s)
[r1] stream batch 1616/30880: 26,166,272/500,000,000 (28,557 pos/s)
[r0] stream batch 1664/30880: 26,943,488/500,000,000 (29,224 pos/s)
[r1] stream batch 1632/30880: 26,425,344/500,000,000 (28,595 pos/s)
[r0] stream batch 1680/30880: 27,202,560/500,000,000 (29,261 pos/s)
[r1] stream batch 1648/30880: 26,684,416/500,000,000 (28,647 pos/s)
[r0] stream batch 1696/30880: 27,461,632/500,000,000 (29,304 pos/s)
[r1] stream batch 1664/30880: 26,943,488/500,000,000 (28,691 pos/s)
[r0] stream batch 1712/30880: 27,720,704/500,000,000 (29,341 pos/s)
[r1] stream batch 1680/30880: 27,202,560/500,000,000 (28,729 pos/s)
[r0] stream batch 1728/30880: 27,979,776/500,000,000 (29,381 pos/s)
[r1] stream batch 1696/30880: 27,461,632/500,000,000 (28,772 pos/s)
[r0] stream batch 1744/30880: 28,238,848/500,000,000 (29,421 pos/s)
[r1] stream batch 1712/30880: 27,720,704/500,000,000 (28,810 pos/s)
[r0] stream batch 1760/30880: 28,497,920/500,000,000 (29,460 pos/s)
[r1] stream batch 1728/30880: 27,979,776/500,000,000 (28,851 pos/s)
[r0] stream batch 1776/30880: 28,756,992/500,000,000 (29,502 pos/s)
[r1] stream batch 1744/30880: 28,238,848/500,000,000 (28,897 pos/s)
[r0] stream batch 1792/30880: 29,016,064/500,000,000 (29,533 pos/s)
[r1] stream batch 1760/30880: 28,497,920/500,000,000 (28,935 pos/s)
[r0] stream batch 1808/30880: 29,275,136/500,000,000 (29,567 pos/s)
[r1] stream batch 1776/30880: 28,756,992/500,000,000 (28,977 pos/s)
[r0] stream batch 1824/30880: 29,534,208/500,000,000 (29,603 pos/s)
[r1] stream batch 1792/30880: 29,016,064/500,000,000 (29,011 pos/s)
[r0] stream batch 1840/30880: 29,793,280/500,000,000 (29,634 pos/s)
[r1] stream batch 1808/30880: 29,275,136/500,000,000 (29,050 pos/s)
[r0] stream batch 1856/30880: 30,052,352/500,000,000 (29,668 pos/s)
[r1] stream batch 1824/30880: 29,534,208/500,000,000 (29,090 pos/s)
[r0] stream batch 1872/30880: 30,311,424/500,000,000 (29,700 pos/s)
[r1] stream batch 1840/30880: 29,793,280/500,000,000 (29,127 pos/s)
[r0] stream batch 1888/30880: 30,570,496/500,000,000 (29,730 pos/s)
[r1] stream batch 1856/30880: 30,052,352/500,000,000 (29,161 pos/s)
[r0] stream batch 1904/30880: 30,829,568/500,000,000 (29,763 pos/s)
[r1] stream batch 1872/30880: 30,311,424/500,000,000 (29,197 pos/s)
[r0] stream batch 1920/30880: 31,088,640/500,000,000 (29,798 pos/s)
[r1] stream batch 1888/30880: 30,570,496/500,000,000 (29,233 pos/s)
[r0] stream batch 1936/30880: 31,347,712/500,000,000 (29,835 pos/s)
[r1] stream batch 1904/30880: 30,829,568/500,000,000 (29,273 pos/s)
[r0] stream batch 1952/30880: 31,606,784/500,000,000 (29,866 pos/s)
[r1] stream batch 1920/30880: 31,088,640/500,000,000 (29,304 pos/s)
[r0] stream batch 1968/30880: 31,865,856/500,000,000 (29,899 pos/s)
[r1] stream batch 1936/30880: 31,347,712/500,000,000 (29,343 pos/s)
[r0] stream batch 1984/30880: 32,124,928/500,000,000 (29,926 pos/s)
[r1] stream batch 1952/30880: 31,606,784/500,000,000 (29,376 pos/s)
[r0] stream batch 2000/30880: 32,384,000/500,000,000 (29,951 pos/s)
[r1] stream batch 1968/30880: 31,865,856/500,000,000 (29,411 pos/s)
[r0] stream batch 2016/30880: 32,643,072/500,000,000 (29,979 pos/s)
[r1] stream batch 1984/30880: 32,124,928/500,000,000 (29,444 pos/s)
[r0] stream batch 2032/30880: 32,902,144/500,000,000 (30,006 pos/s)
[r1] stream batch 2000/30880: 32,384,000/500,000,000 (29,474 pos/s)
[r0] stream batch 2048/30880: 33,161,216/500,000,000 (30,032 pos/s)
[r1] stream batch 2016/30880: 32,643,072/500,000,000 (29,504 pos/s)
[r0] stream batch 2064/30880: 33,420,288/500,000,000 (30,058 pos/s)
[r1] stream batch 2032/30880: 32,902,144/500,000,000 (29,533 pos/s)
[r0] stream batch 2080/30880: 33,679,360/500,000,000 (30,084 pos/s)
[r1] stream batch 2048/30880: 33,161,216/500,000,000 (29,559 pos/s)
[r0] stream batch 2096/30880: 33,938,432/500,000,000 (30,109 pos/s)
[r1] stream batch 2064/30880: 33,420,288/500,000,000 (29,585 pos/s)
[r0] stream batch 2112/30880: 34,197,504/500,000,000 (30,137 pos/s)
[r1] stream batch 2080/30880: 33,679,360/500,000,000 (29,612 pos/s)
[r0] stream batch 2128/30880: 34,456,576/500,000,000 (30,161 pos/s)
[r1] stream batch 2096/30880: 33,938,432/500,000,000 (29,637 pos/s)
[r0] stream batch 2144/30880: 34,715,648/500,000,000 (30,189 pos/s)
[r1] stream batch 2112/30880: 34,197,504/500,000,000 (29,667 pos/s)
[r0] stream batch 2160/30880: 34,974,720/500,000,000 (30,216 pos/s)
[r1] stream batch 2128/30880: 34,456,576/500,000,000 (29,699 pos/s)
[r0] stream batch 2176/30880: 35,233,792/500,000,000 (30,247 pos/s)
[r1] stream batch 2144/30880: 34,715,648/500,000,000 (29,730 pos/s)
[r0] stream batch 2192/30880: 35,492,864/500,000,000 (30,272 pos/s)
[r1] stream batch 2160/30880: 34,974,720/500,000,000 (29,757 pos/s)
[r0] stream batch 2208/30880: 35,751,936/500,000,000 (30,300 pos/s)
[r1] stream batch 2176/30880: 35,233,792/500,000,000 (29,795 pos/s)
[r0] stream batch 2224/30880: 36,011,008/500,000,000 (30,328 pos/s)
[r1] stream batch 2192/30880: 35,492,864/500,000,000 (29,821 pos/s)
[r0] stream batch 2240/30880: 36,270,080/500,000,000 (30,352 pos/s)
[r1] stream batch 2208/30880: 35,751,936/500,000,000 (29,854 pos/s)
[r0] stream batch 2256/30880: 36,529,152/500,000,000 (30,374 pos/s)
[r1] stream batch 2224/30880: 36,011,008/500,000,000 (29,884 pos/s)
[r0] stream batch 2272/30880: 36,788,224/500,000,000 (30,404 pos/s)
[r1] stream batch 2240/30880: 36,270,080/500,000,000 (29,905 pos/s)
[r0] stream batch 2288/30880: 37,047,296/500,000,000 (30,427 pos/s)
[r1] stream batch 2256/30880: 36,529,152/500,000,000 (29,927 pos/s)
[r0] stream batch 2304/30880: 37,306,368/500,000,000 (30,455 pos/s)
[r1] stream batch 2272/30880: 36,788,224/500,000,000 (29,956 pos/s)
[r0] stream batch 2320/30880: 37,565,440/500,000,000 (30,478 pos/s)
[r1] stream batch 2288/30880: 37,047,296/500,000,000 (29,983 pos/s)
[r0] stream batch 2336/30880: 37,824,512/500,000,000 (30,499 pos/s)
[r1] stream batch 2304/30880: 37,306,368/500,000,000 (30,009 pos/s)
[r0] stream batch 2352/30880: 38,083,584/500,000,000 (30,521 pos/s)
[r1] stream batch 2320/30880: 37,565,440/500,000,000 (30,033 pos/s)
[r0] stream batch 2368/30880: 38,342,656/500,000,000 (30,544 pos/s)
[r1] stream batch 2336/30880: 37,824,512/500,000,000 (30,055 pos/s)
[r0] stream batch 2384/30880: 38,601,728/500,000,000 (30,561 pos/s)
[r1] stream batch 2352/30880: 38,083,584/500,000,000 (30,078 pos/s)
[r0] stream batch 2400/30880: 38,860,800/500,000,000 (30,586 pos/s)
[r1] stream batch 2368/30880: 38,342,656/500,000,000 (30,103 pos/s)
[r0] stream batch 2416/30880: 39,119,872/500,000,000 (30,610 pos/s)
[r1] stream batch 2384/30880: 38,601,728/500,000,000 (30,126 pos/s)
[r0] stream batch 2432/30880: 39,378,944/500,000,000 (30,625 pos/s)
[r1] stream batch 2400/30880: 38,860,800/500,000,000 (30,153 pos/s)
[r0] stream batch 2448/30880: 39,638,016/500,000,000 (30,645 pos/s)
[r1] stream batch 2416/30880: 39,119,872/500,000,000 (30,176 pos/s)
[r0] stream batch 2464/30880: 39,897,088/500,000,000 (30,662 pos/s)
[r1] stream batch 2432/30880: 39,378,944/500,000,000 (30,198 pos/s)
[r0] stream batch 2480/30880: 40,156,160/500,000,000 (30,682 pos/s)
[r1] stream batch 2448/30880: 39,638,016/500,000,000 (30,219 pos/s)
[r0] stream batch 2496/30880: 40,415,232/500,000,000 (30,702 pos/s)
[r1] stream batch 2464/30880: 39,897,088/500,000,000 (30,241 pos/s)
[r0] stream batch 2512/30880: 40,674,304/500,000,000 (30,727 pos/s)
[r1] stream batch 2480/30880: 40,156,160/500,000,000 (30,266 pos/s)
[r0] stream batch 2528/30880: 40,933,376/500,000,000 (30,742 pos/s)
[r1] stream batch 2496/30880: 40,415,232/500,000,000 (30,287 pos/s)
[r0] stream batch 2544/30880: 41,192,448/500,000,000 (30,756 pos/s)
[r1] stream batch 2512/30880: 40,674,304/500,000,000 (30,310 pos/s)
[r0] stream batch 2560/30880: 41,451,520/500,000,000 (30,785 pos/s)
[r1] stream batch 2528/30880: 40,933,376/500,000,000 (30,327 pos/s)
[r0] stream batch 2576/30880: 41,710,592/500,000,000 (30,802 pos/s)
[r1] stream batch 2544/30880: 41,192,448/500,000,000 (30,345 pos/s)
[r0] stream batch 2592/30880: 41,969,664/500,000,000 (30,820 pos/s)
[r1] stream batch 2560/30880: 41,451,520/500,000,000 (30,371 pos/s)
[r0] stream batch 2608/30880: 42,228,736/500,000,000 (30,833 pos/s)
[r1] stream batch 2576/30880: 41,710,592/500,000,000 (30,391 pos/s)
[r0] stream batch 2624/30880: 42,487,808/500,000,000 (30,849 pos/s)
[r1] stream batch 2592/30880: 41,969,664/500,000,000 (30,414 pos/s)
[r0] stream batch 2640/30880: 42,746,880/500,000,000 (30,867 pos/s)
[r1] stream batch 2608/30880: 42,228,736/500,000,000 (30,437 pos/s)
[r0] stream batch 2656/30880: 43,005,952/500,000,000 (30,888 pos/s)
[r1] stream batch 2624/30880: 42,487,808/500,000,000 (30,467 pos/s)
[r0] stream batch 2672/30880: 43,265,024/500,000,000 (30,903 pos/s)
[r1] stream batch 2640/30880: 42,746,880/500,000,000 (30,483 pos/s)
[r0] stream batch 2688/30880: 43,524,096/500,000,000 (30,919 pos/s)
[r1] stream batch 2656/30880: 43,005,952/500,000,000 (30,503 pos/s)
[r0] stream batch 2704/30880: 43,783,168/500,000,000 (30,936 pos/s)
[r1] stream batch 2672/30880: 43,265,024/500,000,000 (30,523 pos/s)
[r0] stream batch 2720/30880: 44,042,240/500,000,000 (30,953 pos/s)
[r1] stream batch 2688/30880: 43,524,096/500,000,000 (30,542 pos/s)
[r0] stream batch 2736/30880: 44,301,312/500,000,000 (30,973 pos/s)
[r1] stream batch 2704/30880: 43,783,168/500,000,000 (30,561 pos/s)
[r0] stream batch 2752/30880: 44,560,384/500,000,000 (30,995 pos/s)
[r1] stream batch 2720/30880: 44,042,240/500,000,000 (30,586 pos/s)
[r0] stream batch 2768/30880: 44,819,456/500,000,000 (31,016 pos/s)
[r1] stream batch 2736/30880: 44,301,312/500,000,000 (30,604 pos/s)
[r0] stream batch 2784/30880: 45,078,528/500,000,000 (31,035 pos/s)
[r1] stream batch 2752/30880: 44,560,384/500,000,000 (30,625 pos/s)
[r0] stream batch 2800/30880: 45,337,600/500,000,000 (31,047 pos/s)
[r1] stream batch 2768/30880: 44,819,456/500,000,000 (30,642 pos/s)
[r0] stream batch 2816/30880: 45,596,672/500,000,000 (31,066 pos/s)
[r1] stream batch 2784/30880: 45,078,528/500,000,000 (30,667 pos/s)
[r0] stream batch 2832/30880: 45,855,744/500,000,000 (31,078 pos/s)
[r1] stream batch 2800/30880: 45,337,600/500,000,000 (30,683 pos/s)
[r0] stream batch 2848/30880: 46,114,816/500,000,000 (31,095 pos/s)
[r1] stream batch 2816/30880: 45,596,672/500,000,000 (30,703 pos/s)
[r0] stream batch 2864/30880: 46,373,888/500,000,000 (31,110 pos/s)
[r1] stream batch 2832/30880: 45,855,744/500,000,000 (30,722 pos/s)
[r0] stream batch 2880/30880: 46,632,960/500,000,000 (31,125 pos/s)
[r1] stream batch 2848/30880: 46,114,816/500,000,000 (30,740 pos/s)
[r0] stream batch 2896/30880: 46,892,032/500,000,000 (31,141 pos/s)
[r1] stream batch 2864/30880: 46,373,888/500,000,000 (30,757 pos/s)
[r0] stream batch 2912/30880: 47,151,104/500,000,000 (31,161 pos/s)
[r1] stream batch 2880/30880: 46,632,960/500,000,000 (30,773 pos/s)
[r0] stream batch 2928/30880: 47,410,176/500,000,000 (31,174 pos/s)
[r1] stream batch 2896/30880: 46,892,032/500,000,000 (30,787 pos/s)
[r0] stream batch 2944/30880: 47,669,248/500,000,000 (31,192 pos/s)
[r1] stream batch 2912/30880: 47,151,104/500,000,000 (30,808 pos/s)
[r0] stream batch 2960/30880: 47,928,320/500,000,000 (31,205 pos/s)
[r1] stream batch 2928/30880: 47,410,176/500,000,000 (30,822 pos/s)
[r0] stream batch 2976/30880: 48,187,392/500,000,000 (31,224 pos/s)
[r1] stream batch 2944/30880: 47,669,248/500,000,000 (30,839 pos/s)
[r0] stream batch 2992/30880: 48,446,464/500,000,000 (31,237 pos/s)
[r1] stream batch 2960/30880: 47,928,320/500,000,000 (30,855 pos/s)
[r0] stream batch 3008/30880: 48,705,536/500,000,000 (31,250 pos/s)
[r1] stream batch 2976/30880: 48,187,392/500,000,000 (30,869 pos/s)
[r0] stream batch 3024/30880: 48,964,608/500,000,000 (31,259 pos/s)
[r1] stream batch 2992/30880: 48,446,464/500,000,000 (30,888 pos/s)
[r0] stream batch 3040/30880: 49,223,680/500,000,000 (31,273 pos/s)
[r1] stream batch 3008/30880: 48,705,536/500,000,000 (30,901 pos/s)
[r0] stream batch 3056/30880: 49,482,752/500,000,000 (31,290 pos/s)
[r1] stream batch 3024/30880: 48,964,608/500,000,000 (30,914 pos/s)
[r0] stream batch 3072/30880: 49,741,824/500,000,000 (31,305 pos/s)
[r1] stream batch 3040/30880: 49,223,680/500,000,000 (30,930 pos/s)
[r0] stream batch 3088/30880: 50,000,896/500,000,000 (31,319 pos/s)
[r1] stream batch 3056/30880: 49,482,752/500,000,000 (30,945 pos/s)
[r0] stream batch 3104/30880: 50,259,968/500,000,000 (31,331 pos/s)
[r1] stream batch 3072/30880: 49,741,824/500,000,000 (30,957 pos/s)
[r0] stream batch 3120/30880: 50,519,040/500,000,000 (31,345 pos/s)
[r1] stream batch 3088/30880: 50,000,896/500,000,000 (30,971 pos/s)
[r0] stream batch 3136/30880: 50,778,112/500,000,000 (31,359 pos/s)
[r1] stream batch 3104/30880: 50,259,968/500,000,000 (30,984 pos/s)
[r0] stream batch 3152/30880: 51,037,184/500,000,000 (31,376 pos/s)
[r1] stream batch 3120/30880: 50,519,040/500,000,000 (30,997 pos/s)
[r0] stream batch 3168/30880: 51,296,256/500,000,000 (31,386 pos/s)
[r1] stream batch 3136/30880: 50,778,112/500,000,000 (31,013 pos/s)
[r0] stream batch 3184/30880: 51,555,328/500,000,000 (31,403 pos/s)
[r1] stream batch 3152/30880: 51,037,184/500,000,000 (31,027 pos/s)
[r0] stream batch 3200/30880: 51,814,400/500,000,000 (31,416 pos/s)
[r1] stream batch 3168/30880: 51,296,256/500,000,000 (31,041 pos/s)
[r0] stream batch 3216/30880: 52,073,472/500,000,000 (31,430 pos/s)
[r1] stream batch 3184/30880: 51,555,328/500,000,000 (31,054 pos/s)
[r0] stream batch 3232/30880: 52,332,544/500,000,000 (31,440 pos/s)
[r1] stream batch 3200/30880: 51,814,400/500,000,000 (31,066 pos/s)
[r0] stream batch 3248/30880: 52,591,616/500,000,000 (31,455 pos/s)
[r1] stream batch 3216/30880: 52,073,472/500,000,000 (31,078 pos/s)
[r0] stream batch 3264/30880: 52,850,688/500,000,000 (31,469 pos/s)
[r1] stream batch 3232/30880: 52,332,544/500,000,000 (31,088 pos/s)
[r0] stream batch 3280/30880: 53,109,760/500,000,000 (31,479 pos/s)
[r1] stream batch 3248/30880: 52,591,616/500,000,000 (31,106 pos/s)
[r0] stream batch 3296/30880: 53,368,832/500,000,000 (31,492 pos/s)
[r1] stream batch 3264/30880: 52,850,688/500,000,000 (31,119 pos/s)
[r0] stream batch 3312/30880: 53,627,904/500,000,000 (31,504 pos/s)
[r1] stream batch 3280/30880: 53,109,760/500,000,000 (31,130 pos/s)
[r0] stream batch 3328/30880: 53,886,976/500,000,000 (31,515 pos/s)
[r1] stream batch 3296/30880: 53,368,832/500,000,000 (31,144 pos/s)
[r0] stream batch 3344/30880: 54,146,048/500,000,000 (31,531 pos/s)
[r1] stream batch 3312/30880: 53,627,904/500,000,000 (31,155 pos/s)
[r0] stream batch 3360/30880: 54,405,120/500,000,000 (31,545 pos/s)
[r1] stream batch 3328/30880: 53,886,976/500,000,000 (31,166 pos/s)
[r0] stream batch 3376/30880: 54,664,192/500,000,000 (31,556 pos/s)
[r1] stream batch 3344/30880: 54,146,048/500,000,000 (31,178 pos/s)
[r0] stream batch 3392/30880: 54,923,264/500,000,000 (31,566 pos/s)
[r1] stream batch 3360/30880: 54,405,120/500,000,000 (31,193 pos/s)
[r0] stream batch 3408/30880: 55,182,336/500,000,000 (31,580 pos/s)
[r1] stream batch 3376/30880: 54,664,192/500,000,000 (31,205 pos/s)
[r0] stream batch 3424/30880: 55,441,408/500,000,000 (31,595 pos/s)
[r1] stream batch 3392/30880: 54,923,264/500,000,000 (31,220 pos/s)
[r0] stream batch 3440/30880: 55,700,480/500,000,000 (31,611 pos/s)
[r1] stream batch 3408/30880: 55,182,336/500,000,000 (31,237 pos/s)
[r0] stream batch 3456/30880: 55,959,552/500,000,000 (31,625 pos/s)
[r1] stream batch 3424/30880: 55,441,408/500,000,000 (31,255 pos/s)
[r0] stream batch 3472/30880: 56,218,624/500,000,000 (31,637 pos/s)
[r1] stream batch 3440/30880: 55,700,480/500,000,000 (31,268 pos/s)
[r0] stream batch 3488/30880: 56,477,696/500,000,000 (31,651 pos/s)
[r1] stream batch 3456/30880: 55,959,552/500,000,000 (31,283 pos/s)
[r0] stream batch 3504/30880: 56,736,768/500,000,000 (31,662 pos/s)
[r1] stream batch 3472/30880: 56,218,624/500,000,000 (31,294 pos/s)
[r0] stream batch 3520/30880: 56,995,840/500,000,000 (31,674 pos/s)
[r1] stream batch 3488/30880: 56,477,696/500,000,000 (31,307 pos/s)
[r0] stream batch 3536/30880: 57,254,912/500,000,000 (31,683 pos/s)
[r1] stream batch 3504/30880: 56,736,768/500,000,000 (31,320 pos/s)
[r0] stream batch 3552/30880: 57,513,984/500,000,000 (31,695 pos/s)
[r1] stream batch 3520/30880: 56,995,840/500,000,000 (31,331 pos/s)
[r0] stream batch 3568/30880: 57,773,056/500,000,000 (31,708 pos/s)
[r1] stream batch 3536/30880: 57,254,912/500,000,000 (31,340 pos/s)
[r0] stream batch 3584/30880: 58,032,128/500,000,000 (31,718 pos/s)
[r1] stream batch 3552/30880: 57,513,984/500,000,000 (31,354 pos/s)
[r0] stream batch 3600/30880: 58,291,200/500,000,000 (31,730 pos/s)
[r1] stream batch 3568/30880: 57,773,056/500,000,000 (31,365 pos/s)
[r0] stream batch 3616/30880: 58,550,272/500,000,000 (31,740 pos/s)
[r1] stream batch 3584/30880: 58,032,128/500,000,000 (31,381 pos/s)
[r0] stream batch 3632/30880: 58,809,344/500,000,000 (31,758 pos/s)
[r1] stream batch 3600/30880: 58,291,200/500,000,000 (31,396 pos/s)
[r0] stream batch 3648/30880: 59,068,416/500,000,000 (31,768 pos/s)
[r1] stream batch 3616/30880: 58,550,272/500,000,000 (31,409 pos/s)
[r0] stream batch 3664/30880: 59,327,488/500,000,000 (31,784 pos/s)
[r1] stream batch 3632/30880: 58,809,344/500,000,000 (31,427 pos/s)
[r0] stream batch 3680/30880: 59,586,560/500,000,000 (31,797 pos/s)
[r1] stream batch 3648/30880: 59,068,416/500,000,000 (31,438 pos/s)
[r0] stream batch 3696/30880: 59,845,632/500,000,000 (31,806 pos/s)
[r1] stream batch 3664/30880: 59,327,488/500,000,000 (31,453 pos/s)
[r0] stream batch 3712/30880: 60,104,704/500,000,000 (31,818 pos/s)
[r1] stream batch 3680/30880: 59,586,560/500,000,000 (31,463 pos/s)
[r0] stream batch 3728/30880: 60,363,776/500,000,000 (31,825 pos/s)
[r1] stream batch 3696/30880: 59,845,632/500,000,000 (31,474 pos/s)
[r0] stream batch 3744/30880: 60,622,848/500,000,000 (31,834 pos/s)
[r1] stream batch 3712/30880: 60,104,704/500,000,000 (31,486 pos/s)
[r0] stream batch 3760/30880: 60,881,920/500,000,000 (31,842 pos/s)
[r1] stream batch 3728/30880: 60,363,776/500,000,000 (31,495 pos/s)
[r0] stream batch 3776/30880: 61,140,992/500,000,000 (31,859 pos/s)
[r1] stream batch 3744/30880: 60,622,848/500,000,000 (31,504 pos/s)
[r0] stream batch 3792/30880: 61,400,064/500,000,000 (31,873 pos/s)
[r1] stream batch 3760/30880: 60,881,920/500,000,000 (31,514 pos/s)
[r0] stream batch 3808/30880: 61,659,136/500,000,000 (31,882 pos/s)
[r1] stream batch 3776/30880: 61,140,992/500,000,000 (31,532 pos/s)
[r0] stream batch 3824/30880: 61,918,208/500,000,000 (31,892 pos/s)
[r1] stream batch 3792/30880: 61,400,064/500,000,000 (31,546 pos/s)
[r0] stream batch 3840/30880: 62,177,280/500,000,000 (31,903 pos/s)
[r1] stream batch 3808/30880: 61,659,136/500,000,000 (31,555 pos/s)
[r0] stream batch 3856/30880: 62,436,352/500,000,000 (31,913 pos/s)
[r1] stream batch 3824/30880: 61,918,208/500,000,000 (31,565 pos/s)
[r0] stream batch 3872/30880: 62,695,424/500,000,000 (31,921 pos/s)
[r1] stream batch 3840/30880: 62,177,280/500,000,000 (31,577 pos/s)
[r0] stream batch 3888/30880: 62,954,496/500,000,000 (31,930 pos/s)
[r1] stream batch 3856/30880: 62,436,352/500,000,000 (31,589 pos/s)
[r0] stream batch 3904/30880: 63,213,568/500,000,000 (31,941 pos/s)
[r1] stream batch 3872/30880: 62,695,424/500,000,000 (31,596 pos/s)
[r0] stream batch 3920/30880: 63,472,640/500,000,000 (31,951 pos/s)
[r1] stream batch 3888/30880: 62,954,496/500,000,000 (31,607 pos/s)
[r0] stream batch 3936/30880: 63,731,712/500,000,000 (31,961 pos/s)
[r1] stream batch 3904/30880: 63,213,568/500,000,000 (31,620 pos/s)
[r0] stream batch 3952/30880: 63,990,784/500,000,000 (31,969 pos/s)
[r1] stream batch 3920/30880: 63,472,640/500,000,000 (31,632 pos/s)
[r0] stream batch 3968/30880: 64,249,856/500,000,000 (31,988 pos/s)
[r1] stream batch 3936/30880: 63,731,712/500,000,000 (31,640 pos/s)
[r0] stream batch 3984/30880: 64,508,928/500,000,000 (32,007 pos/s)
[r1] stream batch 3952/30880: 63,990,784/500,000,000 (31,650 pos/s)
[r0] stream batch 4000/30880: 64,768,000/500,000,000 (32,017 pos/s)
[r1] stream batch 3968/30880: 64,249,856/500,000,000 (31,670 pos/s)
[r0] stream batch 4016/30880: 65,027,072/500,000,000 (32,024 pos/s)
[r1] stream batch 3984/30880: 64,508,928/500,000,000 (31,687 pos/s)
[r0] stream batch 4032/30880: 65,286,144/500,000,000 (32,035 pos/s)
[r1] stream batch 4000/30880: 64,768,000/500,000,000 (31,695 pos/s)
[r0] stream batch 4048/30880: 65,545,216/500,000,000 (32,041 pos/s)
[r1] stream batch 4016/30880: 65,027,072/500,000,000 (31,704 pos/s)
[r0] stream batch 4064/30880: 65,804,288/500,000,000 (32,050 pos/s)
[r1] stream batch 4032/30880: 65,286,144/500,000,000 (31,711 pos/s)
[r0] stream batch 4080/30880: 66,063,360/500,000,000 (32,060 pos/s)
[r1] stream batch 4048/30880: 65,545,216/500,000,000 (31,717 pos/s)
[r0] stream batch 4096/30880: 66,322,432/500,000,000 (32,069 pos/s)
[r1] stream batch 4064/30880: 65,804,288/500,000,000 (31,725 pos/s)
[r0] stream batch 4112/30880: 66,581,504/500,000,000 (32,077 pos/s)
[r1] stream batch 4080/30880: 66,063,360/500,000,000 (31,735 pos/s)
[r0] stream batch 4128/30880: 66,840,576/500,000,000 (32,084 pos/s)
[r1] stream batch 4096/30880: 66,322,432/500,000,000 (31,746 pos/s)
[r0] stream batch 4144/30880: 67,099,648/500,000,000 (32,094 pos/s)
[r1] stream batch 4112/30880: 66,581,504/500,000,000 (31,756 pos/s)
[r0] stream batch 4160/30880: 67,358,720/500,000,000 (32,103 pos/s)
[r1] stream batch 4128/30880: 66,840,576/500,000,000 (31,766 pos/s)
[r0] stream batch 4176/30880: 67,617,792/500,000,000 (32,112 pos/s)
[r1] stream batch 4144/30880: 67,099,648/500,000,000 (31,774 pos/s)
[r0] stream batch 4192/30880: 67,876,864/500,000,000 (32,123 pos/s)
[r1] stream batch 4160/30880: 67,358,720/500,000,000 (31,784 pos/s)
[r0] stream batch 4208/30880: 68,135,936/500,000,000 (32,135 pos/s)
[r1] stream batch 4176/30880: 67,617,792/500,000,000 (31,794 pos/s)
[r0] stream batch 4224/30880: 68,395,008/500,000,000 (32,141 pos/s)
[r1] stream batch 4192/30880: 67,876,864/500,000,000 (31,806 pos/s)
[r0] stream batch 4240/30880: 68,654,080/500,000,000 (32,152 pos/s)
[r1] stream batch 4208/30880: 68,135,936/500,000,000 (31,818 pos/s)
[r0] stream batch 4256/30880: 68,913,152/500,000,000 (32,158 pos/s)
[r1] stream batch 4224/30880: 68,395,008/500,000,000 (31,825 pos/s)
[r0] stream batch 4272/30880: 69,172,224/500,000,000 (32,170 pos/s)
[r1] stream batch 4240/30880: 68,654,080/500,000,000 (31,834 pos/s)
[r0] stream batch 4288/30880: 69,431,296/500,000,000 (32,183 pos/s)
[r1] stream batch 4256/30880: 68,913,152/500,000,000 (31,841 pos/s)
[r0] stream batch 4304/30880: 69,690,368/500,000,000 (32,190 pos/s)
[r1] stream batch 4272/30880: 69,172,224/500,000,000 (31,852 pos/s)
[r0] stream batch 4320/30880: 69,949,440/500,000,000 (32,197 pos/s)
[r1] stream batch 4288/30880: 69,431,296/500,000,000 (31,868 pos/s)
[r0] stream batch 4336/30880: 70,208,512/500,000,000 (32,205 pos/s)
[r1] stream batch 4304/30880: 69,690,368/500,000,000 (31,875 pos/s)
[r0] stream batch 4352/30880: 70,467,584/500,000,000 (32,212 pos/s)
[r1] stream batch 4320/30880: 69,949,440/500,000,000 (31,885 pos/s)
[r0] stream batch 4368/30880: 70,726,656/500,000,000 (32,220 pos/s)
[r1] stream batch 4336/30880: 70,208,512/500,000,000 (31,892 pos/s)
[r0] stream batch 4384/30880: 70,985,728/500,000,000 (32,229 pos/s)
[r1] stream batch 4352/30880: 70,467,584/500,000,000 (31,902 pos/s)
[r0] stream batch 4400/30880: 71,244,800/500,000,000 (32,236 pos/s)
[r1] stream batch 4368/30880: 70,726,656/500,000,000 (31,910 pos/s)
[r0] stream batch 4416/30880: 71,503,872/500,000,000 (32,241 pos/s)
[r1] stream batch 4384/30880: 70,985,728/500,000,000 (31,918 pos/s)
[r0] stream batch 4432/30880: 71,762,944/500,000,000 (32,244 pos/s)
[r1] stream batch 4400/30880: 71,244,800/500,000,000 (31,925 pos/s)
[r0] stream batch 4448/30880: 72,022,016/500,000,000 (32,250 pos/s)
[r1] stream batch 4416/30880: 71,503,872/500,000,000 (31,933 pos/s)
[r0] stream batch 4464/30880: 72,281,088/500,000,000 (32,252 pos/s)
[r1] stream batch 4432/30880: 71,762,944/500,000,000 (31,938 pos/s)
[r0] stream batch 4480/30880: 72,540,160/500,000,000 (32,263 pos/s)
[r1] stream batch 4448/30880: 72,022,016/500,000,000 (31,946 pos/s)
[r0] stream batch 4496/30880: 72,799,232/500,000,000 (32,273 pos/s)
[r1] stream batch 4464/30880: 72,281,088/500,000,000 (31,952 pos/s)
[r0] stream batch 4512/30880: 73,058,304/500,000,000 (32,284 pos/s)
[r1] stream batch 4480/30880: 72,540,160/500,000,000 (31,965 pos/s)
[r0] stream batch 4528/30880: 73,317,376/500,000,000 (32,290 pos/s)
[r1] stream batch 4496/30880: 72,799,232/500,000,000 (31,975 pos/s)
[r0] stream batch 4544/30880: 73,576,448/500,000,000 (32,300 pos/s)
[r1] stream batch 4512/30880: 73,058,304/500,000,000 (31,986 pos/s)
[r0] stream batch 4560/30880: 73,835,520/500,000,000 (32,308 pos/s)
[r1] stream batch 4528/30880: 73,317,376/500,000,000 (31,992 pos/s)
[r0] stream batch 4576/30880: 74,094,592/500,000,000 (32,317 pos/s)
[r1] stream batch 4544/30880: 73,576,448/500,000,000 (31,999 pos/s)
[r0] stream batch 4592/30880: 74,353,664/500,000,000 (32,324 pos/s)
[r1] stream batch 4560/30880: 73,835,520/500,000,000 (32,008 pos/s)
[r0] stream batch 4608/30880: 74,612,736/500,000,000 (32,331 pos/s)
[r1] stream batch 4576/30880: 74,094,592/500,000,000 (32,016 pos/s)
[r0] stream batch 4624/30880: 74,871,808/500,000,000 (32,336 pos/s)
[r1] stream batch 4592/30880: 74,353,664/500,000,000 (32,023 pos/s)
[r0] stream batch 4640/30880: 75,130,880/500,000,000 (32,348 pos/s)
[r1] stream batch 4608/30880: 74,612,736/500,000,000 (32,031 pos/s)
[r0] stream batch 4656/30880: 75,389,952/500,000,000 (32,358 pos/s)
[r1] stream batch 4624/30880: 74,871,808/500,000,000 (32,038 pos/s)
[r0] stream batch 4672/30880: 75,649,024/500,000,000 (32,367 pos/s)
[r1] stream batch 4640/30880: 75,130,880/500,000,000 (32,050 pos/s)
[r0] stream batch 4688/30880: 75,908,096/500,000,000 (32,374 pos/s)
[r1] stream batch 4656/30880: 75,389,952/500,000,000 (32,061 pos/s)
[r0] stream batch 4704/30880: 76,167,168/500,000,000 (32,383 pos/s)
[r1] stream batch 4672/30880: 75,649,024/500,000,000 (32,070 pos/s)
[r0] stream batch 4720/30880: 76,426,240/500,000,000 (32,389 pos/s)
[r1] stream batch 4688/30880: 75,908,096/500,000,000 (32,078 pos/s)
[r0] stream batch 4736/30880: 76,685,312/500,000,000 (32,397 pos/s)
[r1] stream batch 4704/30880: 76,167,168/500,000,000 (32,087 pos/s)
[r0] stream batch 4752/30880: 76,944,384/500,000,000 (32,404 pos/s)
[r1] stream batch 4720/30880: 76,426,240/500,000,000 (32,092 pos/s)
[r0] stream batch 4768/30880: 77,203,456/500,000,000 (32,410 pos/s)
[r1] stream batch 4736/30880: 76,685,312/500,000,000 (32,095 pos/s)
[r0] stream batch 4784/30880: 77,462,528/500,000,000 (32,418 pos/s)
[r1] stream batch 4752/30880: 76,944,384/500,000,000 (32,102 pos/s)
[r0] stream batch 4800/30880: 77,721,600/500,000,000 (32,426 pos/s)
[r1] stream batch 4768/30880: 77,203,456/500,000,000 (32,111 pos/s)
[r0] stream batch 4816/30880: 77,980,672/500,000,000 (32,433 pos/s)
[r1] stream batch 4784/30880: 77,462,528/500,000,000 (32,118 pos/s)
[r0] stream batch 4832/30880: 78,239,744/500,000,000 (32,447 pos/s)
[r0] stream batch 4848/30880: 78,498,816/500,000,000 (32,458 pos/s)
[r1] stream batch 4800/30880: 77,721,600/500,000,000 (32,125 pos/s)
[r0] stream batch 4864/30880: 78,757,888/500,000,000 (32,462 pos/s)
[r1] stream batch 4816/30880: 77,980,672/500,000,000 (32,131 pos/s)
[r1] stream batch 4832/30880: 78,239,744/500,000,000 (32,144 pos/s)
[r0] stream batch 4880/30880: 79,016,960/500,000,000 (32,467 pos/s)
[r1] stream batch 4848/30880: 78,498,816/500,000,000 (32,157 pos/s)
[r0] stream batch 4896/30880: 79,276,032/500,000,000 (32,472 pos/s)
[r1] stream batch 4864/30880: 78,757,888/500,000,000 (32,164 pos/s)
[r0] stream batch 4912/30880: 79,535,104/500,000,000 (32,482 pos/s)
[r1] stream batch 4880/30880: 79,016,960/500,000,000 (32,171 pos/s)
[r0] stream batch 4928/30880: 79,794,176/500,000,000 (32,490 pos/s)
[r1] stream batch 4896/30880: 79,276,032/500,000,000 (32,180 pos/s)
[r0] stream batch 4944/30880: 80,053,248/500,000,000 (32,496 pos/s)
[r1] stream batch 4912/30880: 79,535,104/500,000,000 (32,191 pos/s)
[r0] stream batch 4960/30880: 80,312,320/500,000,000 (32,500 pos/s)
[r1] stream batch 4928/30880: 79,794,176/500,000,000 (32,199 pos/s)
[r0] stream batch 4976/30880: 80,571,392/500,000,000 (32,509 pos/s)
[r1] stream batch 4944/30880: 80,053,248/500,000,000 (32,207 pos/s)
[r0] stream batch 4992/30880: 80,830,464/500,000,000 (32,514 pos/s)
[r1] stream batch 4960/30880: 80,312,320/500,000,000 (32,212 pos/s)
[r0] stream batch 5008/30880: 81,089,536/500,000,000 (32,518 pos/s)
[r1] stream batch 4976/30880: 80,571,392/500,000,000 (32,224 pos/s)
[r0] stream batch 5024/30880: 81,348,608/500,000,000 (32,527 pos/s)
[r1] stream batch 4992/30880: 80,830,464/500,000,000 (32,228 pos/s)
[r0] stream batch 5040/30880: 81,607,680/500,000,000 (32,530 pos/s)
[r1] stream batch 5008/30880: 81,089,536/500,000,000 (32,236 pos/s)
[r0] stream batch 5056/30880: 81,866,752/500,000,000 (32,536 pos/s)
[r1] stream batch 5024/30880: 81,348,608/500,000,000 (32,243 pos/s)
[r0] stream batch 5072/30880: 82,125,824/500,000,000 (32,539 pos/s)
[r1] stream batch 5040/30880: 81,607,680/500,000,000 (32,246 pos/s)
[r0] stream batch 5088/30880: 82,384,896/500,000,000 (32,544 pos/s)
[r1] stream batch 5056/30880: 81,866,752/500,000,000 (32,253 pos/s)
[r0] stream batch 5104/30880: 82,643,968/500,000,000 (32,551 pos/s)
[r1] stream batch 5072/30880: 82,125,824/500,000,000 (32,259 pos/s)
[r0] stream batch 5120/30880: 82,903,040/500,000,000 (32,557 pos/s)
[r1] stream batch 5088/30880: 82,384,896/500,000,000 (32,265 pos/s)
[r0] stream batch 5136/30880: 83,162,112/500,000,000 (32,563 pos/s)
[r1] stream batch 5104/30880: 82,643,968/500,000,000 (32,269 pos/s)
[r0] stream batch 5152/30880: 83,421,184/500,000,000 (32,567 pos/s)
[r1] stream batch 5120/30880: 82,903,040/500,000,000 (32,275 pos/s)
[r0] stream batch 5168/30880: 83,680,256/500,000,000 (32,574 pos/s)
[r1] stream batch 5136/30880: 83,162,112/500,000,000 (32,280 pos/s)
[r0] stream batch 5184/30880: 83,939,328/500,000,000 (32,578 pos/s)
[r1] stream batch 5152/30880: 83,421,184/500,000,000 (32,284 pos/s)
[r0] stream batch 5200/30880: 84,198,400/500,000,000 (32,587 pos/s)
[r1] stream batch 5168/30880: 83,680,256/500,000,000 (32,293 pos/s)
[r0] stream batch 5216/30880: 84,457,472/500,000,000 (32,593 pos/s)
[r1] stream batch 5184/30880: 83,939,328/500,000,000 (32,298 pos/s)
[r0] stream batch 5232/30880: 84,716,544/500,000,000 (32,605 pos/s)
[r1] stream batch 5200/30880: 84,198,400/500,000,000 (32,306 pos/s)
[r0] stream batch 5248/30880: 84,975,616/500,000,000 (32,610 pos/s)
[r0] stream batch 5264/30880: 85,234,688/500,000,000 (32,618 pos/s)
[r1] stream batch 5216/30880: 84,457,472/500,000,000 (32,312 pos/s)
[r1] stream batch 5232/30880: 84,716,544/500,000,000 (32,322 pos/s)
[r0] stream batch 5280/30880: 85,493,760/500,000,000 (32,624 pos/s)
[r1] stream batch 5248/30880: 84,975,616/500,000,000 (32,329 pos/s)
[r0] stream batch 5296/30880: 85,752,832/500,000,000 (32,628 pos/s)
[r1] stream batch 5264/30880: 85,234,688/500,000,000 (32,337 pos/s)
[r0] stream batch 5312/30880: 86,011,904/500,000,000 (32,634 pos/s)
[r1] stream batch 5280/30880: 85,493,760/500,000,000 (32,343 pos/s)
[r0] stream batch 5328/30880: 86,270,976/500,000,000 (32,642 pos/s)
[r1] stream batch 5296/30880: 85,752,832/500,000,000 (32,348 pos/s)
[r0] stream batch 5344/30880: 86,530,048/500,000,000 (32,646 pos/s)
[r1] stream batch 5312/30880: 86,011,904/500,000,000 (32,355 pos/s)
[r0] stream batch 5360/30880: 86,789,120/500,000,000 (32,653 pos/s)
[r1] stream batch 5328/30880: 86,270,976/500,000,000 (32,363 pos/s)
[r0] stream batch 5376/30880: 87,048,192/500,000,000 (32,659 pos/s)
[r1] stream batch 5344/30880: 86,530,048/500,000,000 (32,368 pos/s)
[r0] stream batch 5392/30880: 87,307,264/500,000,000 (32,665 pos/s)
[r1] stream batch 5360/30880: 86,789,120/500,000,000 (32,375 pos/s)
[r0] stream batch 5408/30880: 87,566,336/500,000,000 (32,670 pos/s)
[r1] stream batch 5376/30880: 87,048,192/500,000,000 (32,381 pos/s)
[r0] stream batch 5424/30880: 87,825,408/500,000,000 (32,674 pos/s)
[r1] stream batch 5392/30880: 87,307,264/500,000,000 (32,387 pos/s)
[r0] stream batch 5440/30880: 88,084,480/500,000,000 (32,678 pos/s)
[r1] stream batch 5408/30880: 87,566,336/500,000,000 (32,394 pos/s)
[r0] stream batch 5456/30880: 88,343,552/500,000,000 (32,687 pos/s)
[r1] stream batch 5424/30880: 87,825,408/500,000,000 (32,398 pos/s)
[r0] stream batch 5472/30880: 88,602,624/500,000,000 (32,690 pos/s)
[r1] stream batch 5440/30880: 88,084,480/500,000,000 (32,403 pos/s)
[r0] stream batch 5488/30880: 88,861,696/500,000,000 (32,694 pos/s)
[r1] stream batch 5456/30880: 88,343,552/500,000,000 (32,407 pos/s)
[r0] stream batch 5504/30880: 89,120,768/500,000,000 (32,700 pos/s)
[r0] stream batch 5520/30880: 89,379,840/500,000,000 (32,704 pos/s)
[r1] stream batch 5472/30880: 88,602,624/500,000,000 (32,411 pos/s)
[r0] stream batch 5536/30880: 89,638,912/500,000,000 (32,708 pos/s)
[r1] stream batch 5488/30880: 88,861,696/500,000,000 (32,416 pos/s)
[r1] stream batch 5504/30880: 89,120,768/500,000,000 (32,424 pos/s)
[r0] stream batch 5552/30880: 89,897,984/500,000,000 (32,712 pos/s)
[r1] stream batch 5520/30880: 89,379,840/500,000,000 (32,429 pos/s)
[r0] stream batch 5568/30880: 90,157,056/500,000,000 (32,717 pos/s)
[r0] stream batch 5584/30880: 90,416,128/500,000,000 (32,723 pos/s)
[r1] stream batch 5536/30880: 89,638,912/500,000,000 (32,433 pos/s)
[r0] stream batch 5600/30880: 90,675,200/500,000,000 (32,728 pos/s)
[r1] stream batch 5552/30880: 89,897,984/500,000,000 (32,437 pos/s)
[r0] stream batch 5616/30880: 90,934,272/500,000,000 (32,733 pos/s)
[r1] stream batch 5568/30880: 90,157,056/500,000,000 (32,444 pos/s)
[r0] stream batch 5632/30880: 91,193,344/500,000,000 (32,742 pos/s)
[r1] stream batch 5584/30880: 90,416,128/500,000,000 (32,450 pos/s)
[r0] stream batch 5648/30880: 91,452,416/500,000,000 (32,748 pos/s)
[r1] stream batch 5600/30880: 90,675,200/500,000,000 (32,454 pos/s)
[r0] stream batch 5664/30880: 91,711,488/500,000,000 (32,753 pos/s)
[r1] stream batch 5616/30880: 90,934,272/500,000,000 (32,458 pos/s)
[r0] stream batch 5680/30880: 91,970,560/500,000,000 (32,759 pos/s)
[r1] stream batch 5632/30880: 91,193,344/500,000,000 (32,465 pos/s)
[r0] stream batch 5696/30880: 92,229,632/500,000,000 (32,765 pos/s)
[r1] stream batch 5648/30880: 91,452,416/500,000,000 (32,469 pos/s)
[r0] stream batch 5712/30880: 92,488,704/500,000,000 (32,771 pos/s)
[r1] stream batch 5664/30880: 91,711,488/500,000,000 (32,475 pos/s)
[r0] stream batch 5728/30880: 92,747,776/500,000,000 (32,778 pos/s)
[r1] stream batch 5680/30880: 91,970,560/500,000,000 (32,483 pos/s)
[r0] stream batch 5744/30880: 93,006,848/500,000,000 (32,783 pos/s)
[r1] stream batch 5696/30880: 92,229,632/500,000,000 (32,488 pos/s)
[r0] stream batch 5760/30880: 93,265,920/500,000,000 (32,790 pos/s)
[r1] stream batch 5712/30880: 92,488,704/500,000,000 (32,495 pos/s)
[r0] stream batch 5776/30880: 93,524,992/500,000,000 (32,793 pos/s)
[r1] stream batch 5728/30880: 92,747,776/500,000,000 (32,499 pos/s)
[r0] stream batch 5792/30880: 93,784,064/500,000,000 (32,794 pos/s)
[r1] stream batch 5744/30880: 93,006,848/500,000,000 (32,504 pos/s)
[r0] stream batch 5808/30880: 94,043,136/500,000,000 (32,796 pos/s)
[r1] stream batch 5760/30880: 93,265,920/500,000,000 (32,511 pos/s)
[r0] stream batch 5824/30880: 94,302,208/500,000,000 (32,800 pos/s)
[r1] stream batch 5776/30880: 93,524,992/500,000,000 (32,514 pos/s)
[r0] stream batch 5840/30880: 94,561,280/500,000,000 (32,805 pos/s)
[r1] stream batch 5792/30880: 93,784,064/500,000,000 (32,515 pos/s)
[r0] stream batch 5856/30880: 94,820,352/500,000,000 (32,812 pos/s)
[r1] stream batch 5808/30880: 94,043,136/500,000,000 (32,517 pos/s)
[r0] stream batch 5872/30880: 95,079,424/500,000,000 (32,818 pos/s)
[r1] stream batch 5824/30880: 94,302,208/500,000,000 (32,523 pos/s)
[r0] stream batch 5888/30880: 95,338,496/500,000,000 (32,824 pos/s)
[r1] stream batch 5840/30880: 94,561,280/500,000,000 (32,528 pos/s)
[r0] stream batch 5904/30880: 95,597,568/500,000,000 (32,831 pos/s)
[r1] stream batch 5856/30880: 94,820,352/500,000,000 (32,535 pos/s)
[r0] stream batch 5920/30880: 95,856,640/500,000,000 (32,835 pos/s)
[r1] stream batch 5872/30880: 95,079,424/500,000,000 (32,541 pos/s)
[r0] stream batch 5936/30880: 96,115,712/500,000,000 (32,839 pos/s)
[r1] stream batch 5888/30880: 95,338,496/500,000,000 (32,545 pos/s)
[r0] stream batch 5952/30880: 96,374,784/500,000,000 (32,843 pos/s)
[r1] stream batch 5904/30880: 95,597,568/500,000,000 (32,553 pos/s)
[r0] stream batch 5968/30880: 96,633,856/500,000,000 (32,851 pos/s)
[r1] stream batch 5920/30880: 95,856,640/500,000,000 (32,557 pos/s)
[r0] stream batch 5984/30880: 96,892,928/500,000,000 (32,861 pos/s)
[r1] stream batch 5936/30880: 96,115,712/500,000,000 (32,561 pos/s)
[r0] stream batch 6000/30880: 97,152,000/500,000,000 (32,865 pos/s)
[r1] stream batch 5952/30880: 96,374,784/500,000,000 (32,565 pos/s)
[r0] stream batch 6016/30880: 97,411,072/500,000,000 (32,870 pos/s)
[r1] stream batch 5968/30880: 96,633,856/500,000,000 (32,572 pos/s)
[r0] stream batch 6032/30880: 97,670,144/500,000,000 (32,873 pos/s)
[r1] stream batch 5984/30880: 96,892,928/500,000,000 (32,582 pos/s)
[r0] stream batch 6048/30880: 97,929,216/500,000,000 (32,877 pos/s)
[r1] stream batch 6000/30880: 97,152,000/500,000,000 (32,587 pos/s)
[r0] stream batch 6064/30880: 98,188,288/500,000,000 (32,882 pos/s)
[r1] stream batch 6016/30880: 97,411,072/500,000,000 (32,593 pos/s)
[r0] stream batch 6080/30880: 98,447,360/500,000,000 (32,886 pos/s)
[r1] stream batch 6032/30880: 97,670,144/500,000,000 (32,597 pos/s)
[r0] stream batch 6096/30880: 98,706,432/500,000,000 (32,888 pos/s)
[r1] stream batch 6048/30880: 97,929,216/500,000,000 (32,600 pos/s)
[r0] stream batch 6112/30880: 98,965,504/500,000,000 (32,894 pos/s)
[r1] stream batch 6064/30880: 98,188,288/500,000,000 (32,603 pos/s)
[r0] stream batch 6128/30880: 99,224,576/500,000,000 (32,898 pos/s)
[r1] stream batch 6080/30880: 98,447,360/500,000,000 (32,606 pos/s)
[r0] stream batch 6144/30880: 99,483,648/500,000,000 (32,904 pos/s)
[r1] stream batch 6096/30880: 98,706,432/500,000,000 (32,612 pos/s)
[r0] stream batch 6160/30880: 99,742,720/500,000,000 (32,909 pos/s)
[r1] stream batch 6112/30880: 98,965,504/500,000,000 (32,619 pos/s)
[r0] stream batch 6176/30880: 100,001,792/500,000,000 (32,912 pos/s)
[r1] stream batch 6128/30880: 99,224,576/500,000,000 (32,623 pos/s)
[r0] stream batch 6192/30880: 100,260,864/500,000,000 (32,915 pos/s)
[r1] stream batch 6144/30880: 99,483,648/500,000,000 (32,627 pos/s)
[r0] stream batch 6208/30880: 100,519,936/500,000,000 (32,920 pos/s)
[r1] stream batch 6160/30880: 99,742,720/500,000,000 (32,629 pos/s)
[r0] stream batch 6224/30880: 100,779,008/500,000,000 (32,924 pos/s)
[r1] stream batch 6176/30880: 100,001,792/500,000,000 (32,633 pos/s)
[r0] stream batch 6240/30880: 101,038,080/500,000,000 (32,930 pos/s)
[r1] stream batch 6192/30880: 100,260,864/500,000,000 (32,636 pos/s)
[r0] stream batch 6256/30880: 101,297,152/500,000,000 (32,940 pos/s)
[r1] stream batch 6208/30880: 100,519,936/500,000,000 (32,640 pos/s)
[r0] stream batch 6272/30880: 101,556,224/500,000,000 (32,948 pos/s)
[r1] stream batch 6224/30880: 100,779,008/500,000,000 (32,645 pos/s)
[r0] stream batch 6288/30880: 101,815,296/500,000,000 (32,954 pos/s)
[r1] stream batch 6240/30880: 101,038,080/500,000,000 (32,652 pos/s)
[r0] stream batch 6304/30880: 102,074,368/500,000,000 (32,959 pos/s)
[r1] stream batch 6256/30880: 101,297,152/500,000,000 (32,661 pos/s)
[r0] stream batch 6320/30880: 102,333,440/500,000,000 (32,964 pos/s)
[r1] stream batch 6272/30880: 101,556,224/500,000,000 (32,665 pos/s)
[r0] stream batch 6336/30880: 102,592,512/500,000,000 (32,970 pos/s)
[r1] stream batch 6288/30880: 101,815,296/500,000,000 (32,669 pos/s)
[r0] stream batch 6352/30880: 102,851,584/500,000,000 (32,973 pos/s)
[r1] stream batch 6304/30880: 102,074,368/500,000,000 (32,675 pos/s)
[r0] stream batch 6368/30880: 103,110,656/500,000,000 (32,977 pos/s)
[r1] stream batch 6320/30880: 102,333,440/500,000,000 (32,678 pos/s)
[r0] stream batch 6384/30880: 103,369,728/500,000,000 (32,982 pos/s)
[r1] stream batch 6336/30880: 102,592,512/500,000,000 (32,683 pos/s)
[r0] stream batch 6400/30880: 103,628,800/500,000,000 (32,985 pos/s)
[r1] stream batch 6352/30880: 102,851,584/500,000,000 (32,687 pos/s)
[r0] stream batch 6416/30880: 103,887,872/500,000,000 (32,991 pos/s)
[r1] stream batch 6368/30880: 103,110,656/500,000,000 (32,693 pos/s)
[r0] stream batch 6432/30880: 104,146,944/500,000,000 (32,995 pos/s)
[r1] stream batch 6384/30880: 103,369,728/500,000,000 (32,698 pos/s)
[r0] stream batch 6448/30880: 104,406,016/500,000,000 (32,998 pos/s)
[r1] stream batch 6400/30880: 103,628,800/500,000,000 (32,701 pos/s)
[r0] stream batch 6464/30880: 104,665,088/500,000,000 (33,005 pos/s)
[r1] stream batch 6416/30880: 103,887,872/500,000,000 (32,707 pos/s)
[r0] stream batch 6480/30880: 104,924,160/500,000,000 (33,007 pos/s)
[r1] stream batch 6432/30880: 104,146,944/500,000,000 (32,711 pos/s)
[r0] stream batch 6496/30880: 105,183,232/500,000,000 (33,011 pos/s)
[r1] stream batch 6448/30880: 104,406,016/500,000,000 (32,716 pos/s)
[r0] stream batch 6512/30880: 105,442,304/500,000,000 (33,017 pos/s)
[r1] stream batch 6464/30880: 104,665,088/500,000,000 (32,720 pos/s)
[r0] stream batch 6528/30880: 105,701,376/500,000,000 (33,021 pos/s)
[r1] stream batch 6480/30880: 104,924,160/500,000,000 (32,723 pos/s)
[r0] stream batch 6544/30880: 105,960,448/500,000,000 (33,025 pos/s)
[r1] stream batch 6496/30880: 105,183,232/500,000,000 (32,726 pos/s)
[r0] stream batch 6560/30880: 106,219,520/500,000,000 (33,027 pos/s)
[r1] stream batch 6512/30880: 105,442,304/500,000,000 (32,731 pos/s)
[r0] stream batch 6576/30880: 106,478,592/500,000,000 (33,033 pos/s)
[r1] stream batch 6528/30880: 105,701,376/500,000,000 (32,733 pos/s)
[r0] stream batch 6592/30880: 106,737,664/500,000,000 (33,036 pos/s)
[r1] stream batch 6544/30880: 105,960,448/500,000,000 (32,736 pos/s)
[r0] stream batch 6608/30880: 106,996,736/500,000,000 (33,041 pos/s)
[r1] stream batch 6560/30880: 106,219,520/500,000,000 (32,738 pos/s)
[r0] stream batch 6624/30880: 107,255,808/500,000,000 (33,046 pos/s)
[r1] stream batch 6576/30880: 106,478,592/500,000,000 (32,744 pos/s)
[r0] stream batch 6640/30880: 107,514,880/500,000,000 (33,051 pos/s)
[r1] stream batch 6592/30880: 106,737,664/500,000,000 (32,749 pos/s)
[r0] stream batch 6656/30880: 107,773,952/500,000,000 (33,053 pos/s)
[r1] stream batch 6608/30880: 106,996,736/500,000,000 (32,753 pos/s)
[r0] stream batch 6672/30880: 108,033,024/500,000,000 (33,058 pos/s)
[r1] stream batch 6624/30880: 107,255,808/500,000,000 (32,757 pos/s)
[r0] stream batch 6688/30880: 108,292,096/500,000,000 (33,061 pos/s)
[r1] stream batch 6640/30880: 107,514,880/500,000,000 (32,762 pos/s)
[r0] stream batch 6704/30880: 108,551,168/500,000,000 (33,067 pos/s)
[r1] stream batch 6656/30880: 107,773,952/500,000,000 (32,766 pos/s)
[r0] stream batch 6720/30880: 108,810,240/500,000,000 (33,072 pos/s)
[r1] stream batch 6672/30880: 108,033,024/500,000,000 (32,770 pos/s)
[r0] stream batch 6736/30880: 109,069,312/500,000,000 (33,075 pos/s)
[r1] stream batch 6688/30880: 108,292,096/500,000,000 (32,775 pos/s)
[r0] stream batch 6752/30880: 109,328,384/500,000,000 (33,077 pos/s)
[r1] stream batch 6704/30880: 108,551,168/500,000,000 (32,782 pos/s)
[r0] stream batch 6768/30880: 109,587,456/500,000,000 (33,082 pos/s)
[r1] stream batch 6720/30880: 108,810,240/500,000,000 (32,784 pos/s)
[r0] stream batch 6784/30880: 109,846,528/500,000,000 (33,088 pos/s)
[r1] stream batch 6736/30880: 109,069,312/500,000,000 (32,785 pos/s)
[r0] stream batch 6800/30880: 110,105,600/500,000,000 (33,092 pos/s)
[r1] stream batch 6752/30880: 109,328,384/500,000,000 (32,788 pos/s)
[r0] stream batch 6816/30880: 110,364,672/500,000,000 (33,095 pos/s)
[r1] stream batch 6768/30880: 109,587,456/500,000,000 (32,794 pos/s)
[r0] stream batch 6832/30880: 110,623,744/500,000,000 (33,099 pos/s)
[r1] stream batch 6784/30880: 109,846,528/500,000,000 (32,798 pos/s)
[r0] stream batch 6848/30880: 110,882,816/500,000,000 (33,103 pos/s)
[r1] stream batch 6800/30880: 110,105,600/500,000,000 (32,802 pos/s)
[r0] stream batch 6864/30880: 111,141,888/500,000,000 (33,106 pos/s)
[r1] stream batch 6816/30880: 110,364,672/500,000,000 (32,805 pos/s)
[r0] stream batch 6880/30880: 111,400,960/500,000,000 (33,110 pos/s)
[r1] stream batch 6832/30880: 110,623,744/500,000,000 (32,809 pos/s)
[r0] stream batch 6896/30880: 111,660,032/500,000,000 (33,115 pos/s)
[r1] stream batch 6848/30880: 110,882,816/500,000,000 (32,811 pos/s)
[r0] stream batch 6912/30880: 111,919,104/500,000,000 (33,118 pos/s)
[r1] stream batch 6864/30880: 111,141,888/500,000,000 (32,815 pos/s)
[r0] stream batch 6928/30880: 112,178,176/500,000,000 (33,120 pos/s)
[r1] stream batch 6880/30880: 111,400,960/500,000,000 (32,819 pos/s)
[r0] stream batch 6944/30880: 112,437,248/500,000,000 (33,125 pos/s)
[r1] stream batch 6896/30880: 111,660,032/500,000,000 (32,823 pos/s)
[r0] stream batch 6960/30880: 112,696,320/500,000,000 (33,130 pos/s)
[r1] stream batch 6912/30880: 111,919,104/500,000,000 (32,826 pos/s)
[r0] stream batch 6976/30880: 112,955,392/500,000,000 (33,133 pos/s)
[r0] stream batch 6992/30880: 113,214,464/500,000,000 (33,139 pos/s)
[r1] stream batch 6928/30880: 112,178,176/500,000,000 (32,829 pos/s)
[r1] stream batch 6944/30880: 112,437,248/500,000,000 (32,833 pos/s)
[r0] stream batch 7008/30880: 113,473,536/500,000,000 (33,141 pos/s)
[r1] stream batch 6960/30880: 112,696,320/500,000,000 (32,836 pos/s)
[r0] stream batch 7024/30880: 113,732,608/500,000,000 (33,144 pos/s)
[r0] stream batch 7040/30880: 113,991,680/500,000,000 (33,149 pos/s)
[r1] stream batch 6976/30880: 112,955,392/500,000,000 (32,838 pos/s)
[r0] stream batch 7056/30880: 114,250,752/500,000,000 (33,153 pos/s)
[r1] stream batch 6992/30880: 113,214,464/500,000,000 (32,843 pos/s)
[r0] stream batch 7072/30880: 114,509,824/500,000,000 (33,157 pos/s)
[r1] stream batch 7008/30880: 113,473,536/500,000,000 (32,845 pos/s)
[r0] stream batch 7088/30880: 114,768,896/500,000,000 (33,160 pos/s)
[r1] stream batch 7024/30880: 113,732,608/500,000,000 (32,846 pos/s)
[r0] stream batch 7104/30880: 115,027,968/500,000,000 (33,165 pos/s)
[r1] stream batch 7040/30880: 113,991,680/500,000,000 (32,849 pos/s)
[r0] stream batch 7120/30880: 115,287,040/500,000,000 (33,166 pos/s)
[r1] stream batch 7056/30880: 114,250,752/500,000,000 (32,853 pos/s)
[r0] stream batch 7136/30880: 115,546,112/500,000,000 (33,169 pos/s)
[r1] stream batch 7072/30880: 114,509,824/500,000,000 (32,857 pos/s)
[r0] stream batch 7152/30880: 115,805,184/500,000,000 (33,172 pos/s)
[r1] stream batch 7088/30880: 114,768,896/500,000,000 (32,862 pos/s)
[r0] stream batch 7168/30880: 116,064,256/500,000,000 (33,174 pos/s)
[r1] stream batch 7104/30880: 115,027,968/500,000,000 (32,866 pos/s)
[r0] stream batch 7184/30880: 116,323,328/500,000,000 (33,177 pos/s)
[r1] stream batch 7120/30880: 115,287,040/500,000,000 (32,867 pos/s)
[r0] stream batch 7200/30880: 116,582,400/500,000,000 (33,178 pos/s)
[r1] stream batch 7136/30880: 115,546,112/500,000,000 (32,871 pos/s)
[r0] stream batch 7216/30880: 116,841,472/500,000,000 (33,182 pos/s)
[r1] stream batch 7152/30880: 115,805,184/500,000,000 (32,876 pos/s)
[r0] stream batch 7232/30880: 117,100,544/500,000,000 (33,186 pos/s)
[r1] stream batch 7168/30880: 116,064,256/500,000,000 (32,880 pos/s)
[r0] stream batch 7248/30880: 117,359,616/500,000,000 (33,189 pos/s)
[r1] stream batch 7184/30880: 116,323,328/500,000,000 (32,881 pos/s)
[r0] stream batch 7264/30880: 117,618,688/500,000,000 (33,193 pos/s)
[r1] stream batch 7200/30880: 116,582,400/500,000,000 (32,885 pos/s)
[r0] stream batch 7280/30880: 117,877,760/500,000,000 (33,198 pos/s)
[r1] stream batch 7216/30880: 116,841,472/500,000,000 (32,886 pos/s)
[r0] stream batch 7296/30880: 118,136,832/500,000,000 (33,204 pos/s)
[r1] stream batch 7232/30880: 117,100,544/500,000,000 (32,890 pos/s)
[r0] stream batch 7312/30880: 118,395,904/500,000,000 (33,208 pos/s)
[r1] stream batch 7248/30880: 117,359,616/500,000,000 (32,893 pos/s)
[r0] stream batch 7328/30880: 118,654,976/500,000,000 (33,211 pos/s)
[r1] stream batch 7264/30880: 117,618,688/500,000,000 (32,900 pos/s)
[r0] stream batch 7344/30880: 118,914,048/500,000,000 (33,215 pos/s)
[r1] stream batch 7280/30880: 117,877,760/500,000,000 (32,905 pos/s)
[r0] stream batch 7360/30880: 119,173,120/500,000,000 (33,219 pos/s)
[r1] stream batch 7296/30880: 118,136,832/500,000,000 (32,909 pos/s)
[r0] stream batch 7376/30880: 119,432,192/500,000,000 (33,223 pos/s)
[r1] stream batch 7312/30880: 118,395,904/500,000,000 (32,911 pos/s)
[r0] stream batch 7392/30880: 119,691,264/500,000,000 (33,228 pos/s)
[r1] stream batch 7328/30880: 118,654,976/500,000,000 (32,915 pos/s)
[r0] stream batch 7408/30880: 119,950,336/500,000,000 (33,230 pos/s)
[r1] stream batch 7344/30880: 118,914,048/500,000,000 (32,919 pos/s)
[r0] stream batch 7424/30880: 120,209,408/500,000,000 (33,233 pos/s)
[r1] stream batch 7360/30880: 119,173,120/500,000,000 (32,923 pos/s)
[r0] stream batch 7440/30880: 120,468,480/500,000,000 (33,238 pos/s)
[r1] stream batch 7376/30880: 119,432,192/500,000,000 (32,927 pos/s)
[r0] stream batch 7456/30880: 120,727,552/500,000,000 (33,242 pos/s)
[r1] stream batch 7392/30880: 119,691,264/500,000,000 (32,931 pos/s)
[r0] stream batch 7472/30880: 120,986,624/500,000,000 (33,246 pos/s)
[r1] stream batch 7408/30880: 119,950,336/500,000,000 (32,933 pos/s)
[r0] stream batch 7488/30880: 121,245,696/500,000,000 (33,248 pos/s)
[r1] stream batch 7424/30880: 120,209,408/500,000,000 (32,938 pos/s)
[r0] stream batch 7504/30880: 121,504,768/500,000,000 (33,251 pos/s)
[r1] stream batch 7440/30880: 120,468,480/500,000,000 (32,941 pos/s)
[r0] stream batch 7520/30880: 121,763,840/500,000,000 (33,254 pos/s)
[r1] stream batch 7456/30880: 120,727,552/500,000,000 (32,943 pos/s)
[r0] stream batch 7536/30880: 122,022,912/500,000,000 (33,256 pos/s)
[r1] stream batch 7472/30880: 120,986,624/500,000,000 (32,945 pos/s)
[r0] stream batch 7552/30880: 122,281,984/500,000,000 (33,258 pos/s)
[r1] stream batch 7488/30880: 121,245,696/500,000,000 (32,949 pos/s)
[r0] stream batch 7568/30880: 122,541,056/500,000,000 (33,262 pos/s)
[r1] stream batch 7504/30880: 121,504,768/500,000,000 (32,952 pos/s)
[r0] stream batch 7584/30880: 122,800,128/500,000,000 (33,265 pos/s)
[r1] stream batch 7520/30880: 121,763,840/500,000,000 (32,956 pos/s)
[r0] stream batch 7600/30880: 123,059,200/500,000,000 (33,271 pos/s)
[r1] stream batch 7536/30880: 122,022,912/500,000,000 (32,959 pos/s)
[r0] stream batch 7616/30880: 123,318,272/500,000,000 (33,276 pos/s)
[r1] stream batch 7552/30880: 122,281,984/500,000,000 (32,962 pos/s)
[r0] stream batch 7632/30880: 123,577,344/500,000,000 (33,283 pos/s)
[r1] stream batch 7568/30880: 122,541,056/500,000,000 (32,964 pos/s)
[r0] stream batch 7648/30880: 123,836,416/500,000,000 (33,286 pos/s)
[r1] stream batch 7584/30880: 122,800,128/500,000,000 (32,966 pos/s)
[r0] stream batch 7664/30880: 124,095,488/500,000,000 (33,287 pos/s)
[r1] stream batch 7600/30880: 123,059,200/500,000,000 (32,972 pos/s)
[r0] stream batch 7680/30880: 124,354,560/500,000,000 (33,289 pos/s)
[r1] stream batch 7616/30880: 123,318,272/500,000,000 (32,977 pos/s)
[r0] stream batch 7696/30880: 124,613,632/500,000,000 (33,292 pos/s)
[r1] stream batch 7632/30880: 123,577,344/500,000,000 (32,983 pos/s)
[r0] stream batch 7712/30880: 124,872,704/500,000,000 (33,294 pos/s)
[r1] stream batch 7648/30880: 123,836,416/500,000,000 (32,985 pos/s)
[r0] stream batch 7728/30880: 125,131,776/500,000,000 (33,296 pos/s)
[r1] stream batch 7664/30880: 124,095,488/500,000,000 (32,987 pos/s)
[r0] stream batch 7744/30880: 125,390,848/500,000,000 (33,300 pos/s)
[r1] stream batch 7680/30880: 124,354,560/500,000,000 (32,990 pos/s)
[r0] stream batch 7760/30880: 125,649,920/500,000,000 (33,305 pos/s)
[r1] stream batch 7696/30880: 124,613,632/500,000,000 (32,992 pos/s)
[r0] stream batch 7776/30880: 125,908,992/500,000,000 (33,309 pos/s)
[r1] stream batch 7712/30880: 124,872,704/500,000,000 (32,993 pos/s)
[r0] stream batch 7792/30880: 126,168,064/500,000,000 (33,313 pos/s)
[r1] stream batch 7728/30880: 125,131,776/500,000,000 (32,994 pos/s)
[r0] stream batch 7808/30880: 126,427,136/500,000,000 (33,315 pos/s)
[r1] stream batch 7744/30880: 125,390,848/500,000,000 (32,998 pos/s)
[r0] stream batch 7824/30880: 126,686,208/500,000,000 (33,321 pos/s)
[r1] stream batch 7760/30880: 125,649,920/500,000,000 (33,003 pos/s)
[r0] stream batch 7840/30880: 126,945,280/500,000,000 (33,324 pos/s)
[r1] stream batch 7776/30880: 125,908,992/500,000,000 (33,006 pos/s)
[r0] stream batch 7856/30880: 127,204,352/500,000,000 (33,326 pos/s)
[r1] stream batch 7792/30880: 126,168,064/500,000,000 (33,011 pos/s)
[r0] stream batch 7872/30880: 127,463,424/500,000,000 (33,329 pos/s)
[r1] stream batch 7808/30880: 126,427,136/500,000,000 (33,014 pos/s)
[r0] stream batch 7888/30880: 127,722,496/500,000,000 (33,330 pos/s)
[r1] stream batch 7824/30880: 126,686,208/500,000,000 (33,021 pos/s)
[r0] stream batch 7904/30880: 127,981,568/500,000,000 (33,335 pos/s)
[r1] stream batch 7840/30880: 126,945,280/500,000,000 (33,024 pos/s)
[r0] stream batch 7920/30880: 128,240,640/500,000,000 (33,339 pos/s)
[r1] stream batch 7856/30880: 127,204,352/500,000,000 (33,030 pos/s)
[r0] stream batch 7936/30880: 128,499,712/500,000,000 (33,342 pos/s)
[r1] stream batch 7872/30880: 127,463,424/500,000,000 (33,032 pos/s)
[r0] stream batch 7952/30880: 128,758,784/500,000,000 (33,345 pos/s)
[r1] stream batch 7888/30880: 127,722,496/500,000,000 (33,035 pos/s)
[r0] stream batch 7968/30880: 129,017,856/500,000,000 (33,347 pos/s)
[r1] stream batch 7904/30880: 127,981,568/500,000,000 (33,038 pos/s)
[r0] stream batch 7984/30880: 129,276,928/500,000,000 (33,353 pos/s)
[r1] stream batch 7920/30880: 128,240,640/500,000,000 (33,041 pos/s)
[r0] stream batch 8000/30880: 129,536,000/500,000,000 (33,356 pos/s)
[r1] stream batch 7936/30880: 128,499,712/500,000,000 (33,043 pos/s)
[r0] stream batch 8016/30880: 129,795,072/500,000,000 (33,359 pos/s)
[r1] stream batch 7952/30880: 128,758,784/500,000,000 (33,046 pos/s)
[r0] stream batch 8032/30880: 130,054,144/500,000,000 (33,363 pos/s)
[r1] stream batch 7968/30880: 129,017,856/500,000,000 (33,050 pos/s)
[r0] stream batch 8048/30880: 130,313,216/500,000,000 (33,365 pos/s)
[r1] stream batch 7984/30880: 129,276,928/500,000,000 (33,058 pos/s)
[r0] stream batch 8064/30880: 130,572,288/500,000,000 (33,368 pos/s)
[r1] stream batch 8000/30880: 129,536,000/500,000,000 (33,060 pos/s)
[r0] stream batch 8080/30880: 130,831,360/500,000,000 (33,370 pos/s)
[r1] stream batch 8016/30880: 129,795,072/500,000,000 (33,064 pos/s)
[r0] stream batch 8096/30880: 131,090,432/500,000,000 (33,372 pos/s)
[r1] stream batch 8032/30880: 130,054,144/500,000,000 (33,069 pos/s)
[r0] stream batch 8112/30880: 131,349,504/500,000,000 (33,375 pos/s)
[r1] stream batch 8048/30880: 130,313,216/500,000,000 (33,071 pos/s)
[r0] stream batch 8128/30880: 131,608,576/500,000,000 (33,378 pos/s)
[r1] stream batch 8064/30880: 130,572,288/500,000,000 (33,075 pos/s)
[r0] stream batch 8144/30880: 131,867,648/500,000,000 (33,384 pos/s)
[r1] stream batch 8080/30880: 130,831,360/500,000,000 (33,076 pos/s)
[r0] stream batch 8160/30880: 132,126,720/500,000,000 (33,387 pos/s)
[r1] stream batch 8096/30880: 131,090,432/500,000,000 (33,079 pos/s)
[r0] stream batch 8176/30880: 132,385,792/500,000,000 (33,392 pos/s)
[r1] stream batch 8112/30880: 131,349,504/500,000,000 (33,082 pos/s)
[r0] stream batch 8192/30880: 132,644,864/500,000,000 (33,395 pos/s)
[r1] stream batch 8128/30880: 131,608,576/500,000,000 (33,085 pos/s)
[r0] stream batch 8208/30880: 132,903,936/500,000,000 (33,399 pos/s)
[r1] stream batch 8144/30880: 131,867,648/500,000,000 (33,090 pos/s)
[r0] stream batch 8224/30880: 133,163,008/500,000,000 (33,401 pos/s)
[r1] stream batch 8160/30880: 132,126,720/500,000,000 (33,093 pos/s)
[r0] stream batch 8240/30880: 133,422,080/500,000,000 (33,405 pos/s)
[r1] stream batch 8176/30880: 132,385,792/500,000,000 (33,099 pos/s)
[r0] stream batch 8256/30880: 133,681,152/500,000,000 (33,407 pos/s)
[r1] stream batch 8192/30880: 132,644,864/500,000,000 (33,101 pos/s)
[r0] stream batch 8272/30880: 133,940,224/500,000,000 (33,410 pos/s)
[r1] stream batch 8208/30880: 132,903,936/500,000,000 (33,104 pos/s)
[r0] stream batch 8288/30880: 134,199,296/500,000,000 (33,414 pos/s)
[r1] stream batch 8224/30880: 133,163,008/500,000,000 (33,106 pos/s)
[r0] stream batch 8304/30880: 134,458,368/500,000,000 (33,416 pos/s)
[r1] stream batch 8240/30880: 133,422,080/500,000,000 (33,110 pos/s)
[r0] stream batch 8320/30880: 134,717,440/500,000,000 (33,419 pos/s)
[r1] stream batch 8256/30880: 133,681,152/500,000,000 (33,113 pos/s)
[r0] stream batch 8336/30880: 134,976,512/500,000,000 (33,420 pos/s)
[r1] stream batch 8272/30880: 133,940,224/500,000,000 (33,116 pos/s)
[r0] stream batch 8352/30880: 135,235,584/500,000,000 (33,424 pos/s)
[r1] stream batch 8288/30880: 134,199,296/500,000,000 (33,119 pos/s)
[r0] stream batch 8368/30880: 135,494,656/500,000,000 (33,429 pos/s)
[r1] stream batch 8304/30880: 134,458,368/500,000,000 (33,123 pos/s)
[r0] stream batch 8384/30880: 135,753,728/500,000,000 (33,432 pos/s)
[r1] stream batch 8320/30880: 134,717,440/500,000,000 (33,126 pos/s)
[r0] stream batch 8400/30880: 136,012,800/500,000,000 (33,434 pos/s)
[r1] stream batch 8336/30880: 134,976,512/500,000,000 (33,127 pos/s)
[r0] stream batch 8416/30880: 136,271,872/500,000,000 (33,436 pos/s)
[r1] stream batch 8352/30880: 135,235,584/500,000,000 (33,131 pos/s)
[r0] stream batch 8432/30880: 136,530,944/500,000,000 (33,438 pos/s)
[r1] stream batch 8368/30880: 135,494,656/500,000,000 (33,133 pos/s)
[r0] stream batch 8448/30880: 136,790,016/500,000,000 (33,443 pos/s)
[r1] stream batch 8384/30880: 135,753,728/500,000,000 (33,135 pos/s)
[r0] stream batch 8464/30880: 137,049,088/500,000,000 (33,445 pos/s)
[r1] stream batch 8400/30880: 136,012,800/500,000,000 (33,137 pos/s)
[r0] stream batch 8480/30880: 137,308,160/500,000,000 (33,446 pos/s)
[r1] stream batch 8416/30880: 136,271,872/500,000,000 (33,140 pos/s)
[r0] stream batch 8496/30880: 137,567,232/500,000,000 (33,449 pos/s)
[r1] stream batch 8432/30880: 136,530,944/500,000,000 (33,142 pos/s)
[r0] stream batch 8512/30880: 137,826,304/500,000,000 (33,452 pos/s)
[r1] stream batch 8448/30880: 136,790,016/500,000,000 (33,147 pos/s)
[r0] stream batch 8528/30880: 138,085,376/500,000,000 (33,455 pos/s)
[r1] stream batch 8464/30880: 137,049,088/500,000,000 (33,148 pos/s)
[r0] stream batch 8544/30880: 138,344,448/500,000,000 (33,460 pos/s)
[r1] stream batch 8480/30880: 137,308,160/500,000,000 (33,150 pos/s)
[r0] stream batch 8560/30880: 138,603,520/500,000,000 (33,463 pos/s)
[r1] stream batch 8496/30880: 137,567,232/500,000,000 (33,151 pos/s)
[r0] stream batch 8576/30880: 138,862,592/500,000,000 (33,465 pos/s)
[r1] stream batch 8512/30880: 137,826,304/500,000,000 (33,154 pos/s)
[r0] stream batch 8592/30880: 139,121,664/500,000,000 (33,469 pos/s)
[r0] stream batch 8608/30880: 139,380,736/500,000,000 (33,474 pos/s)
[r1] stream batch 8528/30880: 138,085,376/500,000,000 (33,156 pos/s)
[r0] stream batch 8624/30880: 139,639,808/500,000,000 (33,476 pos/s)
[r1] stream batch 8544/30880: 138,344,448/500,000,000 (33,160 pos/s)
[r0] stream batch 8640/30880: 139,898,880/500,000,000 (33,481 pos/s)
[r1] stream batch 8560/30880: 138,603,520/500,000,000 (33,162 pos/s)
[r0] stream batch 8656/30880: 140,157,952/500,000,000 (33,484 pos/s)
[r1] stream batch 8576/30880: 138,862,592/500,000,000 (33,164 pos/s)
[r0] stream batch 8672/30880: 140,417,024/500,000,000 (33,487 pos/s)
[r1] stream batch 8592/30880: 139,121,664/500,000,000 (33,169 pos/s)
[r0] stream batch 8688/30880: 140,676,096/500,000,000 (33,489 pos/s)
[r1] stream batch 8608/30880: 139,380,736/500,000,000 (33,172 pos/s)
[r0] stream batch 8704/30880: 140,935,168/500,000,000 (33,491 pos/s)
[r1] stream batch 8624/30880: 139,639,808/500,000,000 (33,174 pos/s)
[r0] stream batch 8720/30880: 141,194,240/500,000,000 (33,493 pos/s)
[r1] stream batch 8640/30880: 139,898,880/500,000,000 (33,180 pos/s)
[r0] stream batch 8736/30880: 141,453,312/500,000,000 (33,495 pos/s)
[r1] stream batch 8656/30880: 140,157,952/500,000,000 (33,182 pos/s)
[r0] stream batch 8752/30880: 141,712,384/500,000,000 (33,499 pos/s)
[r1] stream batch 8672/30880: 140,417,024/500,000,000 (33,184 pos/s)
[r0] stream batch 8768/30880: 141,971,456/500,000,000 (33,502 pos/s)
[r1] stream batch 8688/30880: 140,676,096/500,000,000 (33,188 pos/s)
[r0] stream batch 8784/30880: 142,230,528/500,000,000 (33,506 pos/s)
[r1] stream batch 8704/30880: 140,935,168/500,000,000 (33,189 pos/s)
[r0] stream batch 8800/30880: 142,489,600/500,000,000 (33,509 pos/s)
[r1] stream batch 8720/30880: 141,194,240/500,000,000 (33,191 pos/s)
[r0] stream batch 8816/30880: 142,748,672/500,000,000 (33,511 pos/s)
[r1] stream batch 8736/30880: 141,453,312/500,000,000 (33,191 pos/s)
[r0] stream batch 8832/30880: 143,007,744/500,000,000 (33,513 pos/s)
[r1] stream batch 8752/30880: 141,712,384/500,000,000 (33,194 pos/s)
[r0] stream batch 8848/30880: 143,266,816/500,000,000 (33,515 pos/s)
[r1] stream batch 8768/30880: 141,971,456/500,000,000 (33,196 pos/s)
[r0] stream batch 8864/30880: 143,525,888/500,000,000 (33,518 pos/s)
[r1] stream batch 8784/30880: 142,230,528/500,000,000 (33,199 pos/s)
[r0] stream batch 8880/30880: 143,784,960/500,000,000 (33,520 pos/s)
[r1] stream batch 8800/30880: 142,489,600/500,000,000 (33,201 pos/s)
[r0] stream batch 8896/30880: 144,044,032/500,000,000 (33,523 pos/s)
[r1] stream batch 8816/30880: 142,748,672/500,000,000 (33,204 pos/s)
[r0] stream batch 8912/30880: 144,303,104/500,000,000 (33,524 pos/s)
[r1] stream batch 8832/30880: 143,007,744/500,000,000 (33,207 pos/s)
[r0] stream batch 8928/30880: 144,562,176/500,000,000 (33,529 pos/s)
[r1] stream batch 8848/30880: 143,266,816/500,000,000 (33,209 pos/s)
[r0] stream batch 8944/30880: 144,821,248/500,000,000 (33,535 pos/s)
[r1] stream batch 8864/30880: 143,525,888/500,000,000 (33,211 pos/s)
[r0] stream batch 8960/30880: 145,080,320/500,000,000 (33,537 pos/s)
[r1] stream batch 8880/30880: 143,784,960/500,000,000 (33,214 pos/s)
[r0] stream batch 8976/30880: 145,339,392/500,000,000 (33,538 pos/s)
[r1] stream batch 8896/30880: 144,044,032/500,000,000 (33,216 pos/s)
[r0] stream batch 8992/30880: 145,598,464/500,000,000 (33,539 pos/s)
[r1] stream batch 8912/30880: 144,303,104/500,000,000 (33,218 pos/s)
[r0] stream batch 9008/30880: 145,857,536/500,000,000 (33,541 pos/s)
[r1] stream batch 8928/30880: 144,562,176/500,000,000 (33,224 pos/s)
[r0] stream batch 9024/30880: 146,116,608/500,000,000 (33,543 pos/s)
[r1] stream batch 8944/30880: 144,821,248/500,000,000 (33,227 pos/s)
[r0] stream batch 9040/30880: 146,375,680/500,000,000 (33,543 pos/s)
[r1] stream batch 8960/30880: 145,080,320/500,000,000 (33,230 pos/s)
[r0] stream batch 9056/30880: 146,634,752/500,000,000 (33,546 pos/s)
[r1] stream batch 8976/30880: 145,339,392/500,000,000 (33,232 pos/s)
[r0] stream batch 9072/30880: 146,893,824/500,000,000 (33,548 pos/s)
[r1] stream batch 8992/30880: 145,598,464/500,000,000 (33,233 pos/s)
[r0] stream batch 9088/30880: 147,152,896/500,000,000 (33,549 pos/s)
[r1] stream batch 9008/30880: 145,857,536/500,000,000 (33,235 pos/s)
[r0] stream batch 9104/30880: 147,411,968/500,000,000 (33,551 pos/s)
[r1] stream batch 9024/30880: 146,116,608/500,000,000 (33,236 pos/s)
[r0] stream batch 9120/30880: 147,671,040/500,000,000 (33,552 pos/s)
[r1] stream batch 9040/30880: 146,375,680/500,000,000 (33,239 pos/s)
[r0] stream batch 9136/30880: 147,930,112/500,000,000 (33,554 pos/s)
[r1] stream batch 9056/30880: 146,634,752/500,000,000 (33,242 pos/s)
[r0] stream batch 9152/30880: 148,189,184/500,000,000 (33,557 pos/s)
[r1] stream batch 9072/30880: 146,893,824/500,000,000 (33,244 pos/s)
[r0] stream batch 9168/30880: 148,448,256/500,000,000 (33,560 pos/s)
[r1] stream batch 9088/30880: 147,152,896/500,000,000 (33,245 pos/s)
[r0] stream batch 9184/30880: 148,707,328/500,000,000 (33,563 pos/s)
[r1] stream batch 9104/30880: 147,411,968/500,000,000 (33,247 pos/s)
[r0] stream batch 9200/30880: 148,966,400/500,000,000 (33,564 pos/s)
[r1] stream batch 9120/30880: 147,671,040/500,000,000 (33,248 pos/s)
[r0] stream batch 9216/30880: 149,225,472/500,000,000 (33,566 pos/s)
[r1] stream batch 9136/30880: 147,930,112/500,000,000 (33,251 pos/s)
[r0] stream batch 9232/30880: 149,484,544/500,000,000 (33,567 pos/s)
[r1] stream batch 9152/30880: 148,189,184/500,000,000 (33,254 pos/s)
[r0] stream batch 9248/30880: 149,743,616/500,000,000 (33,569 pos/s)
[r1] stream batch 9168/30880: 148,448,256/500,000,000 (33,256 pos/s)
[r0] stream batch 9264/30880: 150,002,688/500,000,000 (33,572 pos/s)
[r1] stream batch 9184/30880: 148,707,328/500,000,000 (33,259 pos/s)
[r0] stream batch 9280/30880: 150,261,760/500,000,000 (33,575 pos/s)
[r1] stream batch 9200/30880: 148,966,400/500,000,000 (33,260 pos/s)
[r0] stream batch 9296/30880: 150,520,832/500,000,000 (33,578 pos/s)
[r1] stream batch 9216/30880: 149,225,472/500,000,000 (33,262 pos/s)
[r0] stream batch 9312/30880: 150,779,904/500,000,000 (33,581 pos/s)
[r1] stream batch 9232/30880: 149,484,544/500,000,000 (33,264 pos/s)
[r0] stream batch 9328/30880: 151,038,976/500,000,000 (33,585 pos/s)
[r1] stream batch 9248/30880: 149,743,616/500,000,000 (33,267 pos/s)
[r0] stream batch 9344/30880: 151,298,048/500,000,000 (33,586 pos/s)
[r1] stream batch 9264/30880: 150,002,688/500,000,000 (33,269 pos/s)
[r0] stream batch 9360/30880: 151,557,120/500,000,000 (33,588 pos/s)
[r1] stream batch 9280/30880: 150,261,760/500,000,000 (33,271 pos/s)
[r0] stream batch 9376/30880: 151,816,192/500,000,000 (33,589 pos/s)
[r1] stream batch 9296/30880: 150,520,832/500,000,000 (33,274 pos/s)
[r0] stream batch 9392/30880: 152,075,264/500,000,000 (33,591 pos/s)
[r1] stream batch 9312/30880: 150,779,904/500,000,000 (33,277 pos/s)
[r0] stream batch 9408/30880: 152,334,336/500,000,000 (33,595 pos/s)
[r1] stream batch 9328/30880: 151,038,976/500,000,000 (33,280 pos/s)
[r0] stream batch 9424/30880: 152,593,408/500,000,000 (33,598 pos/s)
[r1] stream batch 9344/30880: 151,298,048/500,000,000 (33,282 pos/s)
[r0] stream batch 9440/30880: 152,852,480/500,000,000 (33,599 pos/s)
[r1] stream batch 9360/30880: 151,557,120/500,000,000 (33,284 pos/s)
[r0] stream batch 9456/30880: 153,111,552/500,000,000 (33,600 pos/s)
[r1] stream batch 9376/30880: 151,816,192/500,000,000 (33,286 pos/s)
[r0] stream batch 9472/30880: 153,370,624/500,000,000 (33,600 pos/s)
[r1] stream batch 9392/30880: 152,075,264/500,000,000 (33,288 pos/s)
[r0] stream batch 9488/30880: 153,629,696/500,000,000 (33,603 pos/s)
[r1] stream batch 9408/30880: 152,334,336/500,000,000 (33,290 pos/s)
[r0] stream batch 9504/30880: 153,888,768/500,000,000 (33,605 pos/s)
[r1] stream batch 9424/30880: 152,593,408/500,000,000 (33,292 pos/s)
[r0] stream batch 9520/30880: 154,147,840/500,000,000 (33,606 pos/s)
[r1] stream batch 9440/30880: 152,852,480/500,000,000 (33,294 pos/s)
[r0] stream batch 9536/30880: 154,406,912/500,000,000 (33,607 pos/s)
[r1] stream batch 9456/30880: 153,111,552/500,000,000 (33,295 pos/s)
[r0] stream batch 9552/30880: 154,665,984/500,000,000 (33,609 pos/s)
[r1] stream batch 9472/30880: 153,370,624/500,000,000 (33,295 pos/s)
[r0] stream batch 9568/30880: 154,925,056/500,000,000 (33,611 pos/s)
[r1] stream batch 9488/30880: 153,629,696/500,000,000 (33,298 pos/s)
[r0] stream batch 9584/30880: 155,184,128/500,000,000 (33,613 pos/s)
[r1] stream batch 9504/30880: 153,888,768/500,000,000 (33,300 pos/s)
[r0] stream batch 9600/30880: 155,443,200/500,000,000 (33,615 pos/s)
[r1] stream batch 9520/30880: 154,147,840/500,000,000 (33,301 pos/s)
[r0] stream batch 9616/30880: 155,702,272/500,000,000 (33,616 pos/s)
[r1] stream batch 9536/30880: 154,406,912/500,000,000 (33,303 pos/s)
[r0] stream batch 9632/30880: 155,961,344/500,000,000 (33,618 pos/s)
[r1] stream batch 9552/30880: 154,665,984/500,000,000 (33,304 pos/s)
[r0] stream batch 9648/30880: 156,220,416/500,000,000 (33,620 pos/s)
[r1] stream batch 9568/30880: 154,925,056/500,000,000 (33,307 pos/s)
[r0] stream batch 9664/30880: 156,479,488/500,000,000 (33,623 pos/s)
[r1] stream batch 9584/30880: 155,184,128/500,000,000 (33,309 pos/s)
[r0] stream batch 9680/30880: 156,738,560/500,000,000 (33,627 pos/s)
[r1] stream batch 9600/30880: 155,443,200/500,000,000 (33,310 pos/s)
[r0] stream batch 9696/30880: 156,997,632/500,000,000 (33,629 pos/s)
[r1] stream batch 9616/30880: 155,702,272/500,000,000 (33,311 pos/s)
[r0] stream batch 9712/30880: 157,256,704/500,000,000 (33,631 pos/s)
[r1] stream batch 9632/30880: 155,961,344/500,000,000 (33,312 pos/s)
[r0] stream batch 9728/30880: 157,515,776/500,000,000 (33,634 pos/s)
[r1] stream batch 9648/30880: 156,220,416/500,000,000 (33,313 pos/s)
[r0] stream batch 9744/30880: 157,774,848/500,000,000 (33,635 pos/s)
[r1] stream batch 9664/30880: 156,479,488/500,000,000 (33,315 pos/s)
[r0] stream batch 9760/30880: 158,033,920/500,000,000 (33,637 pos/s)
[r1] stream batch 9680/30880: 156,738,560/500,000,000 (33,319 pos/s)
[r0] stream batch 9776/30880: 158,292,992/500,000,000 (33,645 pos/s)
[r1] stream batch 9696/30880: 156,997,632/500,000,000 (33,322 pos/s)
[r0] stream batch 9792/30880: 158,552,064/500,000,000 (33,649 pos/s)
[r1] stream batch 9712/30880: 157,256,704/500,000,000 (33,323 pos/s)
[r0] stream batch 9808/30880: 158,811,136/500,000,000 (33,652 pos/s)
[r1] stream batch 9728/30880: 157,515,776/500,000,000 (33,325 pos/s)
[r0] stream batch 9824/30880: 159,070,208/500,000,000 (33,653 pos/s)
[r1] stream batch 9744/30880: 157,774,848/500,000,000 (33,326 pos/s)
[r0] stream batch 9840/30880: 159,329,280/500,000,000 (33,655 pos/s)
[r1] stream batch 9760/30880: 158,033,920/500,000,000 (33,329 pos/s)
[r0] stream batch 9856/30880: 159,588,352/500,000,000 (33,656 pos/s)
[r1] stream batch 9776/30880: 158,292,992/500,000,000 (33,336 pos/s)
[r0] stream batch 9872/30880: 159,847,424/500,000,000 (33,658 pos/s)
[r1] stream batch 9792/30880: 158,552,064/500,000,000 (33,339 pos/s)
[r0] stream batch 9888/30880: 160,106,496/500,000,000 (33,660 pos/s)
[r1] stream batch 9808/30880: 158,811,136/500,000,000 (33,342 pos/s)
[r0] stream batch 9904/30880: 160,365,568/500,000,000 (33,661 pos/s)
[r1] stream batch 9824/30880: 159,070,208/500,000,000 (33,345 pos/s)
[r0] stream batch 9920/30880: 160,624,640/500,000,000 (33,664 pos/s)
[r1] stream batch 9840/30880: 159,329,280/500,000,000 (33,347 pos/s)
[r0] stream batch 9936/30880: 160,883,712/500,000,000 (33,672 pos/s)
[r1] stream batch 9856/30880: 159,588,352/500,000,000 (33,349 pos/s)
[r0] stream batch 9952/30880: 161,142,784/500,000,000 (33,676 pos/s)
[r1] stream batch 9872/30880: 159,847,424/500,000,000 (33,352 pos/s)
[r0] stream batch 9968/30880: 161,401,856/500,000,000 (33,678 pos/s)
[r1] stream batch 9888/30880: 160,106,496/500,000,000 (33,353 pos/s)
[r0] stream batch 9984/30880: 161,660,928/500,000,000 (33,679 pos/s)
[r1] stream batch 9904/30880: 160,365,568/500,000,000 (33,355 pos/s)
[r0] stream batch 10000/30880: 161,920,000/500,000,000 (33,681 pos/s)
[r1] stream batch 9920/30880: 160,624,640/500,000,000 (33,358 pos/s)
[r0] stream batch 10016/30880: 162,179,072/500,000,000 (33,684 pos/s)
[r1] stream batch 9936/30880: 160,883,712/500,000,000 (33,364 pos/s)
[r0] stream batch 10032/30880: 162,438,144/500,000,000 (33,685 pos/s)
[r1] stream batch 9952/30880: 161,142,784/500,000,000 (33,367 pos/s)
[r0] stream batch 10048/30880: 162,697,216/500,000,000 (33,686 pos/s)
[r1] stream batch 9968/30880: 161,401,856/500,000,000 (33,370 pos/s)
[r0] stream batch 10064/30880: 162,956,288/500,000,000 (33,687 pos/s)
[r1] stream batch 9984/30880: 161,660,928/500,000,000 (33,372 pos/s)
[r0] stream batch 10080/30880: 163,215,360/500,000,000 (33,687 pos/s)
[r1] stream batch 10000/30880: 161,920,000/500,000,000 (33,376 pos/s)
[r0] stream batch 10096/30880: 163,474,432/500,000,000 (33,689 pos/s)
[r1] stream batch 10016/30880: 162,179,072/500,000,000 (33,377 pos/s)
[r0] stream batch 10112/30880: 163,733,504/500,000,000 (33,690 pos/s)
[r1] stream batch 10032/30880: 162,438,144/500,000,000 (33,377 pos/s)
[r0] stream batch 10128/30880: 163,992,576/500,000,000 (33,693 pos/s)
[r1] stream batch 10048/30880: 162,697,216/500,000,000 (33,378 pos/s)
[r0] stream batch 10144/30880: 164,251,648/500,000,000 (33,697 pos/s)
[r1] stream batch 10064/30880: 162,956,288/500,000,000 (33,380 pos/s)
[r0] stream batch 10160/30880: 164,510,720/500,000,000 (33,698 pos/s)
[r1] stream batch 10080/30880: 163,215,360/500,000,000 (33,381 pos/s)
[r0] stream batch 10176/30880: 164,769,792/500,000,000 (33,700 pos/s)
[r1] stream batch 10096/30880: 163,474,432/500,000,000 (33,383 pos/s)
[r0] stream batch 10192/30880: 165,028,864/500,000,000 (33,702 pos/s)
[r1] stream batch 10112/30880: 163,733,504/500,000,000 (33,384 pos/s)
[r0] stream batch 10208/30880: 165,287,936/500,000,000 (33,705 pos/s)
[r1] stream batch 10128/30880: 163,992,576/500,000,000 (33,387 pos/s)
[r0] stream batch 10224/30880: 165,547,008/500,000,000 (33,706 pos/s)
[r1] stream batch 10144/30880: 164,251,648/500,000,000 (33,391 pos/s)
[r0] stream batch 10240/30880: 165,806,080/500,000,000 (33,708 pos/s)
[r1] stream batch 10160/30880: 164,510,720/500,000,000 (33,392 pos/s)
[r0] stream batch 10256/30880: 166,065,152/500,000,000 (33,710 pos/s)
[r1] stream batch 10176/30880: 164,769,792/500,000,000 (33,394 pos/s)
[r0] stream batch 10272/30880: 166,324,224/500,000,000 (33,713 pos/s)
[r1] stream batch 10192/30880: 165,028,864/500,000,000 (33,397 pos/s)
[r0] stream batch 10288/30880: 166,583,296/500,000,000 (33,714 pos/s)
[r1] stream batch 10208/30880: 165,287,936/500,000,000 (33,400 pos/s)
[r0] stream batch 10304/30880: 166,842,368/500,000,000 (33,715 pos/s)
[r1] stream batch 10224/30880: 165,547,008/500,000,000 (33,403 pos/s)
[r0] stream batch 10320/30880: 167,101,440/500,000,000 (33,718 pos/s)
[r1] stream batch 10240/30880: 165,806,080/500,000,000 (33,406 pos/s)
[r0] stream batch 10336/30880: 167,360,512/500,000,000 (33,720 pos/s)
[r1] stream batch 10256/30880: 166,065,152/500,000,000 (33,408 pos/s)
[r0] stream batch 10352/30880: 167,619,584/500,000,000 (33,724 pos/s)
[r1] stream batch 10272/30880: 166,324,224/500,000,000 (33,410 pos/s)
[r0] stream batch 10368/30880: 167,878,656/500,000,000 (33,725 pos/s)
[r1] stream batch 10288/30880: 166,583,296/500,000,000 (33,411 pos/s)
[r0] stream batch 10384/30880: 168,137,728/500,000,000 (33,726 pos/s)
[r1] stream batch 10304/30880: 166,842,368/500,000,000 (33,413 pos/s)
[r0] stream batch 10400/30880: 168,396,800/500,000,000 (33,728 pos/s)
[r1] stream batch 10320/30880: 167,101,440/500,000,000 (33,416 pos/s)
[r0] stream batch 10416/30880: 168,655,872/500,000,000 (33,729 pos/s)
[r1] stream batch 10336/30880: 167,360,512/500,000,000 (33,417 pos/s)
[r0] stream batch 10432/30880: 168,914,944/500,000,000 (33,732 pos/s)
[r0] stream batch 10448/30880: 169,174,016/500,000,000 (33,734 pos/s)
[r1] stream batch 10352/30880: 167,619,584/500,000,000 (33,419 pos/s)
[r0] stream batch 10464/30880: 169,433,088/500,000,000 (33,736 pos/s)
[r1] stream batch 10368/30880: 167,878,656/500,000,000 (33,421 pos/s)
[r0] stream batch 10480/30880: 169,692,160/500,000,000 (33,739 pos/s)
[r1] stream batch 10384/30880: 168,137,728/500,000,000 (33,423 pos/s)
[r0] stream batch 10496/30880: 169,951,232/500,000,000 (33,740 pos/s)
[r1] stream batch 10400/30880: 168,396,800/500,000,000 (33,424 pos/s)
[r0] stream batch 10512/30880: 170,210,304/500,000,000 (33,742 pos/s)
[r1] stream batch 10416/30880: 168,655,872/500,000,000 (33,426 pos/s)
[r0] stream batch 10528/30880: 170,469,376/500,000,000 (33,746 pos/s)
[r1] stream batch 10432/30880: 168,914,944/500,000,000 (33,428 pos/s)
[r0] stream batch 10544/30880: 170,728,448/500,000,000 (33,748 pos/s)
[r1] stream batch 10448/30880: 169,174,016/500,000,000 (33,431 pos/s)
[r0] stream batch 10560/30880: 170,987,520/500,000,000 (33,750 pos/s)
[r1] stream batch 10464/30880: 169,433,088/500,000,000 (33,433 pos/s)
[r0] stream batch 10576/30880: 171,246,592/500,000,000 (33,752 pos/s)
[r1] stream batch 10480/30880: 169,692,160/500,000,000 (33,435 pos/s)
[r0] stream batch 10592/30880: 171,505,664/500,000,000 (33,753 pos/s)
[r1] stream batch 10496/30880: 169,951,232/500,000,000 (33,435 pos/s)
[r0] stream batch 10608/30880: 171,764,736/500,000,000 (33,756 pos/s)
[r1] stream batch 10512/30880: 170,210,304/500,000,000 (33,438 pos/s)
[r0] stream batch 10624/30880: 172,023,808/500,000,000 (33,757 pos/s)
[r1] stream batch 10528/30880: 170,469,376/500,000,000 (33,442 pos/s)
[r0] stream batch 10640/30880: 172,282,880/500,000,000 (33,758 pos/s)
[r1] stream batch 10544/30880: 170,728,448/500,000,000 (33,443 pos/s)
[r0] stream batch 10656/30880: 172,541,952/500,000,000 (33,759 pos/s)
[r1] stream batch 10560/30880: 170,987,520/500,000,000 (33,444 pos/s)
[r0] stream batch 10672/30880: 172,801,024/500,000,000 (33,761 pos/s)
[r1] stream batch 10576/30880: 171,246,592/500,000,000 (33,445 pos/s)
[r0] stream batch 10688/30880: 173,060,096/500,000,000 (33,763 pos/s)
[r1] stream batch 10592/30880: 171,505,664/500,000,000 (33,446 pos/s)
[r0] stream batch 10704/30880: 173,319,168/500,000,000 (33,764 pos/s)
[r1] stream batch 10608/30880: 171,764,736/500,000,000 (33,448 pos/s)
[r0] stream batch 10720/30880: 173,578,240/500,000,000 (33,765 pos/s)
[r1] stream batch 10624/30880: 172,023,808/500,000,000 (33,450 pos/s)
[r0] stream batch 10736/30880: 173,837,312/500,000,000 (33,768 pos/s)
[r1] stream batch 10640/30880: 172,282,880/500,000,000 (33,451 pos/s)
[r0] stream batch 10752/30880: 174,096,384/500,000,000 (33,770 pos/s)
[r1] stream batch 10656/30880: 172,541,952/500,000,000 (33,453 pos/s)
[r0] stream batch 10768/30880: 174,355,456/500,000,000 (33,772 pos/s)
[r1] stream batch 10672/30880: 172,801,024/500,000,000 (33,455 pos/s)
[r0] stream batch 10784/30880: 174,614,528/500,000,000 (33,773 pos/s)
[r1] stream batch 10688/30880: 173,060,096/500,000,000 (33,457 pos/s)
[r0] stream batch 10800/30880: 174,873,600/500,000,000 (33,776 pos/s)
[r1] stream batch 10704/30880: 173,319,168/500,000,000 (33,458 pos/s)
[r0] stream batch 10816/30880: 175,132,672/500,000,000 (33,779 pos/s)
[r1] stream batch 10720/30880: 173,578,240/500,000,000 (33,460 pos/s)
[r0] stream batch 10832/30880: 175,391,744/500,000,000 (33,781 pos/s)
[r1] stream batch 10736/30880: 173,837,312/500,000,000 (33,462 pos/s)
[r0] stream batch 10848/30880: 175,650,816/500,000,000 (33,783 pos/s)
[r1] stream batch 10752/30880: 174,096,384/500,000,000 (33,464 pos/s)
[r0] stream batch 10864/30880: 175,909,888/500,000,000 (33,786 pos/s)
[r1] stream batch 10768/30880: 174,355,456/500,000,000 (33,466 pos/s)
[r0] stream batch 10880/30880: 176,168,960/500,000,000 (33,787 pos/s)
[r1] stream batch 10784/30880: 174,614,528/500,000,000 (33,468 pos/s)
[r0] stream batch 10896/30880: 176,428,032/500,000,000 (33,789 pos/s)
[r1] stream batch 10800/30880: 174,873,600/500,000,000 (33,469 pos/s)
[r0] stream batch 10912/30880: 176,687,104/500,000,000 (33,790 pos/s)
[r1] stream batch 10816/30880: 175,132,672/500,000,000 (33,471 pos/s)
[r0] stream batch 10928/30880: 176,946,176/500,000,000 (33,792 pos/s)
[r1] stream batch 10832/30880: 175,391,744/500,000,000 (33,472 pos/s)
[r0] stream batch 10944/30880: 177,205,248/500,000,000 (33,793 pos/s)
[r1] stream batch 10848/30880: 175,650,816/500,000,000 (33,474 pos/s)
[r0] stream batch 10960/30880: 177,464,320/500,000,000 (33,794 pos/s)
[r1] stream batch 10864/30880: 175,909,888/500,000,000 (33,476 pos/s)
[r0] stream batch 10976/30880: 177,723,392/500,000,000 (33,797 pos/s)
[r1] stream batch 10880/30880: 176,168,960/500,000,000 (33,478 pos/s)
[r0] stream batch 10992/30880: 177,982,464/500,000,000 (33,798 pos/s)
[r1] stream batch 10896/30880: 176,428,032/500,000,000 (33,478 pos/s)
[r0] stream batch 11008/30880: 178,241,536/500,000,000 (33,800 pos/s)
[r1] stream batch 10912/30880: 176,687,104/500,000,000 (33,480 pos/s)
[r0] stream batch 11024/30880: 178,500,608/500,000,000 (33,801 pos/s)
[r1] stream batch 10928/30880: 176,946,176/500,000,000 (33,482 pos/s)
[r0] stream batch 11040/30880: 178,759,680/500,000,000 (33,803 pos/s)
[r1] stream batch 10944/30880: 177,205,248/500,000,000 (33,483 pos/s)
[r0] stream batch 11056/30880: 179,018,752/500,000,000 (33,807 pos/s)
[r1] stream batch 10960/30880: 177,464,320/500,000,000 (33,486 pos/s)
[r0] stream batch 11072/30880: 179,277,824/500,000,000 (33,809 pos/s)
[r1] stream batch 10976/30880: 177,723,392/500,000,000 (33,488 pos/s)
[r0] stream batch 11088/30880: 179,536,896/500,000,000 (33,812 pos/s)
[r1] stream batch 10992/30880: 177,982,464/500,000,000 (33,489 pos/s)
[r0] stream batch 11104/30880: 179,795,968/500,000,000 (33,814 pos/s)
[r1] stream batch 11008/30880: 178,241,536/500,000,000 (33,490 pos/s)
[r0] stream batch 11120/30880: 180,055,040/500,000,000 (33,817 pos/s)
[r1] stream batch 11024/30880: 178,500,608/500,000,000 (33,492 pos/s)
[r0] stream batch 11136/30880: 180,314,112/500,000,000 (33,820 pos/s)
[r1] stream batch 11040/30880: 178,759,680/500,000,000 (33,495 pos/s)
[r0] stream batch 11152/30880: 180,573,184/500,000,000 (33,823 pos/s)
[r1] stream batch 11056/30880: 179,018,752/500,000,000 (33,498 pos/s)
[r0] stream batch 11168/30880: 180,832,256/500,000,000 (33,824 pos/s)
[r1] stream batch 11072/30880: 179,277,824/500,000,000 (33,500 pos/s)
[r0] stream batch 11184/30880: 181,091,328/500,000,000 (33,825 pos/s)
[r1] stream batch 11088/30880: 179,536,896/500,000,000 (33,501 pos/s)
[r0] stream batch 11200/30880: 181,350,400/500,000,000 (33,827 pos/s)
[r1] stream batch 11104/30880: 179,795,968/500,000,000 (33,501 pos/s)
[r0] stream batch 11216/30880: 181,609,472/500,000,000 (33,828 pos/s)
[r1] stream batch 11120/30880: 180,055,040/500,000,000 (33,503 pos/s)
[r0] stream batch 11232/30880: 181,868,544/500,000,000 (33,831 pos/s)
[r1] stream batch 11136/30880: 180,314,112/500,000,000 (33,505 pos/s)
[r0] stream batch 11248/30880: 182,127,616/500,000,000 (33,833 pos/s)
[r1] stream batch 11152/30880: 180,573,184/500,000,000 (33,508 pos/s)
[r0] stream batch 11264/30880: 182,386,688/500,000,000 (33,834 pos/s)
[r1] stream batch 11168/30880: 180,832,256/500,000,000 (33,509 pos/s)
[r0] stream batch 11280/30880: 182,645,760/500,000,000 (33,837 pos/s)
[r1] stream batch 11184/30880: 181,091,328/500,000,000 (33,509 pos/s)
[r0] stream batch 11296/30880: 182,904,832/500,000,000 (33,839 pos/s)
[r1] stream batch 11200/30880: 181,350,400/500,000,000 (33,512 pos/s)
[r0] stream batch 11312/30880: 183,163,904/500,000,000 (33,840 pos/s)
[r1] stream batch 11216/30880: 181,609,472/500,000,000 (33,514 pos/s)
[r0] stream batch 11328/30880: 183,422,976/500,000,000 (33,840 pos/s)
[r1] stream batch 11232/30880: 181,868,544/500,000,000 (33,516 pos/s)
[r0] stream batch 11344/30880: 183,682,048/500,000,000 (33,842 pos/s)
[r1] stream batch 11248/30880: 182,127,616/500,000,000 (33,520 pos/s)
[r0] stream batch 11360/30880: 183,941,120/500,000,000 (33,843 pos/s)
[r1] stream batch 11264/30880: 182,386,688/500,000,000 (33,521 pos/s)
[r0] stream batch 11376/30880: 184,200,192/500,000,000 (33,846 pos/s)
[r1] stream batch 11280/30880: 182,645,760/500,000,000 (33,523 pos/s)
[r0] stream batch 11392/30880: 184,459,264/500,000,000 (33,848 pos/s)
[r1] stream batch 11296/30880: 182,904,832/500,000,000 (33,524 pos/s)
[r0] stream batch 11408/30880: 184,718,336/500,000,000 (33,849 pos/s)
[r1] stream batch 11312/30880: 183,163,904/500,000,000 (33,526 pos/s)
[r0] stream batch 11424/30880: 184,977,408/500,000,000 (33,850 pos/s)
[r1] stream batch 11328/30880: 183,422,976/500,000,000 (33,526 pos/s)
[r0] stream batch 11440/30880: 185,236,480/500,000,000 (33,851 pos/s)
[r1] stream batch 11344/30880: 183,682,048/500,000,000 (33,528 pos/s)
[r0] stream batch 11456/30880: 185,495,552/500,000,000 (33,853 pos/s)
[r1] stream batch 11360/30880: 183,941,120/500,000,000 (33,529 pos/s)
[r0] stream batch 11472/30880: 185,754,624/500,000,000 (33,857 pos/s)
[r1] stream batch 11376/30880: 184,200,192/500,000,000 (33,531 pos/s)
[r0] stream batch 11488/30880: 186,013,696/500,000,000 (33,860 pos/s)
[r1] stream batch 11392/30880: 184,459,264/500,000,000 (33,534 pos/s)
[r0] stream batch 11504/30880: 186,272,768/500,000,000 (33,862 pos/s)
[r1] stream batch 11408/30880: 184,718,336/500,000,000 (33,534 pos/s)
[r0] stream batch 11520/30880: 186,531,840/500,000,000 (33,863 pos/s)
[r1] stream batch 11424/30880: 184,977,408/500,000,000 (33,538 pos/s)
[r0] stream batch 11536/30880: 186,790,912/500,000,000 (33,865 pos/s)
[r1] stream batch 11440/30880: 185,236,480/500,000,000 (33,539 pos/s)
[r0] stream batch 11552/30880: 187,049,984/500,000,000 (33,866 pos/s)
[r1] stream batch 11456/30880: 185,495,552/500,000,000 (33,541 pos/s)
[r0] stream batch 11568/30880: 187,309,056/500,000,000 (33,867 pos/s)
[r1] stream batch 11472/30880: 185,754,624/500,000,000 (33,544 pos/s)
[r0] stream batch 11584/30880: 187,568,128/500,000,000 (33,868 pos/s)
[r1] stream batch 11488/30880: 186,013,696/500,000,000 (33,548 pos/s)
[r0] stream batch 11600/30880: 187,827,200/500,000,000 (33,868 pos/s)
[r1] stream batch 11504/30880: 186,272,768/500,000,000 (33,549 pos/s)
[r0] stream batch 11616/30880: 188,086,272/500,000,000 (33,870 pos/s)
[r1] stream batch 11520/30880: 186,531,840/500,000,000 (33,550 pos/s)
[r0] stream batch 11632/30880: 188,345,344/500,000,000 (33,872 pos/s)
[r1] stream batch 11536/30880: 186,790,912/500,000,000 (33,552 pos/s)
[r0] stream batch 11648/30880: 188,604,416/500,000,000 (33,874 pos/s)
[r1] stream batch 11552/30880: 187,049,984/500,000,000 (33,553 pos/s)
[r0] stream batch 11664/30880: 188,863,488/500,000,000 (33,875 pos/s)
[r1] stream batch 11568/30880: 187,309,056/500,000,000 (33,555 pos/s)
[r0] stream batch 11680/30880: 189,122,560/500,000,000 (33,878 pos/s)
[r1] stream batch 11584/30880: 187,568,128/500,000,000 (33,557 pos/s)
[r0] stream batch 11696/30880: 189,381,632/500,000,000 (33,878 pos/s)
[r1] stream batch 11600/30880: 187,827,200/500,000,000 (33,558 pos/s)
[r0] stream batch 11712/30880: 189,640,704/500,000,000 (33,879 pos/s)
[r1] stream batch 11616/30880: 188,086,272/500,000,000 (33,560 pos/s)
[r0] stream batch 11728/30880: 189,899,776/500,000,000 (33,881 pos/s)
[r1] stream batch 11632/30880: 188,345,344/500,000,000 (33,562 pos/s)
[r0] stream batch 11744/30880: 190,158,848/500,000,000 (33,884 pos/s)
[r0] stream batch 11760/30880: 190,417,920/500,000,000 (33,894 pos/s)
[r1] stream batch 11648/30880: 188,604,416/500,000,000 (33,564 pos/s)
[r0] stream batch 11776/30880: 190,676,992/500,000,000 (33,895 pos/s)
[r1] stream batch 11664/30880: 188,863,488/500,000,000 (33,566 pos/s)
[r0] stream batch 11792/30880: 190,936,064/500,000,000 (33,896 pos/s)
[r1] stream batch 11680/30880: 189,122,560/500,000,000 (33,568 pos/s)
[r0] stream batch 11808/30880: 191,195,136/500,000,000 (33,896 pos/s)
[r1] stream batch 11696/30880: 189,381,632/500,000,000 (33,569 pos/s)
[r0] stream batch 11824/30880: 191,454,208/500,000,000 (33,899 pos/s)
[r1] stream batch 11712/30880: 189,640,704/500,000,000 (33,570 pos/s)
[r0] stream batch 11840/30880: 191,713,280/500,000,000 (33,904 pos/s)
[r1] stream batch 11728/30880: 189,899,776/500,000,000 (33,571 pos/s)
[r0] stream batch 11856/30880: 191,972,352/500,000,000 (33,911 pos/s)
[r1] stream batch 11744/30880: 190,158,848/500,000,000 (33,574 pos/s)
[r0] stream batch 11872/30880: 192,231,424/500,000,000 (33,916 pos/s)
[r1] stream batch 11760/30880: 190,417,920/500,000,000 (33,584 pos/s)
[r0] stream batch 11888/30880: 192,490,496/500,000,000 (33,918 pos/s)
[r1] stream batch 11776/30880: 190,676,992/500,000,000 (33,586 pos/s)
[r0] stream batch 11904/30880: 192,749,568/500,000,000 (33,920 pos/s)
[r1] stream batch 11792/30880: 190,936,064/500,000,000 (33,587 pos/s)
[r0] stream batch 11920/30880: 193,008,640/500,000,000 (33,921 pos/s)
[r1] stream batch 11808/30880: 191,195,136/500,000,000 (33,588 pos/s)
[r0] stream batch 11936/30880: 193,267,712/500,000,000 (33,927 pos/s)
[r1] stream batch 11824/30880: 191,454,208/500,000,000 (33,589 pos/s)
[r0] stream batch 11952/30880: 193,526,784/500,000,000 (33,929 pos/s)
[r1] stream batch 11840/30880: 191,713,280/500,000,000 (33,595 pos/s)
[r0] stream batch 11968/30880: 193,785,856/500,000,000 (33,929 pos/s)
[r1] stream batch 11856/30880: 191,972,352/500,000,000 (33,601 pos/s)
[r0] stream batch 11984/30880: 194,044,928/500,000,000 (33,931 pos/s)
[r1] stream batch 11872/30880: 192,231,424/500,000,000 (33,606 pos/s)
[r0] stream batch 12000/30880: 194,304,000/500,000,000 (33,932 pos/s)
[r1] stream batch 11888/30880: 192,490,496/500,000,000 (33,609 pos/s)
[r0] stream batch 12016/30880: 194,563,072/500,000,000 (33,935 pos/s)
[r1] stream batch 11904/30880: 192,749,568/500,000,000 (33,611 pos/s)
[r0] stream batch 12032/30880: 194,822,144/500,000,000 (33,936 pos/s)
[r1] stream batch 11920/30880: 193,008,640/500,000,000 (33,613 pos/s)
[r1] stream batch 11936/30880: 193,267,712/500,000,000 (33,620 pos/s)
[r0] stream batch 12048/30880: 195,081,216/500,000,000 (33,937 pos/s)
[r0] stream batch 12064/30880: 195,340,288/500,000,000 (33,940 pos/s)
[r1] stream batch 11952/30880: 193,526,784/500,000,000 (33,620 pos/s)
[r0] stream batch 12080/30880: 195,599,360/500,000,000 (33,940 pos/s)
[r1] stream batch 11968/30880: 193,785,856/500,000,000 (33,620 pos/s)
[r0] stream batch 12096/30880: 195,858,432/500,000,000 (33,942 pos/s)
[r1] stream batch 11984/30880: 194,044,928/500,000,000 (33,621 pos/s)
[r0] stream batch 12112/30880: 196,117,504/500,000,000 (33,943 pos/s)
[r1] stream batch 12000/30880: 194,304,000/500,000,000 (33,623 pos/s)
[r1] stream batch 12016/30880: 194,563,072/500,000,000 (33,626 pos/s)
[r0] stream batch 12128/30880: 196,376,576/500,000,000 (33,943 pos/s)
[r0] stream batch 12144/30880: 196,635,648/500,000,000 (33,946 pos/s)
[r1] stream batch 12032/30880: 194,822,144/500,000,000 (33,628 pos/s)
[r0] stream batch 12160/30880: 196,894,720/500,000,000 (33,946 pos/s)
[r1] stream batch 12048/30880: 195,081,216/500,000,000 (33,628 pos/s)
[r1] stream batch 12064/30880: 195,340,288/500,000,000 (33,631 pos/s)
[r0] stream batch 12176/30880: 197,153,792/500,000,000 (33,947 pos/s)
[r1] stream batch 12080/30880: 195,599,360/500,000,000 (33,631 pos/s)
[r0] stream batch 12192/30880: 197,412,864/500,000,000 (33,947 pos/s)
[r1] stream batch 12096/30880: 195,858,432/500,000,000 (33,633 pos/s)
[r0] stream batch 12208/30880: 197,671,936/500,000,000 (33,948 pos/s)
[r1] stream batch 12112/30880: 196,117,504/500,000,000 (33,634 pos/s)
[r0] stream batch 12224/30880: 197,931,008/500,000,000 (33,949 pos/s)
[r1] stream batch 12128/30880: 196,376,576/500,000,000 (33,636 pos/s)
[r0] stream batch 12240/30880: 198,190,080/500,000,000 (33,950 pos/s)
[r1] stream batch 12144/30880: 196,635,648/500,000,000 (33,639 pos/s)
[r0] stream batch 12256/30880: 198,449,152/500,000,000 (33,951 pos/s)
[r1] stream batch 12160/30880: 196,894,720/500,000,000 (33,640 pos/s)
[r0] stream batch 12272/30880: 198,708,224/500,000,000 (33,952 pos/s)
[r1] stream batch 12176/30880: 197,153,792/500,000,000 (33,642 pos/s)
[r0] stream batch 12288/30880: 198,967,296/500,000,000 (33,954 pos/s)
[r0] stream batch 12304/30880: 199,226,368/500,000,000 (33,956 pos/s)
[r1] stream batch 12192/30880: 197,412,864/500,000,000 (33,642 pos/s)
[r0] stream batch 12320/30880: 199,485,440/500,000,000 (33,958 pos/s)
[r1] stream batch 12208/30880: 197,671,936/500,000,000 (33,644 pos/s)
[r0] stream batch 12336/30880: 199,744,512/500,000,000 (33,959 pos/s)
[r1] stream batch 12224/30880: 197,931,008/500,000,000 (33,646 pos/s)
[r0] stream batch 12352/30880: 200,003,584/500,000,000 (33,960 pos/s)
[r1] stream batch 12240/30880: 198,190,080/500,000,000 (33,647 pos/s)
[r0] stream batch 12368/30880: 200,262,656/500,000,000 (33,961 pos/s)
[r1] stream batch 12256/30880: 198,449,152/500,000,000 (33,647 pos/s)
[r0] stream batch 12384/30880: 200,521,728/500,000,000 (33,962 pos/s)
[r1] stream batch 12272/30880: 198,708,224/500,000,000 (33,650 pos/s)
[r0] stream batch 12400/30880: 200,780,800/500,000,000 (33,964 pos/s)
[r1] stream batch 12288/30880: 198,967,296/500,000,000 (33,652 pos/s)
[r0] stream batch 12416/30880: 201,039,872/500,000,000 (33,965 pos/s)
[r1] stream batch 12304/30880: 199,226,368/500,000,000 (33,653 pos/s)
[r0] stream batch 12432/30880: 201,298,944/500,000,000 (33,969 pos/s)
[r1] stream batch 12320/30880: 199,485,440/500,000,000 (33,653 pos/s)
[r0] stream batch 12448/30880: 201,558,016/500,000,000 (33,968 pos/s)
[r1] stream batch 12336/30880: 199,744,512/500,000,000 (33,655 pos/s)
[r0] stream batch 12464/30880: 201,817,088/500,000,000 (33,969 pos/s)
[r1] stream batch 12352/30880: 200,003,584/500,000,000 (33,656 pos/s)
[r0] stream batch 12480/30880: 202,076,160/500,000,000 (33,971 pos/s)
[r1] stream batch 12368/30880: 200,262,656/500,000,000 (33,658 pos/s)
[r0] stream batch 12496/30880: 202,335,232/500,000,000 (33,973 pos/s)
[r1] stream batch 12384/30880: 200,521,728/500,000,000 (33,659 pos/s)
[r0] stream batch 12512/30880: 202,594,304/500,000,000 (33,973 pos/s)
[r1] stream batch 12400/30880: 200,780,800/500,000,000 (33,660 pos/s)
[r0] stream batch 12528/30880: 202,853,376/500,000,000 (33,974 pos/s)
[r1] stream batch 12416/30880: 201,039,872/500,000,000 (33,661 pos/s)
[r0] stream batch 12544/30880: 203,112,448/500,000,000 (33,975 pos/s)
[r1] stream batch 12432/30880: 201,298,944/500,000,000 (33,664 pos/s)
[r0] stream batch 12560/30880: 203,371,520/500,000,000 (33,976 pos/s)
[r1] stream batch 12448/30880: 201,558,016/500,000,000 (33,664 pos/s)
[r0] stream batch 12576/30880: 203,630,592/500,000,000 (33,978 pos/s)
[r1] stream batch 12464/30880: 201,817,088/500,000,000 (33,666 pos/s)
[r0] stream batch 12592/30880: 203,889,664/500,000,000 (33,979 pos/s)
[r1] stream batch 12480/30880: 202,076,160/500,000,000 (33,668 pos/s)
[r0] stream batch 12608/30880: 204,148,736/500,000,000 (33,980 pos/s)
[r1] stream batch 12496/30880: 202,335,232/500,000,000 (33,670 pos/s)
[r0] stream batch 12624/30880: 204,407,808/500,000,000 (33,980 pos/s)
[r1] stream batch 12512/30880: 202,594,304/500,000,000 (33,670 pos/s)
[r0] stream batch 12640/30880: 204,666,880/500,000,000 (33,981 pos/s)
[r1] stream batch 12528/30880: 202,853,376/500,000,000 (33,671 pos/s)
[r0] stream batch 12656/30880: 204,925,952/500,000,000 (33,983 pos/s)
[r1] stream batch 12544/30880: 203,112,448/500,000,000 (33,672 pos/s)
[r0] stream batch 12672/30880: 205,185,024/500,000,000 (33,984 pos/s)
[r1] stream batch 12560/30880: 203,371,520/500,000,000 (33,674 pos/s)
[r0] stream batch 12688/30880: 205,444,096/500,000,000 (33,985 pos/s)
[r1] stream batch 12576/30880: 203,630,592/500,000,000 (33,676 pos/s)
[r0] stream batch 12704/30880: 205,703,168/500,000,000 (33,986 pos/s)
[r1] stream batch 12592/30880: 203,889,664/500,000,000 (33,677 pos/s)
[r0] stream batch 12720/30880: 205,962,240/500,000,000 (33,986 pos/s)
[r1] stream batch 12608/30880: 204,148,736/500,000,000 (33,679 pos/s)
[r0] stream batch 12736/30880: 206,221,312/500,000,000 (33,987 pos/s)
[r1] stream batch 12624/30880: 204,407,808/500,000,000 (33,681 pos/s)
[r0] stream batch 12752/30880: 206,480,384/500,000,000 (33,989 pos/s)
[r1] stream batch 12640/30880: 204,666,880/500,000,000 (33,683 pos/s)
[r0] stream batch 12768/30880: 206,739,456/500,000,000 (33,989 pos/s)
[r1] stream batch 12656/30880: 204,925,952/500,000,000 (33,685 pos/s)
[r0] stream batch 12784/30880: 206,998,528/500,000,000 (33,990 pos/s)
[r1] stream batch 12672/30880: 205,185,024/500,000,000 (33,686 pos/s)
[r0] stream batch 12800/30880: 207,257,600/500,000,000 (33,992 pos/s)
[r1] stream batch 12688/30880: 205,444,096/500,000,000 (33,688 pos/s)
[r0] stream batch 12816/30880: 207,516,672/500,000,000 (33,995 pos/s)
[r1] stream batch 12704/30880: 205,703,168/500,000,000 (33,688 pos/s)
[r0] stream batch 12832/30880: 207,775,744/500,000,000 (33,996 pos/s)
[r1] stream batch 12720/30880: 205,962,240/500,000,000 (33,689 pos/s)
[r0] stream batch 12848/30880: 208,034,816/500,000,000 (33,999 pos/s)
[r1] stream batch 12736/30880: 206,221,312/500,000,000 (33,691 pos/s)
[r0] stream batch 12864/30880: 208,293,888/500,000,000 (33,999 pos/s)
[r1] stream batch 12752/30880: 206,480,384/500,000,000 (33,692 pos/s)
[r0] stream batch 12880/30880: 208,552,960/500,000,000 (34,001 pos/s)
[r1] stream batch 12768/30880: 206,739,456/500,000,000 (33,693 pos/s)
[r0] stream batch 12896/30880: 208,812,032/500,000,000 (34,001 pos/s)
[r1] stream batch 12784/30880: 206,998,528/500,000,000 (33,693 pos/s)
[r0] stream batch 12912/30880: 209,071,104/500,000,000 (34,003 pos/s)
[r1] stream batch 12800/30880: 207,257,600/500,000,000 (33,694 pos/s)
[r0] stream batch 12928/30880: 209,330,176/500,000,000 (34,005 pos/s)
[r1] stream batch 12816/30880: 207,516,672/500,000,000 (33,697 pos/s)
[r0] stream batch 12944/30880: 209,589,248/500,000,000 (34,005 pos/s)
[r1] stream batch 12832/30880: 207,775,744/500,000,000 (33,698 pos/s)
[r0] stream batch 12960/30880: 209,848,320/500,000,000 (34,007 pos/s)
[r1] stream batch 12848/30880: 208,034,816/500,000,000 (33,701 pos/s)
[r0] stream batch 12976/30880: 210,107,392/500,000,000 (34,009 pos/s)
[r1] stream batch 12864/30880: 208,293,888/500,000,000 (33,702 pos/s)
[r0] stream batch 12992/30880: 210,366,464/500,000,000 (34,010 pos/s)
[r1] stream batch 12880/30880: 208,552,960/500,000,000 (33,703 pos/s)
[r0] stream batch 13008/30880: 210,625,536/500,000,000 (34,011 pos/s)
[r1] stream batch 12896/30880: 208,812,032/500,000,000 (33,704 pos/s)
[r0] stream batch 13024/30880: 210,884,608/500,000,000 (34,013 pos/s)
[r1] stream batch 12912/30880: 209,071,104/500,000,000 (33,706 pos/s)
[r0] stream batch 13040/30880: 211,143,680/500,000,000 (34,015 pos/s)
[r1] stream batch 12928/30880: 209,330,176/500,000,000 (33,707 pos/s)
[r0] stream batch 13056/30880: 211,402,752/500,000,000 (34,015 pos/s)
[r1] stream batch 12944/30880: 209,589,248/500,000,000 (33,708 pos/s)
[r0] stream batch 13072/30880: 211,661,824/500,000,000 (34,017 pos/s)
[r1] stream batch 12960/30880: 209,848,320/500,000,000 (33,711 pos/s)
[r0] stream batch 13088/30880: 211,920,896/500,000,000 (34,018 pos/s)
[r1] stream batch 12976/30880: 210,107,392/500,000,000 (33,712 pos/s)
[r0] stream batch 13104/30880: 212,179,968/500,000,000 (34,020 pos/s)
[r1] stream batch 12992/30880: 210,366,464/500,000,000 (33,714 pos/s)
[r0] stream batch 13120/30880: 212,439,040/500,000,000 (34,020 pos/s)
[r1] stream batch 13008/30880: 210,625,536/500,000,000 (33,714 pos/s)
[r0] stream batch 13136/30880: 212,698,112/500,000,000 (34,022 pos/s)
[r1] stream batch 13024/30880: 210,884,608/500,000,000 (33,715 pos/s)
[r0] stream batch 13152/30880: 212,957,184/500,000,000 (34,023 pos/s)
[r1] stream batch 13040/30880: 211,143,680/500,000,000 (33,716 pos/s)
[r0] stream batch 13168/30880: 213,216,256/500,000,000 (34,024 pos/s)
[r1] stream batch 13056/30880: 211,402,752/500,000,000 (33,716 pos/s)
[r0] stream batch 13184/30880: 213,475,328/500,000,000 (34,025 pos/s)
[r1] stream batch 13072/30880: 211,661,824/500,000,000 (33,717 pos/s)
[r0] stream batch 13200/30880: 213,734,400/500,000,000 (34,025 pos/s)
[r1] stream batch 13088/30880: 211,920,896/500,000,000 (33,719 pos/s)
[r0] stream batch 13216/30880: 213,993,472/500,000,000 (34,026 pos/s)
[r1] stream batch 13104/30880: 212,179,968/500,000,000 (33,721 pos/s)
[r0] stream batch 13232/30880: 214,252,544/500,000,000 (34,028 pos/s)
[r1] stream batch 13120/30880: 212,439,040/500,000,000 (33,723 pos/s)
[r0] stream batch 13248/30880: 214,511,616/500,000,000 (34,030 pos/s)
[r1] stream batch 13136/30880: 212,698,112/500,000,000 (33,724 pos/s)
[r0] stream batch 13264/30880: 214,770,688/500,000,000 (34,031 pos/s)
[r1] stream batch 13152/30880: 212,957,184/500,000,000 (33,725 pos/s)
[r0] stream batch 13280/30880: 215,029,760/500,000,000 (34,033 pos/s)
[r1] stream batch 13168/30880: 213,216,256/500,000,000 (33,726 pos/s)
[r0] stream batch 13296/30880: 215,288,832/500,000,000 (34,034 pos/s)
[r1] stream batch 13184/30880: 213,475,328/500,000,000 (33,727 pos/s)
[r0] stream batch 13312/30880: 215,547,904/500,000,000 (34,034 pos/s)
[r1] stream batch 13200/30880: 213,734,400/500,000,000 (33,728 pos/s)
[r0] stream batch 13328/30880: 215,806,976/500,000,000 (34,035 pos/s)
[r1] stream batch 13216/30880: 213,993,472/500,000,000 (33,729 pos/s)
[r0] stream batch 13344/30880: 216,066,048/500,000,000 (34,037 pos/s)
[r1] stream batch 13232/30880: 214,252,544/500,000,000 (33,730 pos/s)
[r0] stream batch 13360/30880: 216,325,120/500,000,000 (34,038 pos/s)
[r1] stream batch 13248/30880: 214,511,616/500,000,000 (33,731 pos/s)
[r0] stream batch 13376/30880: 216,584,192/500,000,000 (34,038 pos/s)
[r1] stream batch 13264/30880: 214,770,688/500,000,000 (33,733 pos/s)
[r0] stream batch 13392/30880: 216,843,264/500,000,000 (34,040 pos/s)
[r1] stream batch 13280/30880: 215,029,760/500,000,000 (33,733 pos/s)
[r0] stream batch 13408/30880: 217,102,336/500,000,000 (34,041 pos/s)
[r1] stream batch 13296/30880: 215,288,832/500,000,000 (33,735 pos/s)
[r0] stream batch 13424/30880: 217,361,408/500,000,000 (34,043 pos/s)
[r1] stream batch 13312/30880: 215,547,904/500,000,000 (33,735 pos/s)
[r0] stream batch 13440/30880: 217,620,480/500,000,000 (34,044 pos/s)
[r1] stream batch 13328/30880: 215,806,976/500,000,000 (33,737 pos/s)
[r0] stream batch 13456/30880: 217,879,552/500,000,000 (34,046 pos/s)
[r1] stream batch 13344/30880: 216,066,048/500,000,000 (33,739 pos/s)
[r0] stream batch 13472/30880: 218,138,624/500,000,000 (34,046 pos/s)
[r1] stream batch 13360/30880: 216,325,120/500,000,000 (33,740 pos/s)
[r0] stream batch 13488/30880: 218,397,696/500,000,000 (34,047 pos/s)
[r1] stream batch 13376/30880: 216,584,192/500,000,000 (33,740 pos/s)
[r0] stream batch 13504/30880: 218,656,768/500,000,000 (34,048 pos/s)
[r1] stream batch 13392/30880: 216,843,264/500,000,000 (33,741 pos/s)
[r0] stream batch 13520/30880: 218,915,840/500,000,000 (34,048 pos/s)
[r1] stream batch 13408/30880: 217,102,336/500,000,000 (33,742 pos/s)
[r0] stream batch 13536/30880: 219,174,912/500,000,000 (34,050 pos/s)
[r1] stream batch 13424/30880: 217,361,408/500,000,000 (33,743 pos/s)
[r0] stream batch 13552/30880: 219,433,984/500,000,000 (34,053 pos/s)
[r1] stream batch 13440/30880: 217,620,480/500,000,000 (33,745 pos/s)
[r0] stream batch 13568/30880: 219,693,056/500,000,000 (34,055 pos/s)
[r1] stream batch 13456/30880: 217,879,552/500,000,000 (33,746 pos/s)
[r0] stream batch 13584/30880: 219,952,128/500,000,000 (34,056 pos/s)
[r1] stream batch 13472/30880: 218,138,624/500,000,000 (33,747 pos/s)
[r0] stream batch 13600/30880: 220,211,200/500,000,000 (34,058 pos/s)
[r1] stream batch 13488/30880: 218,397,696/500,000,000 (33,749 pos/s)
[r0] stream batch 13616/30880: 220,470,272/500,000,000 (34,059 pos/s)
[r1] stream batch 13504/30880: 218,656,768/500,000,000 (33,750 pos/s)
[r0] stream batch 13632/30880: 220,729,344/500,000,000 (34,061 pos/s)
[r1] stream batch 13520/30880: 218,915,840/500,000,000 (33,751 pos/s)
[r0] stream batch 13648/30880: 220,988,416/500,000,000 (34,063 pos/s)
[r1] stream batch 13536/30880: 219,174,912/500,000,000 (33,754 pos/s)
[r0] stream batch 13664/30880: 221,247,488/500,000,000 (34,064 pos/s)
[r1] stream batch 13552/30880: 219,433,984/500,000,000 (33,756 pos/s)
[r0] stream batch 13680/30880: 221,506,560/500,000,000 (34,064 pos/s)
[r1] stream batch 13568/30880: 219,693,056/500,000,000 (33,758 pos/s)
[r0] stream batch 13696/30880: 221,765,632/500,000,000 (34,067 pos/s)
[r1] stream batch 13584/30880: 219,952,128/500,000,000 (33,758 pos/s)
[r0] stream batch 13712/30880: 222,024,704/500,000,000 (34,068 pos/s)
[r1] stream batch 13600/30880: 220,211,200/500,000,000 (33,760 pos/s)
[r0] stream batch 13728/30880: 222,283,776/500,000,000 (34,069 pos/s)
[r1] stream batch 13616/30880: 220,470,272/500,000,000 (33,761 pos/s)
[r0] stream batch 13744/30880: 222,542,848/500,000,000 (34,071 pos/s)
[r1] stream batch 13632/30880: 220,729,344/500,000,000 (33,762 pos/s)
[r0] stream batch 13760/30880: 222,801,920/500,000,000 (34,072 pos/s)
[r1] stream batch 13648/30880: 220,988,416/500,000,000 (33,763 pos/s)
[r0] stream batch 13776/30880: 223,060,992/500,000,000 (34,074 pos/s)
[r1] stream batch 13664/30880: 221,247,488/500,000,000 (33,765 pos/s)
[r0] stream batch 13792/30880: 223,320,064/500,000,000 (34,074 pos/s)
[r1] stream batch 13680/30880: 221,506,560/500,000,000 (33,766 pos/s)
[r0] stream batch 13808/30880: 223,579,136/500,000,000 (34,075 pos/s)
[r1] stream batch 13696/30880: 221,765,632/500,000,000 (33,768 pos/s)
[r0] stream batch 13824/30880: 223,838,208/500,000,000 (34,076 pos/s)
[r1] stream batch 13712/30880: 222,024,704/500,000,000 (33,770 pos/s)
[r0] stream batch 13840/30880: 224,097,280/500,000,000 (34,077 pos/s)
[r1] stream batch 13728/30880: 222,283,776/500,000,000 (33,771 pos/s)
[r0] stream batch 13856/30880: 224,356,352/500,000,000 (34,078 pos/s)
[r1] stream batch 13744/30880: 222,542,848/500,000,000 (33,772 pos/s)
[r0] stream batch 13872/30880: 224,615,424/500,000,000 (34,079 pos/s)
[r1] stream batch 13760/30880: 222,801,920/500,000,000 (33,773 pos/s)
[r0] stream batch 13888/30880: 224,874,496/500,000,000 (34,080 pos/s)
[r1] stream batch 13776/30880: 223,060,992/500,000,000 (33,774 pos/s)
[r0] stream batch 13904/30880: 225,133,568/500,000,000 (34,081 pos/s)
[r1] stream batch 13792/30880: 223,320,064/500,000,000 (33,775 pos/s)
[r0] stream batch 13920/30880: 225,392,640/500,000,000 (34,081 pos/s)
[r1] stream batch 13808/30880: 223,579,136/500,000,000 (33,776 pos/s)
[r0] stream batch 13936/30880: 225,651,712/500,000,000 (34,083 pos/s)
[r1] stream batch 13824/30880: 223,838,208/500,000,000 (33,778 pos/s)
[r0] stream batch 13952/30880: 225,910,784/500,000,000 (34,083 pos/s)
[r1] stream batch 13840/30880: 224,097,280/500,000,000 (33,780 pos/s)
[r0] stream batch 13968/30880: 226,169,856/500,000,000 (34,085 pos/s)
[r1] stream batch 13856/30880: 224,356,352/500,000,000 (33,780 pos/s)
[r0] stream batch 13984/30880: 226,428,928/500,000,000 (34,087 pos/s)
[r1] stream batch 13872/30880: 224,615,424/500,000,000 (33,781 pos/s)
[r0] stream batch 14000/30880: 226,688,000/500,000,000 (34,088 pos/s)
[r1] stream batch 13888/30880: 224,874,496/500,000,000 (33,782 pos/s)
[r0] stream batch 14016/30880: 226,947,072/500,000,000 (34,088 pos/s)
[r1] stream batch 13904/30880: 225,133,568/500,000,000 (33,783 pos/s)
[r0] stream batch 14032/30880: 227,206,144/500,000,000 (34,091 pos/s)
[r1] stream batch 13920/30880: 225,392,640/500,000,000 (33,783 pos/s)
[r0] stream batch 14048/30880: 227,465,216/500,000,000 (34,092 pos/s)
[r1] stream batch 13936/30880: 225,651,712/500,000,000 (33,786 pos/s)
[r0] stream batch 14064/30880: 227,724,288/500,000,000 (34,093 pos/s)
[r1] stream batch 13952/30880: 225,910,784/500,000,000 (33,787 pos/s)
[r0] stream batch 14080/30880: 227,983,360/500,000,000 (34,093 pos/s)
[r1] stream batch 13968/30880: 226,169,856/500,000,000 (33,789 pos/s)
[r0] stream batch 14096/30880: 228,242,432/500,000,000 (34,094 pos/s)
[r1] stream batch 13984/30880: 226,428,928/500,000,000 (33,789 pos/s)
[r0] stream batch 14112/30880: 228,501,504/500,000,000 (34,094 pos/s)
[r1] stream batch 14000/30880: 226,688,000/500,000,000 (33,790 pos/s)
[r0] stream batch 14128/30880: 228,760,576/500,000,000 (34,094 pos/s)
[r1] stream batch 14016/30880: 226,947,072/500,000,000 (33,791 pos/s)
[r0] stream batch 14144/30880: 229,019,648/500,000,000 (34,095 pos/s)
[r1] stream batch 14032/30880: 227,206,144/500,000,000 (33,792 pos/s)
[r0] stream batch 14160/30880: 229,278,720/500,000,000 (34,096 pos/s)
[r1] stream batch 14048/30880: 227,465,216/500,000,000 (33,794 pos/s)
[r0] stream batch 14176/30880: 229,537,792/500,000,000 (34,097 pos/s)
[r1] stream batch 14064/30880: 227,724,288/500,000,000 (33,794 pos/s)
[r0] stream batch 14192/30880: 229,796,864/500,000,000 (34,099 pos/s)
[r1] stream batch 14080/30880: 227,983,360/500,000,000 (33,795 pos/s)
[r0] stream batch 14208/30880: 230,055,936/500,000,000 (34,100 pos/s)
[r1] stream batch 14096/30880: 228,242,432/500,000,000 (33,795 pos/s)
[r0] stream batch 14224/30880: 230,315,008/500,000,000 (34,100 pos/s)
[r1] stream batch 14112/30880: 228,501,504/500,000,000 (33,795 pos/s)
[r0] stream batch 14240/30880: 230,574,080/500,000,000 (34,101 pos/s)
[r1] stream batch 14128/30880: 228,760,576/500,000,000 (33,797 pos/s)
[r0] stream batch 14256/30880: 230,833,152/500,000,000 (34,101 pos/s)
[r1] stream batch 14144/30880: 229,019,648/500,000,000 (33,799 pos/s)
[r0] stream batch 14272/30880: 231,092,224/500,000,000 (34,101 pos/s)
[r1] stream batch 14160/30880: 229,278,720/500,000,000 (33,799 pos/s)
[r0] stream batch 14288/30880: 231,351,296/500,000,000 (34,102 pos/s)
[r1] stream batch 14176/30880: 229,537,792/500,000,000 (33,799 pos/s)
[r0] stream batch 14304/30880: 231,610,368/500,000,000 (34,102 pos/s)
[r1] stream batch 14192/30880: 229,796,864/500,000,000 (33,801 pos/s)
[r0] stream batch 14320/30880: 231,869,440/500,000,000 (34,103 pos/s)
[r1] stream batch 14208/30880: 230,055,936/500,000,000 (33,802 pos/s)
[r0] stream batch 14336/30880: 232,128,512/500,000,000 (34,104 pos/s)
[r1] stream batch 14224/30880: 230,315,008/500,000,000 (33,803 pos/s)
[r0] stream batch 14352/30880: 232,387,584/500,000,000 (34,105 pos/s)
[r1] stream batch 14240/30880: 230,574,080/500,000,000 (33,804 pos/s)
[r0] stream batch 14368/30880: 232,646,656/500,000,000 (34,105 pos/s)
[r1] stream batch 14256/30880: 230,833,152/500,000,000 (33,805 pos/s)
[r0] stream batch 14384/30880: 232,905,728/500,000,000 (34,107 pos/s)
[r1] stream batch 14272/30880: 231,092,224/500,000,000 (33,806 pos/s)
[r0] stream batch 14400/30880: 233,164,800/500,000,000 (34,108 pos/s)
[r1] stream batch 14288/30880: 231,351,296/500,000,000 (33,806 pos/s)
[r0] stream batch 14416/30880: 233,423,872/500,000,000 (34,109 pos/s)
[r1] stream batch 14304/30880: 231,610,368/500,000,000 (33,808 pos/s)
[r0] stream batch 14432/30880: 233,682,944/500,000,000 (34,109 pos/s)
[r1] stream batch 14320/30880: 231,869,440/500,000,000 (33,808 pos/s)
[r0] stream batch 14448/30880: 233,942,016/500,000,000 (34,110 pos/s)
[r1] stream batch 14336/30880: 232,128,512/500,000,000 (33,809 pos/s)
[r0] stream batch 14464/30880: 234,201,088/500,000,000 (34,112 pos/s)
[r1] stream batch 14352/30880: 232,387,584/500,000,000 (33,810 pos/s)
[r0] stream batch 14480/30880: 234,460,160/500,000,000 (34,113 pos/s)
[r1] stream batch 14368/30880: 232,646,656/500,000,000 (33,811 pos/s)
[r0] stream batch 14496/30880: 234,719,232/500,000,000 (34,115 pos/s)
[r1] stream batch 14384/30880: 232,905,728/500,000,000 (33,812 pos/s)
[r0] stream batch 14512/30880: 234,978,304/500,000,000 (34,115 pos/s)
[r1] stream batch 14400/30880: 233,164,800/500,000,000 (33,814 pos/s)
[r0] stream batch 14528/30880: 235,237,376/500,000,000 (34,117 pos/s)
[r1] stream batch 14416/30880: 233,423,872/500,000,000 (33,815 pos/s)
[r0] stream batch 14544/30880: 235,496,448/500,000,000 (34,118 pos/s)
[r0] stream batch 14560/30880: 235,755,520/500,000,000 (34,119 pos/s)
[r1] stream batch 14432/30880: 233,682,944/500,000,000 (33,815 pos/s)
[r0] stream batch 14576/30880: 236,014,592/500,000,000 (34,120 pos/s)
[r1] stream batch 14448/30880: 233,942,016/500,000,000 (33,816 pos/s)
[r0] stream batch 14592/30880: 236,273,664/500,000,000 (34,121 pos/s)
[r1] stream batch 14464/30880: 234,201,088/500,000,000 (33,818 pos/s)
[r0] stream batch 14608/30880: 236,532,736/500,000,000 (34,122 pos/s)
[r1] stream batch 14480/30880: 234,460,160/500,000,000 (33,820 pos/s)
[r0] stream batch 14624/30880: 236,791,808/500,000,000 (34,123 pos/s)
[r1] stream batch 14496/30880: 234,719,232/500,000,000 (33,821 pos/s)
[r0] stream batch 14640/30880: 237,050,880/500,000,000 (34,124 pos/s)
[r1] stream batch 14512/30880: 234,978,304/500,000,000 (33,822 pos/s)
[r1] stream batch 14528/30880: 235,237,376/500,000,000 (33,824 pos/s)
[r0] stream batch 14656/30880: 237,309,952/500,000,000 (34,125 pos/s)
[r1] stream batch 14544/30880: 235,496,448/500,000,000 (33,824 pos/s)
[r0] stream batch 14672/30880: 237,569,024/500,000,000 (34,125 pos/s)
[r1] stream batch 14560/30880: 235,755,520/500,000,000 (33,826 pos/s)
[r0] stream batch 14688/30880: 237,828,096/500,000,000 (34,126 pos/s)
[r1] stream batch 14576/30880: 236,014,592/500,000,000 (33,828 pos/s)
[r0] stream batch 14704/30880: 238,087,168/500,000,000 (34,127 pos/s)
[r1] stream batch 14592/30880: 236,273,664/500,000,000 (33,830 pos/s)
[r0] stream batch 14720/30880: 238,346,240/500,000,000 (34,128 pos/s)
[r1] stream batch 14608/30880: 236,532,736/500,000,000 (33,831 pos/s)
[r0] stream batch 14736/30880: 238,605,312/500,000,000 (34,129 pos/s)
[r1] stream batch 14624/30880: 236,791,808/500,000,000 (33,832 pos/s)
[r0] stream batch 14752/30880: 238,864,384/500,000,000 (34,131 pos/s)
[r0] stream batch 14768/30880: 239,123,456/500,000,000 (34,132 pos/s)
[r1] stream batch 14640/30880: 237,050,880/500,000,000 (33,833 pos/s)
[r0] stream batch 14784/30880: 239,382,528/500,000,000 (34,134 pos/s)
[r1] stream batch 14656/30880: 237,309,952/500,000,000 (33,833 pos/s)
[r0] stream batch 14800/30880: 239,641,600/500,000,000 (34,136 pos/s)
[r1] stream batch 14672/30880: 237,569,024/500,000,000 (33,835 pos/s)
[r0] stream batch 14816/30880: 239,900,672/500,000,000 (34,137 pos/s)
[r1] stream batch 14688/30880: 237,828,096/500,000,000 (33,836 pos/s)
[r0] stream batch 14832/30880: 240,159,744/500,000,000 (34,138 pos/s)
[r1] stream batch 14704/30880: 238,087,168/500,000,000 (33,836 pos/s)
[r0] stream batch 14848/30880: 240,418,816/500,000,000 (34,140 pos/s)
[r1] stream batch 14720/30880: 238,346,240/500,000,000 (33,837 pos/s)
[r0] stream batch 14864/30880: 240,677,888/500,000,000 (34,140 pos/s)
[r1] stream batch 14736/30880: 238,605,312/500,000,000 (33,838 pos/s)
[r0] stream batch 14880/30880: 240,936,960/500,000,000 (34,141 pos/s)
[r1] stream batch 14752/30880: 238,864,384/500,000,000 (33,840 pos/s)
[r0] stream batch 14896/30880: 241,196,032/500,000,000 (34,141 pos/s)
[r1] stream batch 14768/30880: 239,123,456/500,000,000 (33,841 pos/s)
[r0] stream batch 14912/30880: 241,455,104/500,000,000 (34,143 pos/s)
[r1] stream batch 14784/30880: 239,382,528/500,000,000 (33,843 pos/s)
[r0] stream batch 14928/30880: 241,714,176/500,000,000 (34,144 pos/s)
[r1] stream batch 14800/30880: 239,641,600/500,000,000 (33,845 pos/s)
[r0] stream batch 14944/30880: 241,973,248/500,000,000 (34,144 pos/s)
[r1] stream batch 14816/30880: 239,900,672/500,000,000 (33,846 pos/s)
[r0] stream batch 14960/30880: 242,232,320/500,000,000 (34,146 pos/s)
[r1] stream batch 14832/30880: 240,159,744/500,000,000 (33,847 pos/s)
[r0] stream batch 14976/30880: 242,491,392/500,000,000 (34,146 pos/s)
[r1] stream batch 14848/30880: 240,418,816/500,000,000 (33,849 pos/s)
[r0] stream batch 14992/30880: 242,750,464/500,000,000 (34,147 pos/s)
[r1] stream batch 14864/30880: 240,677,888/500,000,000 (33,851 pos/s)
[r0] stream batch 15008/30880: 243,009,536/500,000,000 (34,148 pos/s)
[r1] stream batch 14880/30880: 240,936,960/500,000,000 (33,852 pos/s)
[r0] stream batch 15024/30880: 243,268,608/500,000,000 (34,150 pos/s)
[r1] stream batch 14896/30880: 241,196,032/500,000,000 (33,853 pos/s)
[r0] stream batch 15040/30880: 243,527,680/500,000,000 (34,151 pos/s)
[r1] stream batch 14912/30880: 241,455,104/500,000,000 (33,855 pos/s)
[r0] stream batch 15056/30880: 243,786,752/500,000,000 (34,151 pos/s)
[r1] stream batch 14928/30880: 241,714,176/500,000,000 (33,857 pos/s)
[r0] stream batch 15072/30880: 244,045,824/500,000,000 (34,151 pos/s)
[r1] stream batch 14944/30880: 241,973,248/500,000,000 (33,858 pos/s)
[r0] stream batch 15088/30880: 244,304,896/500,000,000 (34,152 pos/s)
[r1] stream batch 14960/30880: 242,232,320/500,000,000 (33,859 pos/s)
[r0] stream batch 15104/30880: 244,563,968/500,000,000 (34,153 pos/s)
[r1] stream batch 14976/30880: 242,491,392/500,000,000 (33,859 pos/s)
[r0] stream batch 15120/30880: 244,823,040/500,000,000 (34,153 pos/s)
[r1] stream batch 14992/30880: 242,750,464/500,000,000 (33,860 pos/s)
[r1] stream batch 15008/30880: 243,009,536/500,000,000 (33,862 pos/s)
[r0] stream batch 15136/30880: 245,082,112/500,000,000 (34,153 pos/s)
[r1] stream batch 15024/30880: 243,268,608/500,000,000 (33,864 pos/s)
[r0] stream batch 15152/30880: 245,341,184/500,000,000 (34,155 pos/s)
[r1] stream batch 15040/30880: 243,527,680/500,000,000 (33,865 pos/s)
[r0] stream batch 15168/30880: 245,600,256/500,000,000 (34,156 pos/s)
[r0] stream batch 15184/30880: 245,859,328/500,000,000 (34,158 pos/s)
[r1] stream batch 15056/30880: 243,786,752/500,000,000 (33,866 pos/s)
[r0] stream batch 15200/30880: 246,118,400/500,000,000 (34,159 pos/s)
[r1] stream batch 15072/30880: 244,045,824/500,000,000 (33,868 pos/s)
[r1] stream batch 15088/30880: 244,304,896/500,000,000 (33,869 pos/s)
[r0] stream batch 15216/30880: 246,377,472/500,000,000 (34,159 pos/s)
[r1] stream batch 15104/30880: 244,563,968/500,000,000 (33,870 pos/s)
[r0] stream batch 15232/30880: 246,636,544/500,000,000 (34,159 pos/s)
[r1] stream batch 15120/30880: 244,823,040/500,000,000 (33,871 pos/s)
[r0] stream batch 15248/30880: 246,895,616/500,000,000 (34,160 pos/s)
[r1] stream batch 15136/30880: 245,082,112/500,000,000 (33,872 pos/s)
[r0] stream batch 15264/30880: 247,154,688/500,000,000 (34,160 pos/s)
[r1] stream batch 15152/30880: 245,341,184/500,000,000 (33,872 pos/s)
[r0] stream batch 15280/30880: 247,413,760/500,000,000 (34,160 pos/s)
[r1] stream batch 15168/30880: 245,600,256/500,000,000 (33,874 pos/s)
[r0] stream batch 15296/30880: 247,672,832/500,000,000 (34,161 pos/s)
[r1] stream batch 15184/30880: 245,859,328/500,000,000 (33,875 pos/s)
[r0] stream batch 15312/30880: 247,931,904/500,000,000 (34,162 pos/s)
[r1] stream batch 15200/30880: 246,118,400/500,000,000 (33,876 pos/s)
[r0] stream batch 15328/30880: 248,190,976/500,000,000 (34,162 pos/s)
[r1] stream batch 15216/30880: 246,377,472/500,000,000 (33,876 pos/s)
[r0] stream batch 15344/30880: 248,450,048/500,000,000 (34,163 pos/s)
[r1] stream batch 15232/30880: 246,636,544/500,000,000 (33,877 pos/s)
[r0] stream batch 15360/30880: 248,709,120/500,000,000 (34,163 pos/s)
[r1] stream batch 15248/30880: 246,895,616/500,000,000 (33,878 pos/s)
[r0] stream batch 15376/30880: 248,968,192/500,000,000 (34,164 pos/s)
[r0] stream batch 15392/30880: 249,227,264/500,000,000 (34,167 pos/s)
[r1] stream batch 15264/30880: 247,154,688/500,000,000 (33,878 pos/s)
[r0] stream batch 15408/30880: 249,486,336/500,000,000 (34,168 pos/s)
[r1] stream batch 15280/30880: 247,413,760/500,000,000 (33,879 pos/s)
[r0] stream batch 15424/30880: 249,745,408/500,000,000 (34,169 pos/s)
[r1] stream batch 15296/30880: 247,672,832/500,000,000 (33,879 pos/s)
[r0] stream batch 15440/30880: 250,004,480/500,000,000 (34,170 pos/s)
[r1] stream batch 15312/30880: 247,931,904/500,000,000 (33,880 pos/s)
[r0] stream batch 15456/30880: 250,263,552/500,000,000 (34,171 pos/s)
[r1] stream batch 15328/30880: 248,190,976/500,000,000 (33,881 pos/s)
[r0] stream batch 15472/30880: 250,522,624/500,000,000 (34,172 pos/s)
[r1] stream batch 15344/30880: 248,450,048/500,000,000 (33,882 pos/s)
[r0] stream batch 15488/30880: 250,781,696/500,000,000 (34,172 pos/s)
[r1] stream batch 15360/30880: 248,709,120/500,000,000 (33,883 pos/s)
[r0] stream batch 15504/30880: 251,040,768/500,000,000 (34,172 pos/s)
[r1] stream batch 15376/30880: 248,968,192/500,000,000 (33,884 pos/s)
[r1] stream batch 15392/30880: 249,227,264/500,000,000 (33,887 pos/s)
[r0] stream batch 15520/30880: 251,299,840/500,000,000 (34,172 pos/s)
[r1] stream batch 15408/30880: 249,486,336/500,000,000 (33,890 pos/s)
[r0] stream batch 15536/30880: 251,558,912/500,000,000 (34,173 pos/s)
[r1] stream batch 15424/30880: 249,745,408/500,000,000 (33,890 pos/s)
[r0] stream batch 15552/30880: 251,817,984/500,000,000 (34,173 pos/s)
[r0] stream batch 15568/30880: 252,077,056/500,000,000 (34,174 pos/s)
[r1] stream batch 15440/30880: 250,004,480/500,000,000 (33,890 pos/s)
[r0] stream batch 15584/30880: 252,336,128/500,000,000 (34,176 pos/s)
[r1] stream batch 15456/30880: 250,263,552/500,000,000 (33,891 pos/s)
[r0] stream batch 15600/30880: 252,595,200/500,000,000 (34,176 pos/s)
[r1] stream batch 15472/30880: 250,522,624/500,000,000 (33,892 pos/s)
[r0] stream batch 15616/30880: 252,854,272/500,000,000 (34,179 pos/s)
[r1] stream batch 15488/30880: 250,781,696/500,000,000 (33,893 pos/s)
[r0] stream batch 15632/30880: 253,113,344/500,000,000 (34,180 pos/s)
[r1] stream batch 15504/30880: 251,040,768/500,000,000 (33,894 pos/s)
[r0] stream batch 15648/30880: 253,372,416/500,000,000 (34,181 pos/s)
[r1] stream batch 15520/30880: 251,299,840/500,000,000 (33,894 pos/s)
[r0] stream batch 15664/30880: 253,631,488/500,000,000 (34,182 pos/s)
[r1] stream batch 15536/30880: 251,558,912/500,000,000 (33,895 pos/s)
[r0] stream batch 15680/30880: 253,890,560/500,000,000 (34,183 pos/s)
[r1] stream batch 15552/30880: 251,817,984/500,000,000 (33,896 pos/s)
[r0] stream batch 15696/30880: 254,149,632/500,000,000 (34,184 pos/s)
[r1] stream batch 15568/30880: 252,077,056/500,000,000 (33,897 pos/s)
[r0] stream batch 15712/30880: 254,408,704/500,000,000 (34,184 pos/s)
[r1] stream batch 15584/30880: 252,336,128/500,000,000 (33,898 pos/s)
[r0] stream batch 15728/30880: 254,667,776/500,000,000 (34,184 pos/s)
[r1] stream batch 15600/30880: 252,595,200/500,000,000 (33,899 pos/s)
[r0] stream batch 15744/30880: 254,926,848/500,000,000 (34,186 pos/s)
[r1] stream batch 15616/30880: 252,854,272/500,000,000 (33,901 pos/s)
[r0] stream batch 15760/30880: 255,185,920/500,000,000 (34,187 pos/s)
[r1] stream batch 15632/30880: 253,113,344/500,000,000 (33,901 pos/s)
[r0] stream batch 15776/30880: 255,444,992/500,000,000 (34,190 pos/s)
[r1] stream batch 15648/30880: 253,372,416/500,000,000 (33,901 pos/s)
[r0] stream batch 15792/30880: 255,704,064/500,000,000 (34,190 pos/s)
[r1] stream batch 15664/30880: 253,631,488/500,000,000 (33,902 pos/s)
[r0] stream batch 15808/30880: 255,963,136/500,000,000 (34,191 pos/s)
[r1] stream batch 15680/30880: 253,890,560/500,000,000 (33,902 pos/s)
[r0] stream batch 15824/30880: 256,222,208/500,000,000 (34,191 pos/s)
[r1] stream batch 15696/30880: 254,149,632/500,000,000 (33,903 pos/s)
[r0] stream batch 15840/30880: 256,481,280/500,000,000 (34,192 pos/s)
[r1] stream batch 15712/30880: 254,408,704/500,000,000 (33,904 pos/s)
[r0] stream batch 15856/30880: 256,740,352/500,000,000 (34,195 pos/s)
[r1] stream batch 15728/30880: 254,667,776/500,000,000 (33,905 pos/s)
[r0] stream batch 15872/30880: 256,999,424/500,000,000 (34,196 pos/s)
[r1] stream batch 15744/30880: 254,926,848/500,000,000 (33,906 pos/s)
[r0] stream batch 15888/30880: 257,258,496/500,000,000 (34,197 pos/s)
[r1] stream batch 15760/30880: 255,185,920/500,000,000 (33,907 pos/s)
[r0] stream batch 15904/30880: 257,517,568/500,000,000 (34,198 pos/s)
[r1] stream batch 15776/30880: 255,444,992/500,000,000 (33,909 pos/s)
[r0] stream batch 15920/30880: 257,776,640/500,000,000 (34,198 pos/s)
[r1] stream batch 15792/30880: 255,704,064/500,000,000 (33,909 pos/s)
[r0] stream batch 15936/30880: 258,035,712/500,000,000 (34,199 pos/s)
[r1] stream batch 15808/30880: 255,963,136/500,000,000 (33,910 pos/s)
[r0] stream batch 15952/30880: 258,294,784/500,000,000 (34,199 pos/s)
[r1] stream batch 15824/30880: 256,222,208/500,000,000 (33,911 pos/s)
[r0] stream batch 15968/30880: 258,553,856/500,000,000 (34,201 pos/s)
[r1] stream batch 15840/30880: 256,481,280/500,000,000 (33,911 pos/s)
[r0] stream batch 15984/30880: 258,812,928/500,000,000 (34,204 pos/s)
[r1] stream batch 15856/30880: 256,740,352/500,000,000 (33,914 pos/s)
[r0] stream batch 16000/30880: 259,072,000/500,000,000 (34,204 pos/s)
[r1] stream batch 15872/30880: 256,999,424/500,000,000 (33,916 pos/s)
[r0] stream batch 16016/30880: 259,331,072/500,000,000 (34,205 pos/s)
[r1] stream batch 15888/30880: 257,258,496/500,000,000 (33,917 pos/s)
[r0] stream batch 16032/30880: 259,590,144/500,000,000 (34,206 pos/s)
[r1] stream batch 15904/30880: 257,517,568/500,000,000 (33,918 pos/s)
[r0] stream batch 16048/30880: 259,849,216/500,000,000 (34,207 pos/s)
[r1] stream batch 15920/30880: 257,776,640/500,000,000 (33,918 pos/s)
[r0] stream batch 16064/30880: 260,108,288/500,000,000 (34,207 pos/s)
[r1] stream batch 15936/30880: 258,035,712/500,000,000 (33,918 pos/s)
[r0] stream batch 16080/30880: 260,367,360/500,000,000 (34,208 pos/s)
[r1] stream batch 15952/30880: 258,294,784/500,000,000 (33,918 pos/s)
[r0] stream batch 16096/30880: 260,626,432/500,000,000 (34,209 pos/s)
[r1] stream batch 15968/30880: 258,553,856/500,000,000 (33,919 pos/s)
[r0] stream batch 16112/30880: 260,885,504/500,000,000 (34,209 pos/s)
[r1] stream batch 15984/30880: 258,812,928/500,000,000 (33,921 pos/s)
[r0] stream batch 16128/30880: 261,144,576/500,000,000 (34,209 pos/s)
[r1] stream batch 16000/30880: 259,072,000/500,000,000 (33,921 pos/s)
[r0] stream batch 16144/30880: 261,403,648/500,000,000 (34,209 pos/s)
[r1] stream batch 16016/30880: 259,331,072/500,000,000 (33,923 pos/s)
[r0] stream batch 16160/30880: 261,662,720/500,000,000 (34,209 pos/s)
[r1] stream batch 16032/30880: 259,590,144/500,000,000 (33,925 pos/s)
[r0] stream batch 16176/30880: 261,921,792/500,000,000 (34,210 pos/s)
[r1] stream batch 16048/30880: 259,849,216/500,000,000 (33,925 pos/s)
[r0] stream batch 16192/30880: 262,180,864/500,000,000 (34,211 pos/s)
[r1] stream batch 16064/30880: 260,108,288/500,000,000 (33,926 pos/s)
[r0] stream batch 16208/30880: 262,439,936/500,000,000 (34,211 pos/s)
[r1] stream batch 16080/30880: 260,367,360/500,000,000 (33,927 pos/s)
[r0] stream batch 16224/30880: 262,699,008/500,000,000 (34,213 pos/s)
[r1] stream batch 16096/30880: 260,626,432/500,000,000 (33,928 pos/s)
[r0] stream batch 16240/30880: 262,958,080/500,000,000 (34,214 pos/s)
[r1] stream batch 16112/30880: 260,885,504/500,000,000 (33,929 pos/s)
[r0] stream batch 16256/30880: 263,217,152/500,000,000 (34,216 pos/s)
[r1] stream batch 16128/30880: 261,144,576/500,000,000 (33,929 pos/s)
[r0] stream batch 16272/30880: 263,476,224/500,000,000 (34,218 pos/s)
[r1] stream batch 16144/30880: 261,403,648/500,000,000 (33,929 pos/s)
[r0] stream batch 16288/30880: 263,735,296/500,000,000 (34,220 pos/s)
[r1] stream batch 16160/30880: 261,662,720/500,000,000 (33,929 pos/s)
[r0] stream batch 16304/30880: 263,994,368/500,000,000 (34,221 pos/s)
[r1] stream batch 16176/30880: 261,921,792/500,000,000 (33,930 pos/s)
[r0] stream batch 16320/30880: 264,253,440/500,000,000 (34,222 pos/s)
[r1] stream batch 16192/30880: 262,180,864/500,000,000 (33,930 pos/s)
[r0] stream batch 16336/30880: 264,512,512/500,000,000 (34,223 pos/s)
[r1] stream batch 16208/30880: 262,439,936/500,000,000 (33,931 pos/s)
[r0] stream batch 16352/30880: 264,771,584/500,000,000 (34,224 pos/s)
[r1] stream batch 16224/30880: 262,699,008/500,000,000 (33,933 pos/s)
[r0] stream batch 16368/30880: 265,030,656/500,000,000 (34,225 pos/s)
[r1] stream batch 16240/30880: 262,958,080/500,000,000 (33,934 pos/s)
[r0] stream batch 16384/30880: 265,289,728/500,000,000 (34,225 pos/s)
[r1] stream batch 16256/30880: 263,217,152/500,000,000 (33,936 pos/s)
[r0] stream batch 16400/30880: 265,548,800/500,000,000 (34,226 pos/s)
[r1] stream batch 16272/30880: 263,476,224/500,000,000 (33,938 pos/s)
[r0] stream batch 16416/30880: 265,807,872/500,000,000 (34,226 pos/s)
[r1] stream batch 16288/30880: 263,735,296/500,000,000 (33,939 pos/s)
[r0] stream batch 16432/30880: 266,066,944/500,000,000 (34,228 pos/s)
[r1] stream batch 16304/30880: 263,994,368/500,000,000 (33,940 pos/s)
[r0] stream batch 16448/30880: 266,326,016/500,000,000 (34,228 pos/s)
[r1] stream batch 16320/30880: 264,253,440/500,000,000 (33,940 pos/s)
[r0] stream batch 16464/30880: 266,585,088/500,000,000 (34,228 pos/s)
[r1] stream batch 16336/30880: 264,512,512/500,000,000 (33,942 pos/s)
[r0] stream batch 16480/30880: 266,844,160/500,000,000 (34,228 pos/s)
[r1] stream batch 16352/30880: 264,771,584/500,000,000 (33,943 pos/s)
[r0] stream batch 16496/30880: 267,103,232/500,000,000 (34,228 pos/s)
[r1] stream batch 16368/30880: 265,030,656/500,000,000 (33,943 pos/s)
[r0] stream batch 16512/30880: 267,362,304/500,000,000 (34,235 pos/s)
[r1] stream batch 16384/30880: 265,289,728/500,000,000 (33,944 pos/s)
[r0] stream batch 16528/30880: 267,621,376/500,000,000 (34,242 pos/s)
[r0] stream batch 16544/30880: 267,880,448/500,000,000 (34,249 pos/s)
[r1] stream batch 16400/30880: 265,548,800/500,000,000 (33,946 pos/s)
[r0] stream batch 16560/30880: 268,139,520/500,000,000 (34,255 pos/s)
[r1] stream batch 16416/30880: 265,807,872/500,000,000 (33,947 pos/s)
[r0] stream batch 16576/30880: 268,398,592/500,000,000 (34,259 pos/s)
[r1] stream batch 16432/30880: 266,066,944/500,000,000 (33,949 pos/s)
[r0] stream batch 16592/30880: 268,657,664/500,000,000 (34,260 pos/s)
[r1] stream batch 16448/30880: 266,326,016/500,000,000 (33,949 pos/s)
[r0] stream batch 16608/30880: 268,916,736/500,000,000 (34,260 pos/s)
[r1] stream batch 16464/30880: 266,585,088/500,000,000 (33,950 pos/s)
[r0] stream batch 16624/30880: 269,175,808/500,000,000 (34,261 pos/s)
[r1] stream batch 16480/30880: 266,844,160/500,000,000 (33,951 pos/s)
[r0] stream batch 16640/30880: 269,434,880/500,000,000 (34,263 pos/s)
[r1] stream batch 16496/30880: 267,103,232/500,000,000 (33,953 pos/s)
[r0] stream batch 16656/30880: 269,693,952/500,000,000 (34,263 pos/s)
[r1] stream batch 16512/30880: 267,362,304/500,000,000 (33,960 pos/s)
[r1] stream batch 16528/30880: 267,621,376/500,000,000 (33,966 pos/s)
[r0] stream batch 16672/30880: 269,953,024/500,000,000 (34,264 pos/s)
[r1] stream batch 16544/30880: 267,880,448/500,000,000 (33,973 pos/s)
[r0] stream batch 16688/30880: 270,212,096/500,000,000 (34,266 pos/s)
[r1] stream batch 16560/30880: 268,139,520/500,000,000 (33,980 pos/s)
[r0] stream batch 16704/30880: 270,471,168/500,000,000 (34,266 pos/s)
[r1] stream batch 16576/30880: 268,398,592/500,000,000 (33,984 pos/s)
[r0] stream batch 16720/30880: 270,730,240/500,000,000 (34,267 pos/s)
[r1] stream batch 16592/30880: 268,657,664/500,000,000 (33,985 pos/s)
[r0] stream batch 16736/30880: 270,989,312/500,000,000 (34,268 pos/s)
[r1] stream batch 16608/30880: 268,916,736/500,000,000 (33,987 pos/s)
[r0] stream batch 16752/30880: 271,248,384/500,000,000 (34,269 pos/s)
[r1] stream batch 16624/30880: 269,175,808/500,000,000 (33,987 pos/s)
[r0] stream batch 16768/30880: 271,507,456/500,000,000 (34,268 pos/s)
[r1] stream batch 16640/30880: 269,434,880/500,000,000 (33,989 pos/s)
[r0] stream batch 16784/30880: 271,766,528/500,000,000 (34,269 pos/s)
[r1] stream batch 16656/30880: 269,693,952/500,000,000 (33,989 pos/s)
[r0] stream batch 16800/30880: 272,025,600/500,000,000 (34,273 pos/s)
[r1] stream batch 16672/30880: 269,953,024/500,000,000 (33,991 pos/s)
[r0] stream batch 16816/30880: 272,284,672/500,000,000 (34,273 pos/s)
[r1] stream batch 16688/30880: 270,212,096/500,000,000 (33,992 pos/s)
[r0] stream batch 16832/30880: 272,543,744/500,000,000 (34,274 pos/s)
[r1] stream batch 16704/30880: 270,471,168/500,000,000 (33,992 pos/s)
[r0] stream batch 16848/30880: 272,802,816/500,000,000 (34,275 pos/s)
[r1] stream batch 16720/30880: 270,730,240/500,000,000 (33,993 pos/s)
[r0] stream batch 16864/30880: 273,061,888/500,000,000 (34,276 pos/s)
[r1] stream batch 16736/30880: 270,989,312/500,000,000 (33,994 pos/s)
[r0] stream batch 16880/30880: 273,320,960/500,000,000 (34,278 pos/s)
[r1] stream batch 16752/30880: 271,248,384/500,000,000 (33,993 pos/s)
[r0] stream batch 16896/30880: 273,580,032/500,000,000 (34,280 pos/s)
[r1] stream batch 16768/30880: 271,507,456/500,000,000 (33,993 pos/s)
[r0] stream batch 16912/30880: 273,839,104/500,000,000 (34,281 pos/s)
[r1] stream batch 16784/30880: 271,766,528/500,000,000 (33,994 pos/s)
[r0] stream batch 16928/30880: 274,098,176/500,000,000 (34,281 pos/s)
[r1] stream batch 16800/30880: 272,025,600/500,000,000 (33,997 pos/s)
[r0] stream batch 16944/30880: 274,357,248/500,000,000 (34,283 pos/s)
[r1] stream batch 16816/30880: 272,284,672/500,000,000 (33,998 pos/s)
[r0] stream batch 16960/30880: 274,616,320/500,000,000 (34,283 pos/s)
[r1] stream batch 16832/30880: 272,543,744/500,000,000 (33,999 pos/s)
[r0] stream batch 16976/30880: 274,875,392/500,000,000 (34,284 pos/s)
[r1] stream batch 16848/30880: 272,802,816/500,000,000 (34,000 pos/s)
[r0] stream batch 16992/30880: 275,134,464/500,000,000 (34,284 pos/s)
[r1] stream batch 16864/30880: 273,061,888/500,000,000 (34,001 pos/s)
[r0] stream batch 17008/30880: 275,393,536/500,000,000 (34,285 pos/s)
[r1] stream batch 16880/30880: 273,320,960/500,000,000 (34,002 pos/s)
[r0] stream batch 17024/30880: 275,652,608/500,000,000 (34,286 pos/s)
[r1] stream batch 16896/30880: 273,580,032/500,000,000 (34,004 pos/s)
[r0] stream batch 17040/30880: 275,911,680/500,000,000 (34,287 pos/s)
[r1] stream batch 16912/30880: 273,839,104/500,000,000 (34,004 pos/s)
[r0] stream batch 17056/30880: 276,170,752/500,000,000 (34,288 pos/s)
[r1] stream batch 16928/30880: 274,098,176/500,000,000 (34,004 pos/s)
[r0] stream batch 17072/30880: 276,429,824/500,000,000 (34,288 pos/s)
[r1] stream batch 16944/30880: 274,357,248/500,000,000 (34,004 pos/s)
[r0] stream batch 17088/30880: 276,688,896/500,000,000 (34,290 pos/s)
[r1] stream batch 16960/30880: 274,616,320/500,000,000 (34,006 pos/s)
[r0] stream batch 17104/30880: 276,947,968/500,000,000 (34,291 pos/s)
[r1] stream batch 16976/30880: 274,875,392/500,000,000 (34,006 pos/s)
[r0] stream batch 17120/30880: 277,207,040/500,000,000 (34,291 pos/s)
[r1] stream batch 16992/30880: 275,134,464/500,000,000 (34,006 pos/s)
[r0] stream batch 17136/30880: 277,466,112/500,000,000 (34,292 pos/s)
[r1] stream batch 17008/30880: 275,393,536/500,000,000 (34,007 pos/s)
[r0] stream batch 17152/30880: 277,725,184/500,000,000 (34,293 pos/s)
[r1] stream batch 17024/30880: 275,652,608/500,000,000 (34,008 pos/s)
[r0] stream batch 17168/30880: 277,984,256/500,000,000 (34,294 pos/s)
[r1] stream batch 17040/30880: 275,911,680/500,000,000 (34,009 pos/s)
[r0] stream batch 17184/30880: 278,243,328/500,000,000 (34,295 pos/s)
[r1] stream batch 17056/30880: 276,170,752/500,000,000 (34,010 pos/s)
[r0] stream batch 17200/30880: 278,502,400/500,000,000 (34,296 pos/s)
[r1] stream batch 17072/30880: 276,429,824/500,000,000 (34,011 pos/s)
[r0] stream batch 17216/30880: 278,761,472/500,000,000 (34,296 pos/s)
[r1] stream batch 17088/30880: 276,688,896/500,000,000 (34,013 pos/s)
[r0] stream batch 17232/30880: 279,020,544/500,000,000 (34,296 pos/s)
[r1] stream batch 17104/30880: 276,947,968/500,000,000 (34,014 pos/s)
[r0] stream batch 17248/30880: 279,279,616/500,000,000 (34,296 pos/s)
[r1] stream batch 17120/30880: 277,207,040/500,000,000 (34,015 pos/s)
[r0] stream batch 17264/30880: 279,538,688/500,000,000 (34,297 pos/s)
[r1] stream batch 17136/30880: 277,466,112/500,000,000 (34,016 pos/s)
[r0] stream batch 17280/30880: 279,797,760/500,000,000 (34,298 pos/s)
[r1] stream batch 17152/30880: 277,725,184/500,000,000 (34,016 pos/s)
[r0] stream batch 17296/30880: 280,056,832/500,000,000 (34,299 pos/s)
[r1] stream batch 17168/30880: 277,984,256/500,000,000 (34,018 pos/s)
[r0] stream batch 17312/30880: 280,315,904/500,000,000 (34,300 pos/s)
[r1] stream batch 17184/30880: 278,243,328/500,000,000 (34,019 pos/s)
[r0] stream batch 17328/30880: 280,574,976/500,000,000 (34,300 pos/s)
[r1] stream batch 17200/30880: 278,502,400/500,000,000 (34,020 pos/s)
[r0] stream batch 17344/30880: 280,834,048/500,000,000 (34,301 pos/s)
[r1] stream batch 17216/30880: 278,761,472/500,000,000 (34,021 pos/s)
[r0] stream batch 17360/30880: 281,093,120/500,000,000 (34,302 pos/s)
[r1] stream batch 17232/30880: 279,020,544/500,000,000 (34,021 pos/s)
[r0] stream batch 17376/30880: 281,352,192/500,000,000 (34,303 pos/s)
[r1] stream batch 17248/30880: 279,279,616/500,000,000 (34,022 pos/s)
[r0] stream batch 17392/30880: 281,611,264/500,000,000 (34,304 pos/s)
[r1] stream batch 17264/30880: 279,538,688/500,000,000 (34,022 pos/s)
[r0] stream batch 17408/30880: 281,870,336/500,000,000 (34,305 pos/s)
[r1] stream batch 17280/30880: 279,797,760/500,000,000 (34,023 pos/s)
[r0] stream batch 17424/30880: 282,129,408/500,000,000 (34,306 pos/s)
[r1] stream batch 17296/30880: 280,056,832/500,000,000 (34,024 pos/s)
[r0] stream batch 17440/30880: 282,388,480/500,000,000 (34,306 pos/s)
[r1] stream batch 17312/30880: 280,315,904/500,000,000 (34,024 pos/s)
[r0] stream batch 17456/30880: 282,647,552/500,000,000 (34,306 pos/s)
[r1] stream batch 17328/30880: 280,574,976/500,000,000 (34,025 pos/s)
[r0] stream batch 17472/30880: 282,906,624/500,000,000 (34,307 pos/s)
[r1] stream batch 17344/30880: 280,834,048/500,000,000 (34,026 pos/s)
[r0] stream batch 17488/30880: 283,165,696/500,000,000 (34,307 pos/s)
[r1] stream batch 17360/30880: 281,093,120/500,000,000 (34,027 pos/s)
[r0] stream batch 17504/30880: 283,424,768/500,000,000 (34,307 pos/s)
[r1] stream batch 17376/30880: 281,352,192/500,000,000 (34,028 pos/s)
[r0] stream batch 17520/30880: 283,683,840/500,000,000 (34,308 pos/s)
[r1] stream batch 17392/30880: 281,611,264/500,000,000 (34,029 pos/s)
[r0] stream batch 17536/30880: 283,942,912/500,000,000 (34,310 pos/s)
[r1] stream batch 17408/30880: 281,870,336/500,000,000 (34,029 pos/s)
[r0] stream batch 17552/30880: 284,201,984/500,000,000 (34,310 pos/s)
[r1] stream batch 17424/30880: 282,129,408/500,000,000 (34,030 pos/s)
[r0] stream batch 17568/30880: 284,461,056/500,000,000 (34,311 pos/s)
[r1] stream batch 17440/30880: 282,388,480/500,000,000 (34,031 pos/s)
[r0] stream batch 17584/30880: 284,720,128/500,000,000 (34,311 pos/s)
[r1] stream batch 17456/30880: 282,647,552/500,000,000 (34,032 pos/s)
[r0] stream batch 17600/30880: 284,979,200/500,000,000 (34,311 pos/s)
[r1] stream batch 17472/30880: 282,906,624/500,000,000 (34,033 pos/s)
[r0] stream batch 17616/30880: 285,238,272/500,000,000 (34,312 pos/s)
[r1] stream batch 17488/30880: 283,165,696/500,000,000 (34,033 pos/s)
[r0] stream batch 17632/30880: 285,497,344/500,000,000 (34,312 pos/s)
[r1] stream batch 17504/30880: 283,424,768/500,000,000 (34,033 pos/s)
[r0] stream batch 17648/30880: 285,756,416/500,000,000 (34,312 pos/s)
[r1] stream batch 17520/30880: 283,683,840/500,000,000 (34,034 pos/s)
[r0] stream batch 17664/30880: 286,015,488/500,000,000 (34,312 pos/s)
[r1] stream batch 17536/30880: 283,942,912/500,000,000 (34,034 pos/s)
[r0] stream batch 17680/30880: 286,274,560/500,000,000 (34,314 pos/s)
[r1] stream batch 17552/30880: 284,201,984/500,000,000 (34,035 pos/s)
[r0] stream batch 17696/30880: 286,533,632/500,000,000 (34,314 pos/s)
[r1] stream batch 17568/30880: 284,461,056/500,000,000 (34,036 pos/s)
[r0] stream batch 17712/30880: 286,792,704/500,000,000 (34,315 pos/s)
[r1] stream batch 17584/30880: 284,720,128/500,000,000 (34,036 pos/s)
[r0] stream batch 17728/30880: 287,051,776/500,000,000 (34,316 pos/s)
[r1] stream batch 17600/30880: 284,979,200/500,000,000 (34,036 pos/s)
[r0] stream batch 17744/30880: 287,310,848/500,000,000 (34,317 pos/s)
[r0] stream batch 17760/30880: 287,569,920/500,000,000 (34,317 pos/s)
[r1] stream batch 17616/30880: 285,238,272/500,000,000 (34,036 pos/s)
[r0] stream batch 17776/30880: 287,828,992/500,000,000 (34,318 pos/s)
[r1] stream batch 17632/30880: 285,497,344/500,000,000 (34,037 pos/s)
[r0] stream batch 17792/30880: 288,088,064/500,000,000 (34,318 pos/s)
[r1] stream batch 17648/30880: 285,756,416/500,000,000 (34,037 pos/s)
[r0] stream batch 17808/30880: 288,347,136/500,000,000 (34,318 pos/s)
[r1] stream batch 17664/30880: 286,015,488/500,000,000 (34,038 pos/s)
[r0] stream batch 17824/30880: 288,606,208/500,000,000 (34,318 pos/s)
[r1] stream batch 17680/30880: 286,274,560/500,000,000 (34,039 pos/s)
[r1] stream batch 17696/30880: 286,533,632/500,000,000 (34,040 pos/s)
[r0] stream batch 17840/30880: 288,865,280/500,000,000 (34,318 pos/s)
[r0] stream batch 17856/30880: 289,124,352/500,000,000 (34,320 pos/s)
[r1] stream batch 17712/30880: 286,792,704/500,000,000 (34,040 pos/s)
[r0] stream batch 17872/30880: 289,383,424/500,000,000 (34,321 pos/s)
[r1] stream batch 17728/30880: 287,051,776/500,000,000 (34,041 pos/s)
[r0] stream batch 17888/30880: 289,642,496/500,000,000 (34,321 pos/s)
[r1] stream batch 17744/30880: 287,310,848/500,000,000 (34,042 pos/s)
[r0] stream batch 17904/30880: 289,901,568/500,000,000 (34,323 pos/s)
[r1] stream batch 17760/30880: 287,569,920/500,000,000 (34,042 pos/s)
[r0] stream batch 17920/30880: 290,160,640/500,000,000 (34,324 pos/s)
[r1] stream batch 17776/30880: 287,828,992/500,000,000 (34,043 pos/s)
[r0] stream batch 17936/30880: 290,419,712/500,000,000 (34,324 pos/s)
[r1] stream batch 17792/30880: 288,088,064/500,000,000 (34,044 pos/s)
[r0] stream batch 17952/30880: 290,678,784/500,000,000 (34,325 pos/s)
[r1] stream batch 17808/30880: 288,347,136/500,000,000 (34,044 pos/s)
[r0] stream batch 17968/30880: 290,937,856/500,000,000 (34,326 pos/s)
[r1] stream batch 17824/30880: 288,606,208/500,000,000 (34,044 pos/s)
[r0] stream batch 17984/30880: 291,196,928/500,000,000 (34,327 pos/s)
[r1] stream batch 17840/30880: 288,865,280/500,000,000 (34,045 pos/s)
[r0] stream batch 18000/30880: 291,456,000/500,000,000 (34,328 pos/s)
[r1] stream batch 17856/30880: 289,124,352/500,000,000 (34,047 pos/s)
[r0] stream batch 18016/30880: 291,715,072/500,000,000 (34,329 pos/s)
[r1] stream batch 17872/30880: 289,383,424/500,000,000 (34,047 pos/s)
[r0] stream batch 18032/30880: 291,974,144/500,000,000 (34,330 pos/s)
[r1] stream batch 17888/30880: 289,642,496/500,000,000 (34,048 pos/s)
[r0] stream batch 18048/30880: 292,233,216/500,000,000 (34,331 pos/s)
[r1] stream batch 17904/30880: 289,901,568/500,000,000 (34,049 pos/s)
[r0] stream batch 18064/30880: 292,492,288/500,000,000 (34,332 pos/s)
[r1] stream batch 17920/30880: 290,160,640/500,000,000 (34,049 pos/s)
[r0] stream batch 18080/30880: 292,751,360/500,000,000 (34,332 pos/s)
[r1] stream batch 17936/30880: 290,419,712/500,000,000 (34,050 pos/s)
[r0] stream batch 18096/30880: 293,010,432/500,000,000 (34,333 pos/s)
[r1] stream batch 17952/30880: 290,678,784/500,000,000 (34,050 pos/s)
[r0] stream batch 18112/30880: 293,269,504/500,000,000 (34,333 pos/s)
[r1] stream batch 17968/30880: 290,937,856/500,000,000 (34,051 pos/s)
[r0] stream batch 18128/30880: 293,528,576/500,000,000 (34,335 pos/s)
[r1] stream batch 17984/30880: 291,196,928/500,000,000 (34,051 pos/s)
[r0] stream batch 18144/30880: 293,787,648/500,000,000 (34,335 pos/s)
[r1] stream batch 18000/30880: 291,456,000/500,000,000 (34,052 pos/s)
[r0] stream batch 18160/30880: 294,046,720/500,000,000 (34,336 pos/s)
[r1] stream batch 18016/30880: 291,715,072/500,000,000 (34,053 pos/s)
[r0] stream batch 18176/30880: 294,305,792/500,000,000 (34,337 pos/s)
[r1] stream batch 18032/30880: 291,974,144/500,000,000 (34,054 pos/s)
[r0] stream batch 18192/30880: 294,564,864/500,000,000 (34,338 pos/s)
[r1] stream batch 18048/30880: 292,233,216/500,000,000 (34,055 pos/s)
[r0] stream batch 18208/30880: 294,823,936/500,000,000 (34,339 pos/s)
[r1] stream batch 18064/30880: 292,492,288/500,000,000 (34,055 pos/s)
[r0] stream batch 18224/30880: 295,083,008/500,000,000 (34,340 pos/s)
[r1] stream batch 18080/30880: 292,751,360/500,000,000 (34,056 pos/s)
[r0] stream batch 18240/30880: 295,342,080/500,000,000 (34,342 pos/s)
[r1] stream batch 18096/30880: 293,010,432/500,000,000 (34,056 pos/s)
[r0] stream batch 18256/30880: 295,601,152/500,000,000 (34,343 pos/s)
[r1] stream batch 18112/30880: 293,269,504/500,000,000 (34,057 pos/s)
[r0] stream batch 18272/30880: 295,860,224/500,000,000 (34,343 pos/s)
[r1] stream batch 18128/30880: 293,528,576/500,000,000 (34,058 pos/s)
[r0] stream batch 18288/30880: 296,119,296/500,000,000 (34,344 pos/s)
[r1] stream batch 18144/30880: 293,787,648/500,000,000 (34,059 pos/s)
[r0] stream batch 18304/30880: 296,378,368/500,000,000 (34,344 pos/s)
[r1] stream batch 18160/30880: 294,046,720/500,000,000 (34,060 pos/s)
[r0] stream batch 18320/30880: 296,637,440/500,000,000 (34,345 pos/s)
[r1] stream batch 18176/30880: 294,305,792/500,000,000 (34,061 pos/s)
[r0] stream batch 18336/30880: 296,896,512/500,000,000 (34,346 pos/s)
[r1] stream batch 18192/30880: 294,564,864/500,000,000 (34,062 pos/s)
[r0] stream batch 18352/30880: 297,155,584/500,000,000 (34,346 pos/s)
[r1] stream batch 18208/30880: 294,823,936/500,000,000 (34,063 pos/s)
[r0] stream batch 18368/30880: 297,414,656/500,000,000 (34,346 pos/s)
[r1] stream batch 18224/30880: 295,083,008/500,000,000 (34,064 pos/s)
[r0] stream batch 18384/30880: 297,673,728/500,000,000 (34,346 pos/s)
[r1] stream batch 18240/30880: 295,342,080/500,000,000 (34,066 pos/s)
[r0] stream batch 18400/30880: 297,932,800/500,000,000 (34,348 pos/s)
[r1] stream batch 18256/30880: 295,601,152/500,000,000 (34,068 pos/s)
[r0] stream batch 18416/30880: 298,191,872/500,000,000 (34,348 pos/s)
[r1] stream batch 18272/30880: 295,860,224/500,000,000 (34,068 pos/s)
[r0] stream batch 18432/30880: 298,450,944/500,000,000 (34,350 pos/s)
[r1] stream batch 18288/30880: 296,119,296/500,000,000 (34,070 pos/s)
[r0] stream batch 18448/30880: 298,710,016/500,000,000 (34,350 pos/s)
[r1] stream batch 18304/30880: 296,378,368/500,000,000 (34,070 pos/s)
[r0] stream batch 18464/30880: 298,969,088/500,000,000 (34,351 pos/s)
[r1] stream batch 18320/30880: 296,637,440/500,000,000 (34,070 pos/s)
[r0] stream batch 18480/30880: 299,228,160/500,000,000 (34,353 pos/s)
[r1] stream batch 18336/30880: 296,896,512/500,000,000 (34,071 pos/s)
[r0] stream batch 18496/30880: 299,487,232/500,000,000 (34,353 pos/s)
[r1] stream batch 18352/30880: 297,155,584/500,000,000 (34,071 pos/s)
[r0] stream batch 18512/30880: 299,746,304/500,000,000 (34,354 pos/s)
[r1] stream batch 18368/30880: 297,414,656/500,000,000 (34,072 pos/s)
[r0] stream batch 18528/30880: 300,005,376/500,000,000 (34,354 pos/s)
[r1] stream batch 18384/30880: 297,673,728/500,000,000 (34,072 pos/s)
[r0] stream batch 18544/30880: 300,264,448/500,000,000 (34,355 pos/s)
[r1] stream batch 18400/30880: 297,932,800/500,000,000 (34,074 pos/s)
[r0] stream batch 18560/30880: 300,523,520/500,000,000 (34,356 pos/s)
[r1] stream batch 18416/30880: 298,191,872/500,000,000 (34,076 pos/s)
[r0] stream batch 18576/30880: 300,782,592/500,000,000 (34,356 pos/s)
[r1] stream batch 18432/30880: 298,450,944/500,000,000 (34,078 pos/s)
[r0] stream batch 18592/30880: 301,041,664/500,000,000 (34,357 pos/s)
[r1] stream batch 18448/30880: 298,710,016/500,000,000 (34,079 pos/s)
[r0] stream batch 18608/30880: 301,300,736/500,000,000 (34,358 pos/s)
[r1] stream batch 18464/30880: 298,969,088/500,000,000 (34,081 pos/s)
[r0] stream batch 18624/30880: 301,559,808/500,000,000 (34,358 pos/s)
[r1] stream batch 18480/30880: 299,228,160/500,000,000 (34,082 pos/s)
[r0] stream batch 18640/30880: 301,818,880/500,000,000 (34,360 pos/s)
[r1] stream batch 18496/30880: 299,487,232/500,000,000 (34,083 pos/s)
[r0] stream batch 18656/30880: 302,077,952/500,000,000 (34,360 pos/s)
[r1] stream batch 18512/30880: 299,746,304/500,000,000 (34,084 pos/s)
[r0] stream batch 18672/30880: 302,337,024/500,000,000 (34,361 pos/s)
[r1] stream batch 18528/30880: 300,005,376/500,000,000 (34,085 pos/s)
[r0] stream batch 18688/30880: 302,596,096/500,000,000 (34,362 pos/s)
[r1] stream batch 18544/30880: 300,264,448/500,000,000 (34,086 pos/s)
[r0] stream batch 18704/30880: 302,855,168/500,000,000 (34,363 pos/s)
[r1] stream batch 18560/30880: 300,523,520/500,000,000 (34,087 pos/s)
[r0] stream batch 18720/30880: 303,114,240/500,000,000 (34,364 pos/s)
[r1] stream batch 18576/30880: 300,782,592/500,000,000 (34,088 pos/s)
[r0] stream batch 18736/30880: 303,373,312/500,000,000 (34,364 pos/s)
[r1] stream batch 18592/30880: 301,041,664/500,000,000 (34,089 pos/s)
[r0] stream batch 18752/30880: 303,632,384/500,000,000 (34,365 pos/s)
[r1] stream batch 18608/30880: 301,300,736/500,000,000 (34,090 pos/s)
[r0] stream batch 18768/30880: 303,891,456/500,000,000 (34,366 pos/s)
[r1] stream batch 18624/30880: 301,559,808/500,000,000 (34,091 pos/s)
[r0] stream batch 18784/30880: 304,150,528/500,000,000 (34,367 pos/s)
[r1] stream batch 18640/30880: 301,818,880/500,000,000 (34,093 pos/s)
[r0] stream batch 18800/30880: 304,409,600/500,000,000 (34,368 pos/s)
[r1] stream batch 18656/30880: 302,077,952/500,000,000 (34,094 pos/s)
[r0] stream batch 18816/30880: 304,668,672/500,000,000 (34,369 pos/s)
[r1] stream batch 18672/30880: 302,337,024/500,000,000 (34,096 pos/s)
[r0] stream batch 18832/30880: 304,927,744/500,000,000 (34,370 pos/s)
[r1] stream batch 18688/30880: 302,596,096/500,000,000 (34,097 pos/s)
[r0] stream batch 18848/30880: 305,186,816/500,000,000 (34,370 pos/s)
[r1] stream batch 18704/30880: 302,855,168/500,000,000 (34,098 pos/s)
[r0] stream batch 18864/30880: 305,445,888/500,000,000 (34,371 pos/s)
[r1] stream batch 18720/30880: 303,114,240/500,000,000 (34,099 pos/s)
[r0] stream batch 18880/30880: 305,704,960/500,000,000 (34,373 pos/s)
[r1] stream batch 18736/30880: 303,373,312/500,000,000 (34,099 pos/s)
[r0] stream batch 18896/30880: 305,964,032/500,000,000 (34,374 pos/s)
[r1] stream batch 18752/30880: 303,632,384/500,000,000 (34,100 pos/s)
[r0] stream batch 18912/30880: 306,223,104/500,000,000 (34,375 pos/s)
[r1] stream batch 18768/30880: 303,891,456/500,000,000 (34,101 pos/s)
[r0] stream batch 18928/30880: 306,482,176/500,000,000 (34,376 pos/s)
[r1] stream batch 18784/30880: 304,150,528/500,000,000 (34,102 pos/s)
[r0] stream batch 18944/30880: 306,741,248/500,000,000 (34,376 pos/s)
[r1] stream batch 18800/30880: 304,409,600/500,000,000 (34,103 pos/s)
[r0] stream batch 18960/30880: 307,000,320/500,000,000 (34,376 pos/s)
[r1] stream batch 18816/30880: 304,668,672/500,000,000 (34,104 pos/s)
[r0] stream batch 18976/30880: 307,259,392/500,000,000 (34,377 pos/s)
[r1] stream batch 18832/30880: 304,927,744/500,000,000 (34,105 pos/s)
[r0] stream batch 18992/30880: 307,518,464/500,000,000 (34,377 pos/s)
[r1] stream batch 18848/30880: 305,186,816/500,000,000 (34,106 pos/s)
[r0] stream batch 19008/30880: 307,777,536/500,000,000 (34,380 pos/s)
[r1] stream batch 18864/30880: 305,445,888/500,000,000 (34,107 pos/s)
[r0] stream batch 19024/30880: 308,036,608/500,000,000 (34,380 pos/s)
[r1] stream batch 18880/30880: 305,704,960/500,000,000 (34,108 pos/s)
[r0] stream batch 19040/30880: 308,295,680/500,000,000 (34,381 pos/s)
[r1] stream batch 18896/30880: 305,964,032/500,000,000 (34,109 pos/s)
[r0] stream batch 19056/30880: 308,554,752/500,000,000 (34,381 pos/s)
[r1] stream batch 18912/30880: 306,223,104/500,000,000 (34,111 pos/s)
[r0] stream batch 19072/30880: 308,813,824/500,000,000 (34,381 pos/s)
[r1] stream batch 18928/30880: 306,482,176/500,000,000 (34,113 pos/s)
[r0] stream batch 19088/30880: 309,072,896/500,000,000 (34,381 pos/s)
[r1] stream batch 18944/30880: 306,741,248/500,000,000 (34,114 pos/s)
[r0] stream batch 19104/30880: 309,331,968/500,000,000 (34,382 pos/s)
[r1] stream batch 18960/30880: 307,000,320/500,000,000 (34,115 pos/s)
[r0] stream batch 19120/30880: 309,591,040/500,000,000 (34,382 pos/s)
[r1] stream batch 18976/30880: 307,259,392/500,000,000 (34,116 pos/s)
[r0] stream batch 19136/30880: 309,850,112/500,000,000 (34,382 pos/s)
[r1] stream batch 18992/30880: 307,518,464/500,000,000 (34,116 pos/s)
[r0] stream batch 19152/30880: 310,109,184/500,000,000 (34,383 pos/s)
[r1] stream batch 19008/30880: 307,777,536/500,000,000 (34,118 pos/s)
[r0] stream batch 19168/30880: 310,368,256/500,000,000 (34,385 pos/s)
[r1] stream batch 19024/30880: 308,036,608/500,000,000 (34,119 pos/s)
[r0] stream batch 19184/30880: 310,627,328/500,000,000 (34,386 pos/s)
[r1] stream batch 19040/30880: 308,295,680/500,000,000 (34,119 pos/s)
[r0] stream batch 19200/30880: 310,886,400/500,000,000 (34,386 pos/s)
[r1] stream batch 19056/30880: 308,554,752/500,000,000 (34,119 pos/s)
[r0] stream batch 19216/30880: 311,145,472/500,000,000 (34,386 pos/s)
[r1] stream batch 19072/30880: 308,813,824/500,000,000 (34,120 pos/s)
[r0] stream batch 19232/30880: 311,404,544/500,000,000 (34,387 pos/s)
[r1] stream batch 19088/30880: 309,072,896/500,000,000 (34,120 pos/s)
[r0] stream batch 19248/30880: 311,663,616/500,000,000 (34,388 pos/s)
[r1] stream batch 19104/30880: 309,331,968/500,000,000 (34,121 pos/s)
[r0] stream batch 19264/30880: 311,922,688/500,000,000 (34,388 pos/s)
[r1] stream batch 19120/30880: 309,591,040/500,000,000 (34,120 pos/s)
[r0] stream batch 19280/30880: 312,181,760/500,000,000 (34,389 pos/s)
[r1] stream batch 19136/30880: 309,850,112/500,000,000 (34,120 pos/s)
[r0] stream batch 19296/30880: 312,440,832/500,000,000 (34,389 pos/s)
[r1] stream batch 19152/30880: 310,109,184/500,000,000 (34,121 pos/s)
[r0] stream batch 19312/30880: 312,699,904/500,000,000 (34,390 pos/s)
[r1] stream batch 19168/30880: 310,368,256/500,000,000 (34,123 pos/s)
[r0] stream batch 19328/30880: 312,958,976/500,000,000 (34,390 pos/s)
[r1] stream batch 19184/30880: 310,627,328/500,000,000 (34,124 pos/s)
[r0] stream batch 19344/30880: 313,218,048/500,000,000 (34,391 pos/s)
[r1] stream batch 19200/30880: 310,886,400/500,000,000 (34,125 pos/s)
[r0] stream batch 19360/30880: 313,477,120/500,000,000 (34,391 pos/s)
[r1] stream batch 19216/30880: 311,145,472/500,000,000 (34,126 pos/s)
[r0] stream batch 19376/30880: 313,736,192/500,000,000 (34,392 pos/s)
[r1] stream batch 19232/30880: 311,404,544/500,000,000 (34,126 pos/s)
[r0] stream batch 19392/30880: 313,995,264/500,000,000 (34,392 pos/s)
[r1] stream batch 19248/30880: 311,663,616/500,000,000 (34,126 pos/s)
[r0] stream batch 19408/30880: 314,254,336/500,000,000 (34,392 pos/s)
[r1] stream batch 19264/30880: 311,922,688/500,000,000 (34,127 pos/s)
[r0] stream batch 19424/30880: 314,513,408/500,000,000 (34,393 pos/s)
[r1] stream batch 19280/30880: 312,181,760/500,000,000 (34,128 pos/s)
[r0] stream batch 19440/30880: 314,772,480/500,000,000 (34,394 pos/s)
[r1] stream batch 19296/30880: 312,440,832/500,000,000 (34,128 pos/s)
[r0] stream batch 19456/30880: 315,031,552/500,000,000 (34,394 pos/s)
[r1] stream batch 19312/30880: 312,699,904/500,000,000 (34,129 pos/s)
[r0] stream batch 19472/30880: 315,290,624/500,000,000 (34,396 pos/s)
[r1] stream batch 19328/30880: 312,958,976/500,000,000 (34,129 pos/s)
[r0] stream batch 19488/30880: 315,549,696/500,000,000 (34,397 pos/s)
[r1] stream batch 19344/30880: 313,218,048/500,000,000 (34,130 pos/s)
[r0] stream batch 19504/30880: 315,808,768/500,000,000 (34,398 pos/s)
[r1] stream batch 19360/30880: 313,477,120/500,000,000 (34,131 pos/s)
[r0] stream batch 19520/30880: 316,067,840/500,000,000 (34,398 pos/s)
[r1] stream batch 19376/30880: 313,736,192/500,000,000 (34,131 pos/s)
[r0] stream batch 19536/30880: 316,326,912/500,000,000 (34,399 pos/s)
[r1] stream batch 19392/30880: 313,995,264/500,000,000 (34,131 pos/s)
[r0] stream batch 19552/30880: 316,585,984/500,000,000 (34,400 pos/s)
[r1] stream batch 19408/30880: 314,254,336/500,000,000 (34,131 pos/s)
[r0] stream batch 19568/30880: 316,845,056/500,000,000 (34,401 pos/s)
[r1] stream batch 19424/30880: 314,513,408/500,000,000 (34,132 pos/s)
[r0] stream batch 19584/30880: 317,104,128/500,000,000 (34,401 pos/s)
[r1] stream batch 19440/30880: 314,772,480/500,000,000 (34,132 pos/s)
[r0] stream batch 19600/30880: 317,363,200/500,000,000 (34,403 pos/s)
[r1] stream batch 19456/30880: 315,031,552/500,000,000 (34,132 pos/s)
[r0] stream batch 19616/30880: 317,622,272/500,000,000 (34,404 pos/s)
[r1] stream batch 19472/30880: 315,290,624/500,000,000 (34,134 pos/s)
[r0] stream batch 19632/30880: 317,881,344/500,000,000 (34,405 pos/s)
[r1] stream batch 19488/30880: 315,549,696/500,000,000 (34,135 pos/s)
[r0] stream batch 19648/30880: 318,140,416/500,000,000 (34,406 pos/s)
[r1] stream batch 19504/30880: 315,808,768/500,000,000 (34,136 pos/s)
[r0] stream batch 19664/30880: 318,399,488/500,000,000 (34,406 pos/s)
[r1] stream batch 19520/30880: 316,067,840/500,000,000 (34,137 pos/s)
[r0] stream batch 19680/30880: 318,658,560/500,000,000 (34,407 pos/s)
[r1] stream batch 19536/30880: 316,326,912/500,000,000 (34,137 pos/s)
[r0] stream batch 19696/30880: 318,917,632/500,000,000 (34,407 pos/s)
[r1] stream batch 19552/30880: 316,585,984/500,000,000 (34,138 pos/s)
[r0] stream batch 19712/30880: 319,176,704/500,000,000 (34,408 pos/s)
[r1] stream batch 19568/30880: 316,845,056/500,000,000 (34,139 pos/s)
[r0] stream batch 19728/30880: 319,435,776/500,000,000 (34,408 pos/s)
[r1] stream batch 19584/30880: 317,104,128/500,000,000 (34,139 pos/s)
[r0] stream batch 19744/30880: 319,694,848/500,000,000 (34,409 pos/s)
[r1] stream batch 19600/30880: 317,363,200/500,000,000 (34,141 pos/s)
[r0] stream batch 19760/30880: 319,953,920/500,000,000 (34,411 pos/s)
[r1] stream batch 19616/30880: 317,622,272/500,000,000 (34,142 pos/s)
[r0] stream batch 19776/30880: 320,212,992/500,000,000 (34,411 pos/s)
[r1] stream batch 19632/30880: 317,881,344/500,000,000 (34,142 pos/s)
[r0] stream batch 19792/30880: 320,472,064/500,000,000 (34,412 pos/s)
[r1] stream batch 19648/30880: 318,140,416/500,000,000 (34,144 pos/s)
[r0] stream batch 19808/30880: 320,731,136/500,000,000 (34,413 pos/s)
[r1] stream batch 19664/30880: 318,399,488/500,000,000 (34,144 pos/s)
[r0] stream batch 19824/30880: 320,990,208/500,000,000 (34,413 pos/s)
[r1] stream batch 19680/30880: 318,658,560/500,000,000 (34,144 pos/s)
[r0] stream batch 19840/30880: 321,249,280/500,000,000 (34,414 pos/s)
[r1] stream batch 19696/30880: 318,917,632/500,000,000 (34,145 pos/s)
[r0] stream batch 19856/30880: 321,508,352/500,000,000 (34,414 pos/s)
[r1] stream batch 19712/30880: 319,176,704/500,000,000 (34,145 pos/s)
[r0] stream batch 19872/30880: 321,767,424/500,000,000 (34,414 pos/s)
[r1] stream batch 19728/30880: 319,435,776/500,000,000 (34,146 pos/s)
[r0] stream batch 19888/30880: 322,026,496/500,000,000 (34,414 pos/s)
[r1] stream batch 19744/30880: 319,694,848/500,000,000 (34,148 pos/s)
[r0] stream batch 19904/30880: 322,285,568/500,000,000 (34,415 pos/s)
[r1] stream batch 19760/30880: 319,953,920/500,000,000 (34,149 pos/s)
[r0] stream batch 19920/30880: 322,544,640/500,000,000 (34,415 pos/s)
[r1] stream batch 19776/30880: 320,212,992/500,000,000 (34,149 pos/s)
[r0] stream batch 19936/30880: 322,803,712/500,000,000 (34,416 pos/s)
[r1] stream batch 19792/30880: 320,472,064/500,000,000 (34,150 pos/s)
[r0] stream batch 19952/30880: 323,062,784/500,000,000 (34,418 pos/s)
[r1] stream batch 19808/30880: 320,731,136/500,000,000 (34,150 pos/s)
[r0] stream batch 19968/30880: 323,321,856/500,000,000 (34,418 pos/s)
[r1] stream batch 19824/30880: 320,990,208/500,000,000 (34,150 pos/s)
[r0] stream batch 19984/30880: 323,580,928/500,000,000 (34,418 pos/s)
[r1] stream batch 19840/30880: 321,249,280/500,000,000 (34,152 pos/s)
[r0] stream batch 20000/30880: 323,840,000/500,000,000 (34,418 pos/s)
[r1] stream batch 19856/30880: 321,508,352/500,000,000 (34,152 pos/s)
[r0] stream batch 20016/30880: 324,099,072/500,000,000 (34,419 pos/s)
[r1] stream batch 19872/30880: 321,767,424/500,000,000 (34,152 pos/s)
[r0] stream batch 20032/30880: 324,358,144/500,000,000 (34,419 pos/s)
[r1] stream batch 19888/30880: 322,026,496/500,000,000 (34,153 pos/s)
[r0] stream batch 20048/30880: 324,617,216/500,000,000 (34,419 pos/s)
[r1] stream batch 19904/30880: 322,285,568/500,000,000 (34,152 pos/s)
[r0] stream batch 20064/30880: 324,876,288/500,000,000 (34,420 pos/s)
[r1] stream batch 19920/30880: 322,544,640/500,000,000 (34,153 pos/s)
[r0] stream batch 20080/30880: 325,135,360/500,000,000 (34,421 pos/s)
[r1] stream batch 19936/30880: 322,803,712/500,000,000 (34,153 pos/s)
[r0] stream batch 20096/30880: 325,394,432/500,000,000 (34,421 pos/s)
[r1] stream batch 19952/30880: 323,062,784/500,000,000 (34,155 pos/s)
[r0] stream batch 20112/30880: 325,653,504/500,000,000 (34,422 pos/s)
[r1] stream batch 19968/30880: 323,321,856/500,000,000 (34,155 pos/s)
[r0] stream batch 20128/30880: 325,912,576/500,000,000 (34,422 pos/s)
[r1] stream batch 19984/30880: 323,580,928/500,000,000 (34,156 pos/s)
[r0] stream batch 20144/30880: 326,171,648/500,000,000 (34,423 pos/s)
[r1] stream batch 20000/30880: 323,840,000/500,000,000 (34,157 pos/s)
[r0] stream batch 20160/30880: 326,430,720/500,000,000 (34,423 pos/s)
[r1] stream batch 20016/30880: 324,099,072/500,000,000 (34,157 pos/s)
[r0] stream batch 20176/30880: 326,689,792/500,000,000 (34,425 pos/s)
[r1] stream batch 20032/30880: 324,358,144/500,000,000 (34,157 pos/s)
[r0] stream batch 20192/30880: 326,948,864/500,000,000 (34,425 pos/s)
[r1] stream batch 20048/30880: 324,617,216/500,000,000 (34,157 pos/s)
[r0] stream batch 20208/30880: 327,207,936/500,000,000 (34,426 pos/s)
[r1] stream batch 20064/30880: 324,876,288/500,000,000 (34,158 pos/s)
[r0] stream batch 20224/30880: 327,467,008/500,000,000 (34,426 pos/s)
[r1] stream batch 20080/30880: 325,135,360/500,000,000 (34,159 pos/s)
[r0] stream batch 20240/30880: 327,726,080/500,000,000 (34,427 pos/s)
[r1] stream batch 20096/30880: 325,394,432/500,000,000 (34,159 pos/s)
[r0] stream batch 20256/30880: 327,985,152/500,000,000 (34,427 pos/s)
[r1] stream batch 20112/30880: 325,653,504/500,000,000 (34,160 pos/s)
[r0] stream batch 20272/30880: 328,244,224/500,000,000 (34,429 pos/s)
[r1] stream batch 20128/30880: 325,912,576/500,000,000 (34,161 pos/s)
[r0] stream batch 20288/30880: 328,503,296/500,000,000 (34,429 pos/s)
[r1] stream batch 20144/30880: 326,171,648/500,000,000 (34,162 pos/s)
[r0] stream batch 20304/30880: 328,762,368/500,000,000 (34,431 pos/s)
[r1] stream batch 20160/30880: 326,430,720/500,000,000 (34,162 pos/s)
[r0] stream batch 20320/30880: 329,021,440/500,000,000 (34,432 pos/s)
[r1] stream batch 20176/30880: 326,689,792/500,000,000 (34,163 pos/s)
[r0] stream batch 20336/30880: 329,280,512/500,000,000 (34,432 pos/s)
[r1] stream batch 20192/30880: 326,948,864/500,000,000 (34,164 pos/s)
[r0] stream batch 20352/30880: 329,539,584/500,000,000 (34,432 pos/s)
[r1] stream batch 20208/30880: 327,207,936/500,000,000 (34,165 pos/s)
[r0] stream batch 20368/30880: 329,798,656/500,000,000 (34,431 pos/s)
[r1] stream batch 20224/30880: 327,467,008/500,000,000 (34,165 pos/s)
[r0] stream batch 20384/30880: 330,057,728/500,000,000 (34,433 pos/s)
[r1] stream batch 20240/30880: 327,726,080/500,000,000 (34,166 pos/s)
[r0] stream batch 20400/30880: 330,316,800/500,000,000 (34,434 pos/s)
[r1] stream batch 20256/30880: 327,985,152/500,000,000 (34,166 pos/s)
[r0] stream batch 20416/30880: 330,575,872/500,000,000 (34,435 pos/s)
[r1] stream batch 20272/30880: 328,244,224/500,000,000 (34,167 pos/s)
[r0] stream batch 20432/30880: 330,834,944/500,000,000 (34,435 pos/s)
[r1] stream batch 20288/30880: 328,503,296/500,000,000 (34,168 pos/s)
[r0] stream batch 20448/30880: 331,094,016/500,000,000 (34,435 pos/s)
[r1] stream batch 20304/30880: 328,762,368/500,000,000 (34,170 pos/s)
[r0] stream batch 20464/30880: 331,353,088/500,000,000 (34,435 pos/s)
[r1] stream batch 20320/30880: 329,021,440/500,000,000 (34,170 pos/s)
[r0] stream batch 20480/30880: 331,612,160/500,000,000 (34,436 pos/s)
[r1] stream batch 20336/30880: 329,280,512/500,000,000 (34,171 pos/s)
[r0] stream batch 20496/30880: 331,871,232/500,000,000 (34,437 pos/s)
[r1] stream batch 20352/30880: 329,539,584/500,000,000 (34,171 pos/s)
[r0] stream batch 20512/30880: 332,130,304/500,000,000 (34,438 pos/s)
[r1] stream batch 20368/30880: 329,798,656/500,000,000 (34,172 pos/s)
[r0] stream batch 20528/30880: 332,389,376/500,000,000 (34,440 pos/s)
[r1] stream batch 20384/30880: 330,057,728/500,000,000 (34,173 pos/s)
[r0] stream batch 20544/30880: 332,648,448/500,000,000 (34,440 pos/s)
[r1] stream batch 20400/30880: 330,316,800/500,000,000 (34,173 pos/s)
[r0] stream batch 20560/30880: 332,907,520/500,000,000 (34,441 pos/s)
[r1] stream batch 20416/30880: 330,575,872/500,000,000 (34,174 pos/s)
[r0] stream batch 20576/30880: 333,166,592/500,000,000 (34,442 pos/s)
[r1] stream batch 20432/30880: 330,834,944/500,000,000 (34,174 pos/s)
[r0] stream batch 20592/30880: 333,425,664/500,000,000 (34,443 pos/s)
[r1] stream batch 20448/30880: 331,094,016/500,000,000 (34,175 pos/s)
[r0] stream batch 20608/30880: 333,684,736/500,000,000 (34,443 pos/s)
[r1] stream batch 20464/30880: 331,353,088/500,000,000 (34,175 pos/s)
[r0] stream batch 20624/30880: 333,943,808/500,000,000 (34,443 pos/s)
[r1] stream batch 20480/30880: 331,612,160/500,000,000 (34,176 pos/s)
[r0] stream batch 20640/30880: 334,202,880/500,000,000 (34,445 pos/s)
[r1] stream batch 20496/30880: 331,871,232/500,000,000 (34,177 pos/s)
[r0] stream batch 20656/30880: 334,461,952/500,000,000 (34,445 pos/s)
[r1] stream batch 20512/30880: 332,130,304/500,000,000 (34,178 pos/s)
[r0] stream batch 20672/30880: 334,721,024/500,000,000 (34,446 pos/s)
[r1] stream batch 20528/30880: 332,389,376/500,000,000 (34,179 pos/s)
[r0] stream batch 20688/30880: 334,980,096/500,000,000 (34,447 pos/s)
[r0] stream batch 20704/30880: 335,239,168/500,000,000 (34,449 pos/s)
[r1] stream batch 20544/30880: 332,648,448/500,000,000 (34,179 pos/s)
[r0] stream batch 20720/30880: 335,498,240/500,000,000 (34,449 pos/s)
[r1] stream batch 20560/30880: 332,907,520/500,000,000 (34,179 pos/s)
[r0] stream batch 20736/30880: 335,757,312/500,000,000 (34,450 pos/s)
[r1] stream batch 20576/30880: 333,166,592/500,000,000 (34,180 pos/s)
[r0] stream batch 20752/30880: 336,016,384/500,000,000 (34,451 pos/s)
[r1] stream batch 20592/30880: 333,425,664/500,000,000 (34,180 pos/s)
[r0] stream batch 20768/30880: 336,275,456/500,000,000 (34,452 pos/s)
[r1] stream batch 20608/30880: 333,684,736/500,000,000 (34,181 pos/s)
[r0] stream batch 20784/30880: 336,534,528/500,000,000 (34,452 pos/s)
[r1] stream batch 20624/30880: 333,943,808/500,000,000 (34,181 pos/s)
[r0] stream batch 20800/30880: 336,793,600/500,000,000 (34,452 pos/s)
[r1] stream batch 20640/30880: 334,202,880/500,000,000 (34,182 pos/s)
[r0] stream batch 20816/30880: 337,052,672/500,000,000 (34,452 pos/s)
[r1] stream batch 20656/30880: 334,461,952/500,000,000 (34,183 pos/s)
[r0] stream batch 20832/30880: 337,311,744/500,000,000 (34,453 pos/s)
[r1] stream batch 20672/30880: 334,721,024/500,000,000 (34,184 pos/s)
[r0] stream batch 20848/30880: 337,570,816/500,000,000 (34,454 pos/s)
[r1] stream batch 20688/30880: 334,980,096/500,000,000 (34,185 pos/s)
[r0] stream batch 20864/30880: 337,829,888/500,000,000 (34,455 pos/s)
[r1] stream batch 20704/30880: 335,239,168/500,000,000 (34,185 pos/s)
[r0] stream batch 20880/30880: 338,088,960/500,000,000 (34,455 pos/s)
[r1] stream batch 20720/30880: 335,498,240/500,000,000 (34,186 pos/s)
[r0] stream batch 20896/30880: 338,348,032/500,000,000 (34,456 pos/s)
[r1] stream batch 20736/30880: 335,757,312/500,000,000 (34,186 pos/s)
[r0] stream batch 20912/30880: 338,607,104/500,000,000 (34,456 pos/s)
[r1] stream batch 20752/30880: 336,016,384/500,000,000 (34,186 pos/s)
[r0] stream batch 20928/30880: 338,866,176/500,000,000 (34,456 pos/s)
[r1] stream batch 20768/30880: 336,275,456/500,000,000 (34,187 pos/s)
[r0] stream batch 20944/30880: 339,125,248/500,000,000 (34,456 pos/s)
[r1] stream batch 20784/30880: 336,534,528/500,000,000 (34,187 pos/s)
[r0] stream batch 20960/30880: 339,384,320/500,000,000 (34,457 pos/s)
[r1] stream batch 20800/30880: 336,793,600/500,000,000 (34,188 pos/s)
[r0] stream batch 20976/30880: 339,643,392/500,000,000 (34,458 pos/s)
[r1] stream batch 20816/30880: 337,052,672/500,000,000 (34,188 pos/s)
[r0] stream batch 20992/30880: 339,902,464/500,000,000 (34,458 pos/s)
[r1] stream batch 20832/30880: 337,311,744/500,000,000 (34,188 pos/s)
[r0] stream batch 21008/30880: 340,161,536/500,000,000 (34,460 pos/s)
[r1] stream batch 20848/30880: 337,570,816/500,000,000 (34,189 pos/s)
[r0] stream batch 21024/30880: 340,420,608/500,000,000 (34,460 pos/s)
[r1] stream batch 20864/30880: 337,829,888/500,000,000 (34,190 pos/s)
[r0] stream batch 21040/30880: 340,679,680/500,000,000 (34,461 pos/s)
[r1] stream batch 20880/30880: 338,088,960/500,000,000 (34,190 pos/s)
[r0] stream batch 21056/30880: 340,938,752/500,000,000 (34,462 pos/s)
[r1] stream batch 20896/30880: 338,348,032/500,000,000 (34,190 pos/s)
[r0] stream batch 21072/30880: 341,197,824/500,000,000 (34,463 pos/s)
[r1] stream batch 20912/30880: 338,607,104/500,000,000 (34,191 pos/s)
[r0] stream batch 21088/30880: 341,456,896/500,000,000 (34,463 pos/s)
[r1] stream batch 20928/30880: 338,866,176/500,000,000 (34,191 pos/s)
[r0] stream batch 21104/30880: 341,715,968/500,000,000 (34,463 pos/s)
[r1] stream batch 20944/30880: 339,125,248/500,000,000 (34,192 pos/s)
[r0] stream batch 21120/30880: 341,975,040/500,000,000 (34,463 pos/s)
[r1] stream batch 20960/30880: 339,384,320/500,000,000 (34,192 pos/s)
[r0] stream batch 21136/30880: 342,234,112/500,000,000 (34,464 pos/s)
[r1] stream batch 20976/30880: 339,643,392/500,000,000 (34,193 pos/s)
[r0] stream batch 21152/30880: 342,493,184/500,000,000 (34,465 pos/s)
[r1] stream batch 20992/30880: 339,902,464/500,000,000 (34,194 pos/s)
[r0] stream batch 21168/30880: 342,752,256/500,000,000 (34,465 pos/s)
[r1] stream batch 21008/30880: 340,161,536/500,000,000 (34,195 pos/s)
[r0] stream batch 21184/30880: 343,011,328/500,000,000 (34,466 pos/s)
[r1] stream batch 21024/30880: 340,420,608/500,000,000 (34,195 pos/s)
[r0] stream batch 21200/30880: 343,270,400/500,000,000 (34,466 pos/s)
[r1] stream batch 21040/30880: 340,679,680/500,000,000 (34,196 pos/s)
[r0] stream batch 21216/30880: 343,529,472/500,000,000 (34,467 pos/s)
[r1] stream batch 21056/30880: 340,938,752/500,000,000 (34,198 pos/s)
[r0] stream batch 21232/30880: 343,788,544/500,000,000 (34,468 pos/s)
[r1] stream batch 21072/30880: 341,197,824/500,000,000 (34,198 pos/s)
[r0] stream batch 21248/30880: 344,047,616/500,000,000 (34,469 pos/s)
[r1] stream batch 21088/30880: 341,456,896/500,000,000 (34,199 pos/s)
[r0] stream batch 21264/30880: 344,306,688/500,000,000 (34,468 pos/s)
[r1] stream batch 21104/30880: 341,715,968/500,000,000 (34,199 pos/s)
[r0] stream batch 21280/30880: 344,565,760/500,000,000 (34,469 pos/s)
[r1] stream batch 21120/30880: 341,975,040/500,000,000 (34,200 pos/s)
[r0] stream batch 21296/30880: 344,824,832/500,000,000 (34,471 pos/s)
[r1] stream batch 21136/30880: 342,234,112/500,000,000 (34,200 pos/s)
[r0] stream batch 21312/30880: 345,083,904/500,000,000 (34,471 pos/s)
[r1] stream batch 21152/30880: 342,493,184/500,000,000 (34,201 pos/s)
[r0] stream batch 21328/30880: 345,342,976/500,000,000 (34,472 pos/s)
[r1] stream batch 21168/30880: 342,752,256/500,000,000 (34,201 pos/s)
[r0] stream batch 21344/30880: 345,602,048/500,000,000 (34,473 pos/s)
[r1] stream batch 21184/30880: 343,011,328/500,000,000 (34,202 pos/s)
[r0] stream batch 21360/30880: 345,861,120/500,000,000 (34,473 pos/s)
[r1] stream batch 21200/30880: 343,270,400/500,000,000 (34,202 pos/s)
[r0] stream batch 21376/30880: 346,120,192/500,000,000 (34,474 pos/s)
[r1] stream batch 21216/30880: 343,529,472/500,000,000 (34,204 pos/s)
[r0] stream batch 21392/30880: 346,379,264/500,000,000 (34,474 pos/s)
[r1] stream batch 21232/30880: 343,788,544/500,000,000 (34,204 pos/s)
[r0] stream batch 21408/30880: 346,638,336/500,000,000 (34,475 pos/s)
[r1] stream batch 21248/30880: 344,047,616/500,000,000 (34,204 pos/s)
[r0] stream batch 21424/30880: 346,897,408/500,000,000 (34,475 pos/s)
[r1] stream batch 21264/30880: 344,306,688/500,000,000 (34,205 pos/s)
[r0] stream batch 21440/30880: 347,156,480/500,000,000 (34,476 pos/s)
[r1] stream batch 21280/30880: 344,565,760/500,000,000 (34,205 pos/s)
[r0] stream batch 21456/30880: 347,415,552/500,000,000 (34,478 pos/s)
[r1] stream batch 21296/30880: 344,824,832/500,000,000 (34,207 pos/s)
[r0] stream batch 21472/30880: 347,674,624/500,000,000 (34,478 pos/s)
[r1] stream batch 21312/30880: 345,083,904/500,000,000 (34,208 pos/s)
[r0] stream batch 21488/30880: 347,933,696/500,000,000 (34,479 pos/s)
[r1] stream batch 21328/30880: 345,342,976/500,000,000 (34,208 pos/s)
[r0] stream batch 21504/30880: 348,192,768/500,000,000 (34,479 pos/s)
[r1] stream batch 21344/30880: 345,602,048/500,000,000 (34,209 pos/s)
[r0] stream batch 21520/30880: 348,451,840/500,000,000 (34,479 pos/s)
[r1] stream batch 21360/30880: 345,861,120/500,000,000 (34,210 pos/s)
[r0] stream batch 21536/30880: 348,710,912/500,000,000 (34,480 pos/s)
[r1] stream batch 21376/30880: 346,120,192/500,000,000 (34,211 pos/s)
[r0] stream batch 21552/30880: 348,969,984/500,000,000 (34,481 pos/s)
[r1] stream batch 21392/30880: 346,379,264/500,000,000 (34,212 pos/s)
[r0] stream batch 21568/30880: 349,229,056/500,000,000 (34,481 pos/s)
[r1] stream batch 21408/30880: 346,638,336/500,000,000 (34,213 pos/s)
[r0] stream batch 21584/30880: 349,488,128/500,000,000 (34,482 pos/s)
[r1] stream batch 21424/30880: 346,897,408/500,000,000 (34,213 pos/s)
[r0] stream batch 21600/30880: 349,747,200/500,000,000 (34,482 pos/s)
[r1] stream batch 21440/30880: 347,156,480/500,000,000 (34,214 pos/s)
[r0] stream batch 21616/30880: 350,006,272/500,000,000 (34,484 pos/s)
[r1] stream batch 21456/30880: 347,415,552/500,000,000 (34,216 pos/s)
[r0] stream batch 21632/30880: 350,265,344/500,000,000 (34,486 pos/s)
[r1] stream batch 21472/30880: 347,674,624/500,000,000 (34,216 pos/s)
[r0] stream batch 21648/30880: 350,524,416/500,000,000 (34,486 pos/s)
[r1] stream batch 21488/30880: 347,933,696/500,000,000 (34,217 pos/s)
[r0] stream batch 21664/30880: 350,783,488/500,000,000 (34,486 pos/s)
[r1] stream batch 21504/30880: 348,192,768/500,000,000 (34,218 pos/s)
[r0] stream batch 21680/30880: 351,042,560/500,000,000 (34,487 pos/s)
[r1] stream batch 21520/30880: 348,451,840/500,000,000 (34,219 pos/s)
[r0] stream batch 21696/30880: 351,301,632/500,000,000 (34,488 pos/s)
[r1] stream batch 21536/30880: 348,710,912/500,000,000 (34,220 pos/s)
[r0] stream batch 21712/30880: 351,560,704/500,000,000 (34,488 pos/s)
[r1] stream batch 21552/30880: 348,969,984/500,000,000 (34,220 pos/s)
[r0] stream batch 21728/30880: 351,819,776/500,000,000 (34,488 pos/s)
[r1] stream batch 21568/30880: 349,229,056/500,000,000 (34,221 pos/s)
[r0] stream batch 21744/30880: 352,078,848/500,000,000 (34,489 pos/s)
[r1] stream batch 21584/30880: 349,488,128/500,000,000 (34,221 pos/s)
[r0] stream batch 21760/30880: 352,337,920/500,000,000 (34,489 pos/s)
[r1] stream batch 21600/30880: 349,747,200/500,000,000 (34,222 pos/s)
[r0] stream batch 21776/30880: 352,596,992/500,000,000 (34,489 pos/s)
[r1] stream batch 21616/30880: 350,006,272/500,000,000 (34,223 pos/s)
[r0] stream batch 21792/30880: 352,856,064/500,000,000 (34,489 pos/s)
[r1] stream batch 21632/30880: 350,265,344/500,000,000 (34,224 pos/s)
[r0] stream batch 21808/30880: 353,115,136/500,000,000 (34,489 pos/s)
[r1] stream batch 21648/30880: 350,524,416/500,000,000 (34,224 pos/s)
[r0] stream batch 21824/30880: 353,374,208/500,000,000 (34,490 pos/s)
[r1] stream batch 21664/30880: 350,783,488/500,000,000 (34,225 pos/s)
[r0] stream batch 21840/30880: 353,633,280/500,000,000 (34,490 pos/s)
[r1] stream batch 21680/30880: 351,042,560/500,000,000 (34,225 pos/s)
[r0] stream batch 21856/30880: 353,892,352/500,000,000 (34,492 pos/s)
[r1] stream batch 21696/30880: 351,301,632/500,000,000 (34,226 pos/s)
[r0] stream batch 21872/30880: 354,151,424/500,000,000 (34,493 pos/s)
[r1] stream batch 21712/30880: 351,560,704/500,000,000 (34,226 pos/s)
[r0] stream batch 21888/30880: 354,410,496/500,000,000 (34,494 pos/s)
[r1] stream batch 21728/30880: 351,819,776/500,000,000 (34,227 pos/s)
[r0] stream batch 21904/30880: 354,669,568/500,000,000 (34,494 pos/s)
[r1] stream batch 21744/30880: 352,078,848/500,000,000 (34,228 pos/s)
[r0] stream batch 21920/30880: 354,928,640/500,000,000 (34,495 pos/s)
[r1] stream batch 21760/30880: 352,337,920/500,000,000 (34,228 pos/s)
[r0] stream batch 21936/30880: 355,187,712/500,000,000 (34,496 pos/s)
[r1] stream batch 21776/30880: 352,596,992/500,000,000 (34,228 pos/s)
[r0] stream batch 21952/30880: 355,446,784/500,000,000 (34,496 pos/s)
[r1] stream batch 21792/30880: 352,856,064/500,000,000 (34,228 pos/s)
[r0] stream batch 21968/30880: 355,705,856/500,000,000 (34,498 pos/s)
[r1] stream batch 21808/30880: 353,115,136/500,000,000 (34,229 pos/s)
[r0] stream batch 21984/30880: 355,964,928/500,000,000 (34,500 pos/s)
[r1] stream batch 21824/30880: 353,374,208/500,000,000 (34,230 pos/s)
[r0] stream batch 22000/30880: 356,224,000/500,000,000 (34,500 pos/s)
[r1] stream batch 21840/30880: 353,633,280/500,000,000 (34,230 pos/s)
[r0] stream batch 22016/30880: 356,483,072/500,000,000 (34,501 pos/s)
[r1] stream batch 21856/30880: 353,892,352/500,000,000 (34,232 pos/s)
[r0] stream batch 22032/30880: 356,742,144/500,000,000 (34,501 pos/s)
[r1] stream batch 21872/30880: 354,151,424/500,000,000 (34,234 pos/s)
[r0] stream batch 22048/30880: 357,001,216/500,000,000 (34,502 pos/s)
[r1] stream batch 21888/30880: 354,410,496/500,000,000 (34,235 pos/s)
[r0] stream batch 22064/30880: 357,260,288/500,000,000 (34,502 pos/s)
[r1] stream batch 21904/30880: 354,669,568/500,000,000 (34,236 pos/s)
[r0] stream batch 22080/30880: 357,519,360/500,000,000 (34,503 pos/s)
[r1] stream batch 21920/30880: 354,928,640/500,000,000 (34,236 pos/s)
[r0] stream batch 22096/30880: 357,778,432/500,000,000 (34,504 pos/s)
[r1] stream batch 21936/30880: 355,187,712/500,000,000 (34,237 pos/s)
[r0] stream batch 22112/30880: 358,037,504/500,000,000 (34,504 pos/s)
[r1] stream batch 21952/30880: 355,446,784/500,000,000 (34,238 pos/s)
[r0] stream batch 22128/30880: 358,296,576/500,000,000 (34,505 pos/s)
[r1] stream batch 21968/30880: 355,705,856/500,000,000 (34,240 pos/s)
[r0] stream batch 22144/30880: 358,555,648/500,000,000 (34,505 pos/s)
[r1] stream batch 21984/30880: 355,964,928/500,000,000 (34,241 pos/s)
[r0] stream batch 22160/30880: 358,814,720/500,000,000 (34,506 pos/s)
[r1] stream batch 22000/30880: 356,224,000/500,000,000 (34,241 pos/s)
[r0] stream batch 22176/30880: 359,073,792/500,000,000 (34,506 pos/s)
[r1] stream batch 22016/30880: 356,483,072/500,000,000 (34,242 pos/s)
[r0] stream batch 22192/30880: 359,332,864/500,000,000 (34,507 pos/s)
[r1] stream batch 22032/30880: 356,742,144/500,000,000 (34,242 pos/s)
[r0] stream batch 22208/30880: 359,591,936/500,000,000 (34,507 pos/s)
[r1] stream batch 22048/30880: 357,001,216/500,000,000 (34,245 pos/s)
[r0] stream batch 22224/30880: 359,851,008/500,000,000 (34,508 pos/s)
[r1] stream batch 22064/30880: 357,260,288/500,000,000 (34,245 pos/s)
[r0] stream batch 22240/30880: 360,110,080/500,000,000 (34,508 pos/s)
[r1] stream batch 22080/30880: 357,519,360/500,000,000 (34,246 pos/s)
[r0] stream batch 22256/30880: 360,369,152/500,000,000 (34,509 pos/s)
[r1] stream batch 22096/30880: 357,778,432/500,000,000 (34,247 pos/s)
[r0] stream batch 22272/30880: 360,628,224/500,000,000 (34,510 pos/s)
[r1] stream batch 22112/30880: 358,037,504/500,000,000 (34,248 pos/s)
[r0] stream batch 22288/30880: 360,887,296/500,000,000 (34,510 pos/s)
[r1] stream batch 22128/30880: 358,296,576/500,000,000 (34,249 pos/s)
[r0] stream batch 22304/30880: 361,146,368/500,000,000 (34,511 pos/s)
[r1] stream batch 22144/30880: 358,555,648/500,000,000 (34,249 pos/s)
[r0] stream batch 22320/30880: 361,405,440/500,000,000 (34,512 pos/s)
[r1] stream batch 22160/30880: 358,814,720/500,000,000 (34,250 pos/s)
[r0] stream batch 22336/30880: 361,664,512/500,000,000 (34,512 pos/s)
[r1] stream batch 22176/30880: 359,073,792/500,000,000 (34,250 pos/s)
[r0] stream batch 22352/30880: 361,923,584/500,000,000 (34,512 pos/s)
[r1] stream batch 22192/30880: 359,332,864/500,000,000 (34,251 pos/s)
[r0] stream batch 22368/30880: 362,182,656/500,000,000 (34,513 pos/s)
[r1] stream batch 22208/30880: 359,591,936/500,000,000 (34,251 pos/s)
[r0] stream batch 22384/30880: 362,441,728/500,000,000 (34,513 pos/s)
[r1] stream batch 22224/30880: 359,851,008/500,000,000 (34,252 pos/s)
[r0] stream batch 22400/30880: 362,700,800/500,000,000 (34,513 pos/s)
[r1] stream batch 22240/30880: 360,110,080/500,000,000 (34,252 pos/s)
[r0] stream batch 22416/30880: 362,959,872/500,000,000 (34,513 pos/s)
[r1] stream batch 22256/30880: 360,369,152/500,000,000 (34,253 pos/s)
[r0] stream batch 22432/30880: 363,218,944/500,000,000 (34,514 pos/s)
[r1] stream batch 22272/30880: 360,628,224/500,000,000 (34,253 pos/s)
[r0] stream batch 22448/30880: 363,478,016/500,000,000 (34,515 pos/s)
[r1] stream batch 22288/30880: 360,887,296/500,000,000 (34,254 pos/s)
[r0] stream batch 22464/30880: 363,737,088/500,000,000 (34,515 pos/s)
[r1] stream batch 22304/30880: 361,146,368/500,000,000 (34,255 pos/s)
[r0] stream batch 22480/30880: 363,996,160/500,000,000 (34,516 pos/s)
[r1] stream batch 22320/30880: 361,405,440/500,000,000 (34,256 pos/s)
[r0] stream batch 22496/30880: 364,255,232/500,000,000 (34,517 pos/s)
[r1] stream batch 22336/30880: 361,664,512/500,000,000 (34,256 pos/s)
[r0] stream batch 22512/30880: 364,514,304/500,000,000 (34,518 pos/s)
[r1] stream batch 22352/30880: 361,923,584/500,000,000 (34,256 pos/s)
[r0] stream batch 22528/30880: 364,773,376/500,000,000 (34,518 pos/s)
[r1] stream batch 22368/30880: 362,182,656/500,000,000 (34,258 pos/s)
[r0] stream batch 22544/30880: 365,032,448/500,000,000 (34,519 pos/s)
[r1] stream batch 22384/30880: 362,441,728/500,000,000 (34,257 pos/s)
[r0] stream batch 22560/30880: 365,291,520/500,000,000 (34,520 pos/s)
[r1] stream batch 22400/30880: 362,700,800/500,000,000 (34,257 pos/s)
[r0] stream batch 22576/30880: 365,550,592/500,000,000 (34,521 pos/s)
[r1] stream batch 22416/30880: 362,959,872/500,000,000 (34,258 pos/s)
[r0] stream batch 22592/30880: 365,809,664/500,000,000 (34,523 pos/s)
[r1] stream batch 22432/30880: 363,218,944/500,000,000 (34,259 pos/s)
[r0] stream batch 22608/30880: 366,068,736/500,000,000 (34,524 pos/s)
[r1] stream batch 22448/30880: 363,478,016/500,000,000 (34,260 pos/s)
[r0] stream batch 22624/30880: 366,327,808/500,000,000 (34,525 pos/s)
[r1] stream batch 22464/30880: 363,737,088/500,000,000 (34,261 pos/s)
[r0] stream batch 22640/30880: 366,586,880/500,000,000 (34,527 pos/s)
[r1] stream batch 22480/30880: 363,996,160/500,000,000 (34,262 pos/s)
[r0] stream batch 22656/30880: 366,845,952/500,000,000 (34,527 pos/s)
[r1] stream batch 22496/30880: 364,255,232/500,000,000 (34,263 pos/s)
[r0] stream batch 22672/30880: 367,105,024/500,000,000 (34,527 pos/s)
[r1] stream batch 22512/30880: 364,514,304/500,000,000 (34,263 pos/s)
[r0] stream batch 22688/30880: 367,364,096/500,000,000 (34,527 pos/s)
[r1] stream batch 22528/30880: 364,773,376/500,000,000 (34,264 pos/s)
[r0] stream batch 22704/30880: 367,623,168/500,000,000 (34,528 pos/s)
[r1] stream batch 22544/30880: 365,032,448/500,000,000 (34,265 pos/s)
[r0] stream batch 22720/30880: 367,882,240/500,000,000 (34,527 pos/s)
[r1] stream batch 22560/30880: 365,291,520/500,000,000 (34,267 pos/s)
[r0] stream batch 22736/30880: 368,141,312/500,000,000 (34,527 pos/s)
[r1] stream batch 22576/30880: 365,550,592/500,000,000 (34,268 pos/s)
[r0] stream batch 22752/30880: 368,400,384/500,000,000 (34,528 pos/s)
[r1] stream batch 22592/30880: 365,809,664/500,000,000 (34,270 pos/s)
[r0] stream batch 22768/30880: 368,659,456/500,000,000 (34,529 pos/s)
[r1] stream batch 22608/30880: 366,068,736/500,000,000 (34,271 pos/s)
[r0] stream batch 22784/30880: 368,918,528/500,000,000 (34,530 pos/s)
[r1] stream batch 22624/30880: 366,327,808/500,000,000 (34,272 pos/s)
[r0] stream batch 22800/30880: 369,177,600/500,000,000 (34,530 pos/s)
[r1] stream batch 22640/30880: 366,586,880/500,000,000 (34,274 pos/s)
[r0] stream batch 22816/30880: 369,436,672/500,000,000 (34,531 pos/s)
[r1] stream batch 22656/30880: 366,845,952/500,000,000 (34,275 pos/s)
[r0] stream batch 22832/30880: 369,695,744/500,000,000 (34,531 pos/s)
[r1] stream batch 22672/30880: 367,105,024/500,000,000 (34,275 pos/s)
[r0] stream batch 22848/30880: 369,954,816/500,000,000 (34,532 pos/s)
[r1] stream batch 22688/30880: 367,364,096/500,000,000 (34,276 pos/s)
[r0] stream batch 22864/30880: 370,213,888/500,000,000 (34,532 pos/s)
[r1] stream batch 22704/30880: 367,623,168/500,000,000 (34,277 pos/s)
[r0] stream batch 22880/30880: 370,472,960/500,000,000 (34,533 pos/s)
[r1] stream batch 22720/30880: 367,882,240/500,000,000 (34,277 pos/s)
[r0] stream batch 22896/30880: 370,732,032/500,000,000 (34,534 pos/s)
[r1] stream batch 22736/30880: 368,141,312/500,000,000 (34,277 pos/s)
[r0] stream batch 22912/30880: 370,991,104/500,000,000 (34,534 pos/s)
[r1] stream batch 22752/30880: 368,400,384/500,000,000 (34,278 pos/s)
[r0] stream batch 22928/30880: 371,250,176/500,000,000 (34,535 pos/s)
[r1] stream batch 22768/30880: 368,659,456/500,000,000 (34,279 pos/s)
[r0] stream batch 22944/30880: 371,509,248/500,000,000 (34,535 pos/s)
[r1] stream batch 22784/30880: 368,918,528/500,000,000 (34,280 pos/s)
[r0] stream batch 22960/30880: 371,768,320/500,000,000 (34,536 pos/s)
[r1] stream batch 22800/30880: 369,177,600/500,000,000 (34,281 pos/s)
[r0] stream batch 22976/30880: 372,027,392/500,000,000 (34,536 pos/s)
[r1] stream batch 22816/30880: 369,436,672/500,000,000 (34,282 pos/s)
[r0] stream batch 22992/30880: 372,286,464/500,000,000 (34,537 pos/s)
[r1] stream batch 22832/30880: 369,695,744/500,000,000 (34,282 pos/s)
[r0] stream batch 23008/30880: 372,545,536/500,000,000 (34,537 pos/s)
[r1] stream batch 22848/30880: 369,954,816/500,000,000 (34,283 pos/s)
[r0] stream batch 23024/30880: 372,804,608/500,000,000 (34,537 pos/s)
[r1] stream batch 22864/30880: 370,213,888/500,000,000 (34,283 pos/s)
[r0] stream batch 23040/30880: 373,063,680/500,000,000 (34,538 pos/s)
[r1] stream batch 22880/30880: 370,472,960/500,000,000 (34,284 pos/s)
[r0] stream batch 23056/30880: 373,322,752/500,000,000 (34,539 pos/s)
[r1] stream batch 22896/30880: 370,732,032/500,000,000 (34,285 pos/s)
[r0] stream batch 23072/30880: 373,581,824/500,000,000 (34,541 pos/s)
[r1] stream batch 22912/30880: 370,991,104/500,000,000 (34,286 pos/s)
[r0] stream batch 23088/30880: 373,840,896/500,000,000 (34,541 pos/s)
[r1] stream batch 22928/30880: 371,250,176/500,000,000 (34,287 pos/s)
[r0] stream batch 23104/30880: 374,099,968/500,000,000 (34,541 pos/s)
[r1] stream batch 22944/30880: 371,509,248/500,000,000 (34,286 pos/s)
[r0] stream batch 23120/30880: 374,359,040/500,000,000 (34,541 pos/s)
[r1] stream batch 22960/30880: 371,768,320/500,000,000 (34,287 pos/s)
[r0] stream batch 23136/30880: 374,618,112/500,000,000 (34,541 pos/s)
[r1] stream batch 22976/30880: 372,027,392/500,000,000 (34,287 pos/s)
[r0] stream batch 23152/30880: 374,877,184/500,000,000 (34,542 pos/s)
[r1] stream batch 22992/30880: 372,286,464/500,000,000 (34,288 pos/s)
[r0] stream batch 23168/30880: 375,136,256/500,000,000 (34,543 pos/s)
[r1] stream batch 23008/30880: 372,545,536/500,000,000 (34,288 pos/s)
[r0] stream batch 23184/30880: 375,395,328/500,000,000 (34,544 pos/s)
[r1] stream batch 23024/30880: 372,804,608/500,000,000 (34,289 pos/s)
[r0] stream batch 23200/30880: 375,654,400/500,000,000 (34,544 pos/s)
[r1] stream batch 23040/30880: 373,063,680/500,000,000 (34,289 pos/s)
[r0] stream batch 23216/30880: 375,913,472/500,000,000 (34,544 pos/s)
[r1] stream batch 23056/30880: 373,322,752/500,000,000 (34,290 pos/s)
[r0] stream batch 23232/30880: 376,172,544/500,000,000 (34,544 pos/s)
[r1] stream batch 23072/30880: 373,581,824/500,000,000 (34,292 pos/s)
[r0] stream batch 23248/30880: 376,431,616/500,000,000 (34,545 pos/s)
[r1] stream batch 23088/30880: 373,840,896/500,000,000 (34,292 pos/s)
[r0] stream batch 23264/30880: 376,690,688/500,000,000 (34,545 pos/s)
[r1] stream batch 23104/30880: 374,099,968/500,000,000 (34,292 pos/s)
[r0] stream batch 23280/30880: 376,949,760/500,000,000 (34,546 pos/s)
[r1] stream batch 23120/30880: 374,359,040/500,000,000 (34,293 pos/s)
[r0] stream batch 23296/30880: 377,208,832/500,000,000 (34,546 pos/s)
[r1] stream batch 23136/30880: 374,618,112/500,000,000 (34,293 pos/s)
[r0] stream batch 23312/30880: 377,467,904/500,000,000 (34,548 pos/s)
[r1] stream batch 23152/30880: 374,877,184/500,000,000 (34,294 pos/s)
[r0] stream batch 23328/30880: 377,726,976/500,000,000 (34,548 pos/s)
[r1] stream batch 23168/30880: 375,136,256/500,000,000 (34,295 pos/s)
[r0] stream batch 23344/30880: 377,986,048/500,000,000 (34,550 pos/s)
[r1] stream batch 23184/30880: 375,395,328/500,000,000 (34,295 pos/s)
[r0] stream batch 23360/30880: 378,245,120/500,000,000 (34,550 pos/s)
[r1] stream batch 23200/30880: 375,654,400/500,000,000 (34,295 pos/s)
[r0] stream batch 23376/30880: 378,504,192/500,000,000 (34,550 pos/s)
[r1] stream batch 23216/30880: 375,913,472/500,000,000 (34,296 pos/s)
[r0] stream batch 23392/30880: 378,763,264/500,000,000 (34,551 pos/s)
[r1] stream batch 23232/30880: 376,172,544/500,000,000 (34,296 pos/s)
[r0] stream batch 23408/30880: 379,022,336/500,000,000 (34,551 pos/s)
[r1] stream batch 23248/30880: 376,431,616/500,000,000 (34,296 pos/s)
[r0] stream batch 23424/30880: 379,281,408/500,000,000 (34,551 pos/s)
[r1] stream batch 23264/30880: 376,690,688/500,000,000 (34,296 pos/s)
[r0] stream batch 23440/30880: 379,540,480/500,000,000 (34,552 pos/s)
[r1] stream batch 23280/30880: 376,949,760/500,000,000 (34,296 pos/s)
[r0] stream batch 23456/30880: 379,799,552/500,000,000 (34,554 pos/s)
[r1] stream batch 23296/30880: 377,208,832/500,000,000 (34,297 pos/s)
[r0] stream batch 23472/30880: 380,058,624/500,000,000 (34,555 pos/s)
[r1] stream batch 23312/30880: 377,467,904/500,000,000 (34,299 pos/s)
[r0] stream batch 23488/30880: 380,317,696/500,000,000 (34,556 pos/s)
[r1] stream batch 23328/30880: 377,726,976/500,000,000 (34,300 pos/s)
[r0] stream batch 23504/30880: 380,576,768/500,000,000 (34,557 pos/s)
[r1] stream batch 23344/30880: 377,986,048/500,000,000 (34,301 pos/s)
[r0] stream batch 23520/30880: 380,835,840/500,000,000 (34,557 pos/s)
[r1] stream batch 23360/30880: 378,245,120/500,000,000 (34,301 pos/s)
[r0] stream batch 23536/30880: 381,094,912/500,000,000 (34,558 pos/s)
[r1] stream batch 23376/30880: 378,504,192/500,000,000 (34,301 pos/s)
[r0] stream batch 23552/30880: 381,353,984/500,000,000 (34,558 pos/s)
[r1] stream batch 23392/30880: 378,763,264/500,000,000 (34,302 pos/s)
[r0] stream batch 23568/30880: 381,613,056/500,000,000 (34,558 pos/s)
[r1] stream batch 23408/30880: 379,022,336/500,000,000 (34,302 pos/s)
[r0] stream batch 23584/30880: 381,872,128/500,000,000 (34,559 pos/s)
[r1] stream batch 23424/30880: 379,281,408/500,000,000 (34,302 pos/s)
[r0] stream batch 23600/30880: 382,131,200/500,000,000 (34,560 pos/s)
[r1] stream batch 23440/30880: 379,540,480/500,000,000 (34,303 pos/s)
[r0] stream batch 23616/30880: 382,390,272/500,000,000 (34,560 pos/s)
[r1] stream batch 23456/30880: 379,799,552/500,000,000 (34,304 pos/s)
[r0] stream batch 23632/30880: 382,649,344/500,000,000 (34,561 pos/s)
[r1] stream batch 23472/30880: 380,058,624/500,000,000 (34,305 pos/s)
[r0] stream batch 23648/30880: 382,908,416/500,000,000 (34,561 pos/s)
[r1] stream batch 23488/30880: 380,317,696/500,000,000 (34,306 pos/s)
[r0] stream batch 23664/30880: 383,167,488/500,000,000 (34,561 pos/s)
[r1] stream batch 23504/30880: 380,576,768/500,000,000 (34,306 pos/s)
[r0] stream batch 23680/30880: 383,426,560/500,000,000 (34,562 pos/s)
[r1] stream batch 23520/30880: 380,835,840/500,000,000 (34,306 pos/s)
[r0] stream batch 23696/30880: 383,685,632/500,000,000 (34,563 pos/s)
[r1] stream batch 23536/30880: 381,094,912/500,000,000 (34,307 pos/s)
[r0] stream batch 23712/30880: 383,944,704/500,000,000 (34,563 pos/s)
[r1] stream batch 23552/30880: 381,353,984/500,000,000 (34,308 pos/s)
[r0] stream batch 23728/30880: 384,203,776/500,000,000 (34,563 pos/s)
[r1] stream batch 23568/30880: 381,613,056/500,000,000 (34,308 pos/s)
[r0] stream batch 23744/30880: 384,462,848/500,000,000 (34,563 pos/s)
[r1] stream batch 23584/30880: 381,872,128/500,000,000 (34,309 pos/s)
[r0] stream batch 23760/30880: 384,721,920/500,000,000 (34,564 pos/s)
[r1] stream batch 23600/30880: 382,131,200/500,000,000 (34,310 pos/s)
[r0] stream batch 23776/30880: 384,980,992/500,000,000 (34,564 pos/s)
[r1] stream batch 23616/30880: 382,390,272/500,000,000 (34,311 pos/s)
[r0] stream batch 23792/30880: 385,240,064/500,000,000 (34,564 pos/s)
[r1] stream batch 23632/30880: 382,649,344/500,000,000 (34,312 pos/s)
[r0] stream batch 23808/30880: 385,499,136/500,000,000 (34,565 pos/s)
[r1] stream batch 23648/30880: 382,908,416/500,000,000 (34,312 pos/s)
[r0] stream batch 23824/30880: 385,758,208/500,000,000 (34,565 pos/s)
[r1] stream batch 23664/30880: 383,167,488/500,000,000 (34,312 pos/s)
[r0] stream batch 23840/30880: 386,017,280/500,000,000 (34,565 pos/s)
[r1] stream batch 23680/30880: 383,426,560/500,000,000 (34,314 pos/s)
[r0] stream batch 23856/30880: 386,276,352/500,000,000 (34,566 pos/s)
[r1] stream batch 23696/30880: 383,685,632/500,000,000 (34,314 pos/s)
[r0] stream batch 23872/30880: 386,535,424/500,000,000 (34,566 pos/s)
[r1] stream batch 23712/30880: 383,944,704/500,000,000 (34,315 pos/s)
[r0] stream batch 23888/30880: 386,794,496/500,000,000 (34,567 pos/s)
[r1] stream batch 23728/30880: 384,203,776/500,000,000 (34,316 pos/s)
[r0] stream batch 23904/30880: 387,053,568/500,000,000 (34,567 pos/s)
[r1] stream batch 23744/30880: 384,462,848/500,000,000 (34,317 pos/s)
[r0] stream batch 23920/30880: 387,312,640/500,000,000 (34,568 pos/s)
[r1] stream batch 23760/30880: 384,721,920/500,000,000 (34,317 pos/s)
[r0] stream batch 23936/30880: 387,571,712/500,000,000 (34,568 pos/s)
[r1] stream batch 23776/30880: 384,980,992/500,000,000 (34,317 pos/s)
[r0] stream batch 23952/30880: 387,830,784/500,000,000 (34,569 pos/s)
[r1] stream batch 23792/30880: 385,240,064/500,000,000 (34,317 pos/s)
[r0] stream batch 23968/30880: 388,089,856/500,000,000 (34,570 pos/s)
[r1] stream batch 23808/30880: 385,499,136/500,000,000 (34,317 pos/s)
[r0] stream batch 23984/30880: 388,348,928/500,000,000 (34,570 pos/s)
[r1] stream batch 23824/30880: 385,758,208/500,000,000 (34,318 pos/s)
[r0] stream batch 24000/30880: 388,608,000/500,000,000 (34,571 pos/s)
[r1] stream batch 23840/30880: 386,017,280/500,000,000 (34,318 pos/s)
[r0] stream batch 24016/30880: 388,867,072/500,000,000 (34,571 pos/s)
[r1] stream batch 23856/30880: 386,276,352/500,000,000 (34,319 pos/s)
[r0] stream batch 24032/30880: 389,126,144/500,000,000 (34,572 pos/s)
[r1] stream batch 23872/30880: 386,535,424/500,000,000 (34,319 pos/s)
[r0] stream batch 24048/30880: 389,385,216/500,000,000 (34,573 pos/s)
[r1] stream batch 23888/30880: 386,794,496/500,000,000 (34,320 pos/s)
[r0] stream batch 24064/30880: 389,644,288/500,000,000 (34,574 pos/s)
[r1] stream batch 23904/30880: 387,053,568/500,000,000 (34,320 pos/s)
[r0] stream batch 24080/30880: 389,903,360/500,000,000 (34,574 pos/s)
[r1] stream batch 23920/30880: 387,312,640/500,000,000 (34,321 pos/s)
[r0] stream batch 24096/30880: 390,162,432/500,000,000 (34,575 pos/s)
[r0] stream batch 24112/30880: 390,421,504/500,000,000 (34,576 pos/s)
[r1] stream batch 23936/30880: 387,571,712/500,000,000 (34,321 pos/s)
[r0] stream batch 24128/30880: 390,680,576/500,000,000 (34,576 pos/s)
[r1] stream batch 23952/30880: 387,830,784/500,000,000 (34,322 pos/s)
[r0] stream batch 24144/30880: 390,939,648/500,000,000 (34,577 pos/s)
[r1] stream batch 23968/30880: 388,089,856/500,000,000 (34,322 pos/s)
[r0] stream batch 24160/30880: 391,198,720/500,000,000 (34,577 pos/s)
[r1] stream batch 23984/30880: 388,348,928/500,000,000 (34,323 pos/s)
[r0] stream batch 24176/30880: 391,457,792/500,000,000 (34,578 pos/s)
[r1] stream batch 24000/30880: 388,608,000/500,000,000 (34,324 pos/s)
[r0] stream batch 24192/30880: 391,716,864/500,000,000 (34,578 pos/s)
[r1] stream batch 24016/30880: 388,867,072/500,000,000 (34,324 pos/s)
[r0] stream batch 24208/30880: 391,975,936/500,000,000 (34,579 pos/s)
[r1] stream batch 24032/30880: 389,126,144/500,000,000 (34,324 pos/s)
[r0] stream batch 24224/30880: 392,235,008/500,000,000 (34,579 pos/s)
[r1] stream batch 24048/30880: 389,385,216/500,000,000 (34,326 pos/s)
[r0] stream batch 24240/30880: 392,494,080/500,000,000 (34,579 pos/s)
[r1] stream batch 24064/30880: 389,644,288/500,000,000 (34,326 pos/s)
[r1] stream batch 24080/30880: 389,903,360/500,000,000 (34,327 pos/s)
[r0] stream batch 24256/30880: 392,753,152/500,000,000 (34,580 pos/s)
[r0] stream batch 24272/30880: 393,012,224/500,000,000 (34,580 pos/s)
[r1] stream batch 24096/30880: 390,162,432/500,000,000 (34,327 pos/s)
[r0] stream batch 24288/30880: 393,271,296/500,000,000 (34,581 pos/s)
[r1] stream batch 24112/30880: 390,421,504/500,000,000 (34,328 pos/s)
[r0] stream batch 24304/30880: 393,530,368/500,000,000 (34,581 pos/s)
[r1] stream batch 24128/30880: 390,680,576/500,000,000 (34,329 pos/s)
[r0] stream batch 24320/30880: 393,789,440/500,000,000 (34,583 pos/s)
[r1] stream batch 24144/30880: 390,939,648/500,000,000 (34,329 pos/s)
[r0] stream batch 24336/30880: 394,048,512/500,000,000 (34,583 pos/s)
[r1] stream batch 24160/30880: 391,198,720/500,000,000 (34,329 pos/s)
[r0] stream batch 24352/30880: 394,307,584/500,000,000 (34,585 pos/s)
[r1] stream batch 24176/30880: 391,457,792/500,000,000 (34,330 pos/s)
[r0] stream batch 24368/30880: 394,566,656/500,000,000 (34,585 pos/s)
[r1] stream batch 24192/30880: 391,716,864/500,000,000 (34,330 pos/s)
[r0] stream batch 24384/30880: 394,825,728/500,000,000 (34,586 pos/s)
[r1] stream batch 24208/30880: 391,975,936/500,000,000 (34,330 pos/s)
[r0] stream batch 24400/30880: 395,084,800/500,000,000 (34,588 pos/s)
[r1] stream batch 24224/30880: 392,235,008/500,000,000 (34,331 pos/s)
[r0] stream batch 24416/30880: 395,343,872/500,000,000 (34,588 pos/s)
[r1] stream batch 24240/30880: 392,494,080/500,000,000 (34,332 pos/s)
[r0] stream batch 24432/30880: 395,602,944/500,000,000 (34,589 pos/s)
[r1] stream batch 24256/30880: 392,753,152/500,000,000 (34,333 pos/s)
[r0] stream batch 24448/30880: 395,862,016/500,000,000 (34,589 pos/s)
[r1] stream batch 24272/30880: 393,012,224/500,000,000 (34,333 pos/s)
[r0] stream batch 24464/30880: 396,121,088/500,000,000 (34,590 pos/s)
[r1] stream batch 24288/30880: 393,271,296/500,000,000 (34,334 pos/s)
[r0] stream batch 24480/30880: 396,380,160/500,000,000 (34,591 pos/s)
[r1] stream batch 24304/30880: 393,530,368/500,000,000 (34,334 pos/s)
[r0] stream batch 24496/30880: 396,639,232/500,000,000 (34,592 pos/s)
[r1] stream batch 24320/30880: 393,789,440/500,000,000 (34,336 pos/s)
[r0] stream batch 24512/30880: 396,898,304/500,000,000 (34,592 pos/s)
[r1] stream batch 24336/30880: 394,048,512/500,000,000 (34,337 pos/s)
[r0] stream batch 24528/30880: 397,157,376/500,000,000 (34,593 pos/s)
[r1] stream batch 24352/30880: 394,307,584/500,000,000 (34,338 pos/s)
[r0] stream batch 24544/30880: 397,416,448/500,000,000 (34,593 pos/s)
[r1] stream batch 24368/30880: 394,566,656/500,000,000 (34,338 pos/s)
[r0] stream batch 24560/30880: 397,675,520/500,000,000 (34,593 pos/s)
[r1] stream batch 24384/30880: 394,825,728/500,000,000 (34,339 pos/s)
[r0] stream batch 24576/30880: 397,934,592/500,000,000 (34,594 pos/s)
[r1] stream batch 24400/30880: 395,084,800/500,000,000 (34,341 pos/s)
[r0] stream batch 24592/30880: 398,193,664/500,000,000 (34,594 pos/s)
[r1] stream batch 24416/30880: 395,343,872/500,000,000 (34,342 pos/s)
[r0] stream batch 24608/30880: 398,452,736/500,000,000 (34,595 pos/s)
[r1] stream batch 24432/30880: 395,602,944/500,000,000 (34,342 pos/s)
[r0] stream batch 24624/30880: 398,711,808/500,000,000 (34,596 pos/s)
[r1] stream batch 24448/30880: 395,862,016/500,000,000 (34,343 pos/s)
[r0] stream batch 24640/30880: 398,970,880/500,000,000 (34,596 pos/s)
[r1] stream batch 24464/30880: 396,121,088/500,000,000 (34,344 pos/s)
[r0] stream batch 24656/30880: 399,229,952/500,000,000 (34,596 pos/s)
[r1] stream batch 24480/30880: 396,380,160/500,000,000 (34,344 pos/s)
[r0] stream batch 24672/30880: 399,489,024/500,000,000 (34,597 pos/s)
[r1] stream batch 24496/30880: 396,639,232/500,000,000 (34,346 pos/s)
[r0] stream batch 24688/30880: 399,748,096/500,000,000 (34,597 pos/s)
[r1] stream batch 24512/30880: 396,898,304/500,000,000 (34,346 pos/s)
[r0] stream batch 24704/30880: 400,007,168/500,000,000 (34,597 pos/s)
[r1] stream batch 24528/30880: 397,157,376/500,000,000 (34,347 pos/s)
[r0] stream batch 24720/30880: 400,266,240/500,000,000 (34,598 pos/s)
[r1] stream batch 24544/30880: 397,416,448/500,000,000 (34,347 pos/s)
[r0] stream batch 24736/30880: 400,525,312/500,000,000 (34,598 pos/s)
[r1] stream batch 24560/30880: 397,675,520/500,000,000 (34,347 pos/s)
[r0] stream batch 24752/30880: 400,784,384/500,000,000 (34,599 pos/s)
[r1] stream batch 24576/30880: 397,934,592/500,000,000 (34,348 pos/s)
[r0] stream batch 24768/30880: 401,043,456/500,000,000 (34,599 pos/s)
[r1] stream batch 24592/30880: 398,193,664/500,000,000 (34,348 pos/s)
[r0] stream batch 24784/30880: 401,302,528/500,000,000 (34,600 pos/s)
[r1] stream batch 24608/30880: 398,452,736/500,000,000 (34,350 pos/s)
[r0] stream batch 24800/30880: 401,561,600/500,000,000 (34,602 pos/s)
[r1] stream batch 24624/30880: 398,711,808/500,000,000 (34,350 pos/s)
[r0] stream batch 24816/30880: 401,820,672/500,000,000 (34,602 pos/s)
[r1] stream batch 24640/30880: 398,970,880/500,000,000 (34,351 pos/s)
[r0] stream batch 24832/30880: 402,079,744/500,000,000 (34,603 pos/s)
[r1] stream batch 24656/30880: 399,229,952/500,000,000 (34,351 pos/s)
[r0] stream batch 24848/30880: 402,338,816/500,000,000 (34,604 pos/s)
[r1] stream batch 24672/30880: 399,489,024/500,000,000 (34,352 pos/s)
[r0] stream batch 24864/30880: 402,597,888/500,000,000 (34,603 pos/s)
[r1] stream batch 24688/30880: 399,748,096/500,000,000 (34,352 pos/s)
[r0] stream batch 24880/30880: 402,856,960/500,000,000 (34,604 pos/s)
[r1] stream batch 24704/30880: 400,007,168/500,000,000 (34,353 pos/s)
[r0] stream batch 24896/30880: 403,116,032/500,000,000 (34,604 pos/s)
[r1] stream batch 24720/30880: 400,266,240/500,000,000 (34,353 pos/s)
[r0] stream batch 24912/30880: 403,375,104/500,000,000 (34,604 pos/s)
[r1] stream batch 24736/30880: 400,525,312/500,000,000 (34,354 pos/s)
[r0] stream batch 24928/30880: 403,634,176/500,000,000 (34,604 pos/s)
[r1] stream batch 24752/30880: 400,784,384/500,000,000 (34,354 pos/s)
[r0] stream batch 24944/30880: 403,893,248/500,000,000 (34,605 pos/s)
[r1] stream batch 24768/30880: 401,043,456/500,000,000 (34,354 pos/s)
[r0] stream batch 24960/30880: 404,152,320/500,000,000 (34,605 pos/s)
[r1] stream batch 24784/30880: 401,302,528/500,000,000 (34,355 pos/s)
[r0] stream batch 24976/30880: 404,411,392/500,000,000 (34,605 pos/s)
[r1] stream batch 24800/30880: 401,561,600/500,000,000 (34,357 pos/s)
[r0] stream batch 24992/30880: 404,670,464/500,000,000 (34,605 pos/s)
[r1] stream batch 24816/30880: 401,820,672/500,000,000 (34,358 pos/s)
[r0] stream batch 25008/30880: 404,929,536/500,000,000 (34,605 pos/s)
[r1] stream batch 24832/30880: 402,079,744/500,000,000 (34,358 pos/s)
[r0] stream batch 25024/30880: 405,188,608/500,000,000 (34,606 pos/s)
[r1] stream batch 24848/30880: 402,338,816/500,000,000 (34,359 pos/s)
[r0] stream batch 25040/30880: 405,447,680/500,000,000 (34,606 pos/s)
[r1] stream batch 24864/30880: 402,597,888/500,000,000 (34,359 pos/s)
[r0] stream batch 25056/30880: 405,706,752/500,000,000 (34,606 pos/s)
[r1] stream batch 24880/30880: 402,856,960/500,000,000 (34,360 pos/s)
[r0] stream batch 25072/30880: 405,965,824/500,000,000 (34,607 pos/s)
[r1] stream batch 24896/30880: 403,116,032/500,000,000 (34,361 pos/s)
[r0] stream batch 25088/30880: 406,224,896/500,000,000 (34,608 pos/s)
[r1] stream batch 24912/30880: 403,375,104/500,000,000 (34,361 pos/s)
[r0] stream batch 25104/30880: 406,483,968/500,000,000 (34,608 pos/s)
[r1] stream batch 24928/30880: 403,634,176/500,000,000 (34,362 pos/s)
[r0] stream batch 25120/30880: 406,743,040/500,000,000 (34,609 pos/s)
[r1] stream batch 24944/30880: 403,893,248/500,000,000 (34,362 pos/s)
[r0] stream batch 25136/30880: 407,002,112/500,000,000 (34,610 pos/s)
[r1] stream batch 24960/30880: 404,152,320/500,000,000 (34,363 pos/s)
[r0] stream batch 25152/30880: 407,261,184/500,000,000 (34,611 pos/s)
[r1] stream batch 24976/30880: 404,411,392/500,000,000 (34,363 pos/s)
[r0] stream batch 25168/30880: 407,520,256/500,000,000 (34,611 pos/s)
[r1] stream batch 24992/30880: 404,670,464/500,000,000 (34,364 pos/s)
[r0] stream batch 25184/30880: 407,779,328/500,000,000 (34,612 pos/s)
[r1] stream batch 25008/30880: 404,929,536/500,000,000 (34,364 pos/s)
[r0] stream batch 25200/30880: 408,038,400/500,000,000 (34,612 pos/s)
[r1] stream batch 25024/30880: 405,188,608/500,000,000 (34,364 pos/s)
[r0] stream batch 25216/30880: 408,297,472/500,000,000 (34,613 pos/s)
[r1] stream batch 25040/30880: 405,447,680/500,000,000 (34,365 pos/s)
[r0] stream batch 25232/30880: 408,556,544/500,000,000 (34,613 pos/s)
[r1] stream batch 25056/30880: 405,706,752/500,000,000 (34,365 pos/s)
[r0] stream batch 25248/30880: 408,815,616/500,000,000 (34,614 pos/s)
[r1] stream batch 25072/30880: 405,965,824/500,000,000 (34,366 pos/s)
[r0] stream batch 25264/30880: 409,074,688/500,000,000 (34,614 pos/s)
[r1] stream batch 25088/30880: 406,224,896/500,000,000 (34,366 pos/s)
[r0] stream batch 25280/30880: 409,333,760/500,000,000 (34,614 pos/s)
[r1] stream batch 25104/30880: 406,483,968/500,000,000 (34,366 pos/s)
[r0] stream batch 25296/30880: 409,592,832/500,000,000 (34,615 pos/s)
[r1] stream batch 25120/30880: 406,743,040/500,000,000 (34,367 pos/s)
[r0] stream batch 25312/30880: 409,851,904/500,000,000 (34,615 pos/s)
[r1] stream batch 25136/30880: 407,002,112/500,000,000 (34,368 pos/s)
[r0] stream batch 25328/30880: 410,110,976/500,000,000 (34,614 pos/s)
[r1] stream batch 25152/30880: 407,261,184/500,000,000 (34,369 pos/s)
[r0] stream batch 25344/30880: 410,370,048/500,000,000 (34,614 pos/s)
[r1] stream batch 25168/30880: 407,520,256/500,000,000 (34,370 pos/s)
[r0] stream batch 25360/30880: 410,629,120/500,000,000 (34,615 pos/s)
[r1] stream batch 25184/30880: 407,779,328/500,000,000 (34,370 pos/s)
[r0] stream batch 25376/30880: 410,888,192/500,000,000 (34,615 pos/s)
[r1] stream batch 25200/30880: 408,038,400/500,000,000 (34,370 pos/s)
[r0] stream batch 25392/30880: 411,147,264/500,000,000 (34,616 pos/s)
[r1] stream batch 25216/30880: 408,297,472/500,000,000 (34,370 pos/s)
[r0] stream batch 25408/30880: 411,406,336/500,000,000 (34,619 pos/s)
[r1] stream batch 25232/30880: 408,556,544/500,000,000 (34,371 pos/s)
[r0] stream batch 25424/30880: 411,665,408/500,000,000 (34,621 pos/s)
[r1] stream batch 25248/30880: 408,815,616/500,000,000 (34,372 pos/s)
[r0] stream batch 25440/30880: 411,924,480/500,000,000 (34,622 pos/s)
[r1] stream batch 25264/30880: 409,074,688/500,000,000 (34,372 pos/s)
[r0] stream batch 25456/30880: 412,183,552/500,000,000 (34,622 pos/s)
[r1] stream batch 25280/30880: 409,333,760/500,000,000 (34,373 pos/s)
[r0] stream batch 25472/30880: 412,442,624/500,000,000 (34,623 pos/s)
[r1] stream batch 25296/30880: 409,592,832/500,000,000 (34,373 pos/s)
[r0] stream batch 25488/30880: 412,701,696/500,000,000 (34,623 pos/s)
[r1] stream batch 25312/30880: 409,851,904/500,000,000 (34,374 pos/s)
[r0] stream batch 25504/30880: 412,960,768/500,000,000 (34,623 pos/s)
[r1] stream batch 25328/30880: 410,110,976/500,000,000 (34,374 pos/s)
[r0] stream batch 25520/30880: 413,219,840/500,000,000 (34,625 pos/s)
[r1] stream batch 25344/30880: 410,370,048/500,000,000 (34,374 pos/s)
[r0] stream batch 25536/30880: 413,478,912/500,000,000 (34,625 pos/s)
[r1] stream batch 25360/30880: 410,629,120/500,000,000 (34,375 pos/s)
[r0] stream batch 25552/30880: 413,737,984/500,000,000 (34,629 pos/s)
[r1] stream batch 25376/30880: 410,888,192/500,000,000 (34,375 pos/s)
[r0] stream batch 25568/30880: 413,997,056/500,000,000 (34,633 pos/s)
[r0] stream batch 25584/30880: 414,256,128/500,000,000 (34,637 pos/s)
[r1] stream batch 25392/30880: 411,147,264/500,000,000 (34,375 pos/s)
[r0] stream batch 25600/30880: 414,515,200/500,000,000 (34,640 pos/s)
[r1] stream batch 25408/30880: 411,406,336/500,000,000 (34,378 pos/s)
[r1] stream batch 25424/30880: 411,665,408/500,000,000 (34,380 pos/s)
[r0] stream batch 25616/30880: 414,774,272/500,000,000 (34,640 pos/s)
[r1] stream batch 25440/30880: 411,924,480/500,000,000 (34,381 pos/s)
[r0] stream batch 25632/30880: 415,033,344/500,000,000 (34,640 pos/s)
[r1] stream batch 25456/30880: 412,183,552/500,000,000 (34,381 pos/s)
[r0] stream batch 25648/30880: 415,292,416/500,000,000 (34,640 pos/s)
[r1] stream batch 25472/30880: 412,442,624/500,000,000 (34,382 pos/s)
[r0] stream batch 25664/30880: 415,551,488/500,000,000 (34,640 pos/s)
[r1] stream batch 25488/30880: 412,701,696/500,000,000 (34,382 pos/s)
[r0] stream batch 25680/30880: 415,810,560/500,000,000 (34,641 pos/s)
[r1] stream batch 25504/30880: 412,960,768/500,000,000 (34,382 pos/s)
[r0] stream batch 25696/30880: 416,069,632/500,000,000 (34,642 pos/s)
[r1] stream batch 25520/30880: 413,219,840/500,000,000 (34,383 pos/s)
[r0] stream batch 25712/30880: 416,328,704/500,000,000 (34,642 pos/s)
[r1] stream batch 25536/30880: 413,478,912/500,000,000 (34,384 pos/s)
[r0] stream batch 25728/30880: 416,587,776/500,000,000 (34,643 pos/s)
[r1] stream batch 25552/30880: 413,737,984/500,000,000 (34,387 pos/s)
[r0] stream batch 25744/30880: 416,846,848/500,000,000 (34,643 pos/s)
[r1] stream batch 25568/30880: 413,997,056/500,000,000 (34,392 pos/s)
[r0] stream batch 25760/30880: 417,105,920/500,000,000 (34,643 pos/s)
[r1] stream batch 25584/30880: 414,256,128/500,000,000 (34,396 pos/s)
[r0] stream batch 25776/30880: 417,364,992/500,000,000 (34,643 pos/s)
[r1] stream batch 25600/30880: 414,515,200/500,000,000 (34,399 pos/s)
[r0] stream batch 25792/30880: 417,624,064/500,000,000 (34,644 pos/s)
[r1] stream batch 25616/30880: 414,774,272/500,000,000 (34,400 pos/s)
[r0] stream batch 25808/30880: 417,883,136/500,000,000 (34,644 pos/s)
[r1] stream batch 25632/30880: 415,033,344/500,000,000 (34,400 pos/s)
[r0] stream batch 25824/30880: 418,142,208/500,000,000 (34,645 pos/s)
[r1] stream batch 25648/30880: 415,292,416/500,000,000 (34,400 pos/s)
[r0] stream batch 25840/30880: 418,401,280/500,000,000 (34,645 pos/s)
[r1] stream batch 25664/30880: 415,551,488/500,000,000 (34,401 pos/s)
[r0] stream batch 25856/30880: 418,660,352/500,000,000 (34,647 pos/s)
[r1] stream batch 25680/30880: 415,810,560/500,000,000 (34,401 pos/s)
[r0] stream batch 25872/30880: 418,919,424/500,000,000 (34,647 pos/s)
[r1] stream batch 25696/30880: 416,069,632/500,000,000 (34,402 pos/s)
[r0] stream batch 25888/30880: 419,178,496/500,000,000 (34,647 pos/s)
[r1] stream batch 25712/30880: 416,328,704/500,000,000 (34,402 pos/s)
[r0] stream batch 25904/30880: 419,437,568/500,000,000 (34,648 pos/s)
[r1] stream batch 25728/30880: 416,587,776/500,000,000 (34,403 pos/s)
[r0] stream batch 25920/30880: 419,696,640/500,000,000 (34,648 pos/s)
[r1] stream batch 25744/30880: 416,846,848/500,000,000 (34,403 pos/s)
[r0] stream batch 25936/30880: 419,955,712/500,000,000 (34,648 pos/s)
[r1] stream batch 25760/30880: 417,105,920/500,000,000 (34,403 pos/s)
[r0] stream batch 25952/30880: 420,214,784/500,000,000 (34,648 pos/s)
[r1] stream batch 25776/30880: 417,364,992/500,000,000 (34,402 pos/s)
[r0] stream batch 25968/30880: 420,473,856/500,000,000 (34,648 pos/s)
[r1] stream batch 25792/30880: 417,624,064/500,000,000 (34,403 pos/s)
[r0] stream batch 25984/30880: 420,732,928/500,000,000 (34,649 pos/s)
[r1] stream batch 25808/30880: 417,883,136/500,000,000 (34,404 pos/s)
[r0] stream batch 26000/30880: 420,992,000/500,000,000 (34,649 pos/s)
[r1] stream batch 25824/30880: 418,142,208/500,000,000 (34,403 pos/s)
[r0] stream batch 26016/30880: 421,251,072/500,000,000 (34,651 pos/s)
[r1] stream batch 25840/30880: 418,401,280/500,000,000 (34,404 pos/s)
[r0] stream batch 26032/30880: 421,510,144/500,000,000 (34,651 pos/s)
[r1] stream batch 25856/30880: 418,660,352/500,000,000 (34,406 pos/s)
[r0] stream batch 26048/30880: 421,769,216/500,000,000 (34,651 pos/s)
[r1] stream batch 25872/30880: 418,919,424/500,000,000 (34,407 pos/s)
[r0] stream batch 26064/30880: 422,028,288/500,000,000 (34,652 pos/s)
[r1] stream batch 25888/30880: 419,178,496/500,000,000 (34,407 pos/s)
[r0] stream batch 26080/30880: 422,287,360/500,000,000 (34,652 pos/s)
[r1] stream batch 25904/30880: 419,437,568/500,000,000 (34,408 pos/s)
[r0] stream batch 26096/30880: 422,546,432/500,000,000 (34,652 pos/s)
[r1] stream batch 25920/30880: 419,696,640/500,000,000 (34,408 pos/s)
[r0] stream batch 26112/30880: 422,805,504/500,000,000 (34,651 pos/s)
[r1] stream batch 25936/30880: 419,955,712/500,000,000 (34,409 pos/s)
[r0] stream batch 26128/30880: 423,064,576/500,000,000 (34,651 pos/s)
[r1] stream batch 25952/30880: 420,214,784/500,000,000 (34,410 pos/s)
[r0] stream batch 26144/30880: 423,323,648/500,000,000 (34,652 pos/s)
[r1] stream batch 25968/30880: 420,473,856/500,000,000 (34,410 pos/s)
[r0] stream batch 26160/30880: 423,582,720/500,000,000 (34,653 pos/s)
[r1] stream batch 25984/30880: 420,732,928/500,000,000 (34,410 pos/s)
[r0] stream batch 26176/30880: 423,841,792/500,000,000 (34,654 pos/s)
[r1] stream batch 26000/30880: 420,992,000/500,000,000 (34,412 pos/s)
[r0] stream batch 26192/30880: 424,100,864/500,000,000 (34,654 pos/s)
[r1] stream batch 26016/30880: 421,251,072/500,000,000 (34,413 pos/s)
[r0] stream batch 26208/30880: 424,359,936/500,000,000 (34,655 pos/s)
[r1] stream batch 26032/30880: 421,510,144/500,000,000 (34,413 pos/s)
[r0] stream batch 26224/30880: 424,619,008/500,000,000 (34,656 pos/s)
[r1] stream batch 26048/30880: 421,769,216/500,000,000 (34,413 pos/s)
[r0] stream batch 26240/30880: 424,878,080/500,000,000 (34,656 pos/s)
[r1] stream batch 26064/30880: 422,028,288/500,000,000 (34,413 pos/s)
[r0] stream batch 26256/30880: 425,137,152/500,000,000 (34,657 pos/s)
[r1] stream batch 26080/30880: 422,287,360/500,000,000 (34,414 pos/s)
[r0] stream batch 26272/30880: 425,396,224/500,000,000 (34,657 pos/s)
[r1] stream batch 26096/30880: 422,546,432/500,000,000 (34,414 pos/s)
[r0] stream batch 26288/30880: 425,655,296/500,000,000 (34,658 pos/s)
[r1] stream batch 26112/30880: 422,805,504/500,000,000 (34,413 pos/s)
[r0] stream batch 26304/30880: 425,914,368/500,000,000 (34,658 pos/s)
[r1] stream batch 26128/30880: 423,064,576/500,000,000 (34,414 pos/s)
[r0] stream batch 26320/30880: 426,173,440/500,000,000 (34,658 pos/s)
[r1] stream batch 26144/30880: 423,323,648/500,000,000 (34,414 pos/s)
[r0] stream batch 26336/30880: 426,432,512/500,000,000 (34,658 pos/s)
[r1] stream batch 26160/30880: 423,582,720/500,000,000 (34,414 pos/s)
[r0] stream batch 26352/30880: 426,691,584/500,000,000 (34,659 pos/s)
[r1] stream batch 26176/30880: 423,841,792/500,000,000 (34,415 pos/s)
[r0] stream batch 26368/30880: 426,950,656/500,000,000 (34,659 pos/s)
[r1] stream batch 26192/30880: 424,100,864/500,000,000 (34,415 pos/s)
[r0] stream batch 26384/30880: 427,209,728/500,000,000 (34,659 pos/s)
[r1] stream batch 26208/30880: 424,359,936/500,000,000 (34,416 pos/s)
[r0] stream batch 26400/30880: 427,468,800/500,000,000 (34,660 pos/s)
[r1] stream batch 26224/30880: 424,619,008/500,000,000 (34,417 pos/s)
[r0] stream batch 26416/30880: 427,727,872/500,000,000 (34,660 pos/s)
[r1] stream batch 26240/30880: 424,878,080/500,000,000 (34,418 pos/s)
[r0] stream batch 26432/30880: 427,986,944/500,000,000 (34,661 pos/s)
[r1] stream batch 26256/30880: 425,137,152/500,000,000 (34,418 pos/s)
[r0] stream batch 26448/30880: 428,246,016/500,000,000 (34,661 pos/s)
[r1] stream batch 26272/30880: 425,396,224/500,000,000 (34,418 pos/s)
[r0] stream batch 26464/30880: 428,505,088/500,000,000 (34,663 pos/s)
[r1] stream batch 26288/30880: 425,655,296/500,000,000 (34,419 pos/s)
[r0] stream batch 26480/30880: 428,764,160/500,000,000 (34,663 pos/s)
[r1] stream batch 26304/30880: 425,914,368/500,000,000 (34,419 pos/s)
[r0] stream batch 26496/30880: 429,023,232/500,000,000 (34,664 pos/s)
[r1] stream batch 26320/30880: 426,173,440/500,000,000 (34,419 pos/s)
[r0] stream batch 26512/30880: 429,282,304/500,000,000 (34,664 pos/s)
[r1] stream batch 26336/30880: 426,432,512/500,000,000 (34,419 pos/s)
[r0] stream batch 26528/30880: 429,541,376/500,000,000 (34,664 pos/s)
[r1] stream batch 26352/30880: 426,691,584/500,000,000 (34,419 pos/s)
[r0] stream batch 26544/30880: 429,800,448/500,000,000 (34,664 pos/s)
[r1] stream batch 26368/30880: 426,950,656/500,000,000 (34,420 pos/s)
[r0] stream batch 26560/30880: 430,059,520/500,000,000 (34,665 pos/s)
[r1] stream batch 26384/30880: 427,209,728/500,000,000 (34,421 pos/s)
[r0] stream batch 26576/30880: 430,318,592/500,000,000 (34,665 pos/s)
[r1] stream batch 26400/30880: 427,468,800/500,000,000 (34,421 pos/s)
[r0] stream batch 26592/30880: 430,577,664/500,000,000 (34,666 pos/s)
[r1] stream batch 26416/30880: 427,727,872/500,000,000 (34,421 pos/s)
[r0] stream batch 26608/30880: 430,836,736/500,000,000 (34,666 pos/s)
[r1] stream batch 26432/30880: 427,986,944/500,000,000 (34,421 pos/s)
[r0] stream batch 26624/30880: 431,095,808/500,000,000 (34,667 pos/s)
[r1] stream batch 26448/30880: 428,246,016/500,000,000 (34,422 pos/s)
[r0] stream batch 26640/30880: 431,354,880/500,000,000 (34,667 pos/s)
[r1] stream batch 26464/30880: 428,505,088/500,000,000 (34,424 pos/s)
[r0] stream batch 26656/30880: 431,613,952/500,000,000 (34,668 pos/s)
[r1] stream batch 26480/30880: 428,764,160/500,000,000 (34,424 pos/s)
[r0] stream batch 26672/30880: 431,873,024/500,000,000 (34,668 pos/s)
[r1] stream batch 26496/30880: 429,023,232/500,000,000 (34,424 pos/s)
[r0] stream batch 26688/30880: 432,132,096/500,000,000 (34,668 pos/s)
[r1] stream batch 26512/30880: 429,282,304/500,000,000 (34,425 pos/s)
[r0] stream batch 26704/30880: 432,391,168/500,000,000 (34,669 pos/s)
[r1] stream batch 26528/30880: 429,541,376/500,000,000 (34,425 pos/s)
[r0] stream batch 26720/30880: 432,650,240/500,000,000 (34,669 pos/s)
[r1] stream batch 26544/30880: 429,800,448/500,000,000 (34,425 pos/s)
[r0] stream batch 26736/30880: 432,909,312/500,000,000 (34,669 pos/s)
[r1] stream batch 26560/30880: 430,059,520/500,000,000 (34,426 pos/s)
[r0] stream batch 26752/30880: 433,168,384/500,000,000 (34,670 pos/s)
[r1] stream batch 26576/30880: 430,318,592/500,000,000 (34,426 pos/s)
[r0] stream batch 26768/30880: 433,427,456/500,000,000 (34,671 pos/s)
[r1] stream batch 26592/30880: 430,577,664/500,000,000 (34,427 pos/s)
[r0] stream batch 26784/30880: 433,686,528/500,000,000 (34,672 pos/s)
[r1] stream batch 26608/30880: 430,836,736/500,000,000 (34,427 pos/s)
[r0] stream batch 26800/30880: 433,945,600/500,000,000 (34,672 pos/s)
[r1] stream batch 26624/30880: 431,095,808/500,000,000 (34,428 pos/s)
[r0] stream batch 26816/30880: 434,204,672/500,000,000 (34,672 pos/s)
[r1] stream batch 26640/30880: 431,354,880/500,000,000 (34,428 pos/s)
[r0] stream batch 26832/30880: 434,463,744/500,000,000 (34,673 pos/s)
[r1] stream batch 26656/30880: 431,613,952/500,000,000 (34,430 pos/s)
[r0] stream batch 26848/30880: 434,722,816/500,000,000 (34,674 pos/s)
[r1] stream batch 26672/30880: 431,873,024/500,000,000 (34,430 pos/s)
[r0] stream batch 26864/30880: 434,981,888/500,000,000 (34,674 pos/s)
[r1] stream batch 26688/30880: 432,132,096/500,000,000 (34,431 pos/s)
[r0] stream batch 26880/30880: 435,240,960/500,000,000 (34,674 pos/s)
[r1] stream batch 26704/30880: 432,391,168/500,000,000 (34,431 pos/s)
[r0] stream batch 26896/30880: 435,500,032/500,000,000 (34,675 pos/s)
[r1] stream batch 26720/30880: 432,650,240/500,000,000 (34,431 pos/s)
[r0] stream batch 26912/30880: 435,759,104/500,000,000 (34,676 pos/s)
[r1] stream batch 26736/30880: 432,909,312/500,000,000 (34,431 pos/s)
[r0] stream batch 26928/30880: 436,018,176/500,000,000 (34,677 pos/s)
[r1] stream batch 26752/30880: 433,168,384/500,000,000 (34,432 pos/s)
[r0] stream batch 26944/30880: 436,277,248/500,000,000 (34,677 pos/s)
[r1] stream batch 26768/30880: 433,427,456/500,000,000 (34,433 pos/s)
[r0] stream batch 26960/30880: 436,536,320/500,000,000 (34,677 pos/s)
[r1] stream batch 26784/30880: 433,686,528/500,000,000 (34,434 pos/s)
[r0] stream batch 26976/30880: 436,795,392/500,000,000 (34,677 pos/s)
[r1] stream batch 26800/30880: 433,945,600/500,000,000 (34,435 pos/s)
[r0] stream batch 26992/30880: 437,054,464/500,000,000 (34,679 pos/s)
[r1] stream batch 26816/30880: 434,204,672/500,000,000 (34,435 pos/s)
[r0] stream batch 27008/30880: 437,313,536/500,000,000 (34,679 pos/s)
[r1] stream batch 26832/30880: 434,463,744/500,000,000 (34,436 pos/s)
[r0] stream batch 27024/30880: 437,572,608/500,000,000 (34,679 pos/s)
[r1] stream batch 26848/30880: 434,722,816/500,000,000 (34,437 pos/s)
[r0] stream batch 27040/30880: 437,831,680/500,000,000 (34,680 pos/s)
[r1] stream batch 26864/30880: 434,981,888/500,000,000 (34,437 pos/s)
[r0] stream batch 27056/30880: 438,090,752/500,000,000 (34,680 pos/s)
[r1] stream batch 26880/30880: 435,240,960/500,000,000 (34,438 pos/s)
[r0] stream batch 27072/30880: 438,349,824/500,000,000 (34,681 pos/s)
[r1] stream batch 26896/30880: 435,500,032/500,000,000 (34,439 pos/s)
[r0] stream batch 27088/30880: 438,608,896/500,000,000 (34,681 pos/s)
[r1] stream batch 26912/30880: 435,759,104/500,000,000 (34,439 pos/s)
[r0] stream batch 27104/30880: 438,867,968/500,000,000 (34,680 pos/s)
[r1] stream batch 26928/30880: 436,018,176/500,000,000 (34,439 pos/s)
[r0] stream batch 27120/30880: 439,127,040/500,000,000 (34,680 pos/s)
[r1] stream batch 26944/30880: 436,277,248/500,000,000 (34,440 pos/s)
[r0] stream batch 27136/30880: 439,386,112/500,000,000 (34,681 pos/s)
[r1] stream batch 26960/30880: 436,536,320/500,000,000 (34,440 pos/s)
[r0] stream batch 27152/30880: 439,645,184/500,000,000 (34,681 pos/s)
[r1] stream batch 26976/30880: 436,795,392/500,000,000 (34,441 pos/s)
[r0] stream batch 27168/30880: 439,904,256/500,000,000 (34,681 pos/s)
[r1] stream batch 26992/30880: 437,054,464/500,000,000 (34,441 pos/s)
[r0] stream batch 27184/30880: 440,163,328/500,000,000 (34,681 pos/s)
[r1] stream batch 27008/30880: 437,313,536/500,000,000 (34,441 pos/s)
[r0] stream batch 27200/30880: 440,422,400/500,000,000 (34,682 pos/s)
[r1] stream batch 27024/30880: 437,572,608/500,000,000 (34,442 pos/s)
[r0] stream batch 27216/30880: 440,681,472/500,000,000 (34,683 pos/s)
[r1] stream batch 27040/30880: 437,831,680/500,000,000 (34,442 pos/s)
[r0] stream batch 27232/30880: 440,940,544/500,000,000 (34,684 pos/s)
[r1] stream batch 27056/30880: 438,090,752/500,000,000 (34,443 pos/s)
[r0] stream batch 27248/30880: 441,199,616/500,000,000 (34,684 pos/s)
[r1] stream batch 27072/30880: 438,349,824/500,000,000 (34,443 pos/s)
[r0] stream batch 27264/30880: 441,458,688/500,000,000 (34,685 pos/s)
[r1] stream batch 27088/30880: 438,608,896/500,000,000 (34,443 pos/s)
[r0] stream batch 27280/30880: 441,717,760/500,000,000 (34,685 pos/s)
[r1] stream batch 27104/30880: 438,867,968/500,000,000 (34,443 pos/s)
[r0] stream batch 27296/30880: 441,976,832/500,000,000 (34,686 pos/s)
[r1] stream batch 27120/30880: 439,127,040/500,000,000 (34,443 pos/s)
[r0] stream batch 27312/30880: 442,235,904/500,000,000 (34,687 pos/s)
[r1] stream batch 27136/30880: 439,386,112/500,000,000 (34,443 pos/s)
[r0] stream batch 27328/30880: 442,494,976/500,000,000 (34,687 pos/s)
[r1] stream batch 27152/30880: 439,645,184/500,000,000 (34,443 pos/s)
[r0] stream batch 27344/30880: 442,754,048/500,000,000 (34,688 pos/s)
[r0] stream batch 27360/30880: 443,013,120/500,000,000 (34,689 pos/s)
[r1] stream batch 27168/30880: 439,904,256/500,000,000 (34,443 pos/s)
[r1] stream batch 27184/30880: 440,163,328/500,000,000 (34,444 pos/s)
[r0] stream batch 27376/30880: 443,272,192/500,000,000 (34,689 pos/s)
[r1] stream batch 27200/30880: 440,422,400/500,000,000 (34,445 pos/s)
[r0] stream batch 27392/30880: 443,531,264/500,000,000 (34,689 pos/s)
[r1] stream batch 27216/30880: 440,681,472/500,000,000 (34,446 pos/s)
[r0] stream batch 27408/30880: 443,790,336/500,000,000 (34,689 pos/s)
[r1] stream batch 27232/30880: 440,940,544/500,000,000 (34,447 pos/s)
[r0] stream batch 27424/30880: 444,049,408/500,000,000 (34,690 pos/s)
[r1] stream batch 27248/30880: 441,199,616/500,000,000 (34,447 pos/s)
[r0] stream batch 27440/30880: 444,308,480/500,000,000 (34,690 pos/s)
[r1] stream batch 27264/30880: 441,458,688/500,000,000 (34,448 pos/s)
[r0] stream batch 27456/30880: 444,567,552/500,000,000 (34,690 pos/s)
[r1] stream batch 27280/30880: 441,717,760/500,000,000 (34,449 pos/s)
[r0] stream batch 27472/30880: 444,826,624/500,000,000 (34,690 pos/s)
[r1] stream batch 27296/30880: 441,976,832/500,000,000 (34,449 pos/s)
[r0] stream batch 27488/30880: 445,085,696/500,000,000 (34,691 pos/s)
[r1] stream batch 27312/30880: 442,235,904/500,000,000 (34,450 pos/s)
[r0] stream batch 27504/30880: 445,344,768/500,000,000 (34,690 pos/s)
[r1] stream batch 27328/30880: 442,494,976/500,000,000 (34,450 pos/s)
[r0] stream batch 27520/30880: 445,603,840/500,000,000 (34,691 pos/s)
[r1] stream batch 27344/30880: 442,754,048/500,000,000 (34,452 pos/s)
[r0] stream batch 27536/30880: 445,862,912/500,000,000 (34,691 pos/s)
[r1] stream batch 27360/30880: 443,013,120/500,000,000 (34,452 pos/s)
[r0] stream batch 27552/30880: 446,121,984/500,000,000 (34,691 pos/s)
[r1] stream batch 27376/30880: 443,272,192/500,000,000 (34,453 pos/s)
[r0] stream batch 27568/30880: 446,381,056/500,000,000 (34,692 pos/s)
[r1] stream batch 27392/30880: 443,531,264/500,000,000 (34,453 pos/s)
[r0] stream batch 27584/30880: 446,640,128/500,000,000 (34,692 pos/s)
[r1] stream batch 27408/30880: 443,790,336/500,000,000 (34,453 pos/s)
[r0] stream batch 27600/30880: 446,899,200/500,000,000 (34,692 pos/s)
[r1] stream batch 27424/30880: 444,049,408/500,000,000 (34,454 pos/s)
[r0] stream batch 27616/30880: 447,158,272/500,000,000 (34,692 pos/s)
[r1] stream batch 27440/30880: 444,308,480/500,000,000 (34,454 pos/s)
[r0] stream batch 27632/30880: 447,417,344/500,000,000 (34,692 pos/s)
[r1] stream batch 27456/30880: 444,567,552/500,000,000 (34,454 pos/s)
[r0] stream batch 27648/30880: 447,676,416/500,000,000 (34,692 pos/s)
[r1] stream batch 27472/30880: 444,826,624/500,000,000 (34,454 pos/s)
[r0] stream batch 27664/30880: 447,935,488/500,000,000 (34,692 pos/s)
[r1] stream batch 27488/30880: 445,085,696/500,000,000 (34,455 pos/s)
[r0] stream batch 27680/30880: 448,194,560/500,000,000 (34,692 pos/s)
[r1] stream batch 27504/30880: 445,344,768/500,000,000 (34,455 pos/s)
[r0] stream batch 27696/30880: 448,453,632/500,000,000 (34,693 pos/s)
[r1] stream batch 27520/30880: 445,603,840/500,000,000 (34,456 pos/s)
[r0] stream batch 27712/30880: 448,712,704/500,000,000 (34,693 pos/s)
[r1] stream batch 27536/30880: 445,862,912/500,000,000 (34,456 pos/s)
[r0] stream batch 27728/30880: 448,971,776/500,000,000 (34,693 pos/s)
[r1] stream batch 27552/30880: 446,121,984/500,000,000 (34,456 pos/s)
[r0] stream batch 27744/30880: 449,230,848/500,000,000 (34,693 pos/s)
[r1] stream batch 27568/30880: 446,381,056/500,000,000 (34,457 pos/s)
[r0] stream batch 27760/30880: 449,489,920/500,000,000 (34,693 pos/s)
[r1] stream batch 27584/30880: 446,640,128/500,000,000 (34,457 pos/s)
[r0] stream batch 27776/30880: 449,748,992/500,000,000 (34,695 pos/s)
[r1] stream batch 27600/30880: 446,899,200/500,000,000 (34,457 pos/s)
[r0] stream batch 27792/30880: 450,008,064/500,000,000 (34,695 pos/s)
[r1] stream batch 27616/30880: 447,158,272/500,000,000 (34,458 pos/s)
[r0] stream batch 27808/30880: 450,267,136/500,000,000 (34,695 pos/s)
[r1] stream batch 27632/30880: 447,417,344/500,000,000 (34,459 pos/s)
[r0] stream batch 27824/30880: 450,526,208/500,000,000 (34,696 pos/s)
[r1] stream batch 27648/30880: 447,676,416/500,000,000 (34,459 pos/s)
[r0] stream batch 27840/30880: 450,785,280/500,000,000 (34,697 pos/s)
[r1] stream batch 27664/30880: 447,935,488/500,000,000 (34,459 pos/s)
[r0] stream batch 27856/30880: 451,044,352/500,000,000 (34,698 pos/s)
[r1] stream batch 27680/30880: 448,194,560/500,000,000 (34,460 pos/s)
[r0] stream batch 27872/30880: 451,303,424/500,000,000 (34,698 pos/s)
[r1] stream batch 27696/30880: 448,453,632/500,000,000 (34,460 pos/s)
[r0] stream batch 27888/30880: 451,562,496/500,000,000 (34,699 pos/s)
[r1] stream batch 27712/30880: 448,712,704/500,000,000 (34,460 pos/s)
[r0] stream batch 27904/30880: 451,821,568/500,000,000 (34,699 pos/s)
[r1] stream batch 27728/30880: 448,971,776/500,000,000 (34,461 pos/s)
[r0] stream batch 27920/30880: 452,080,640/500,000,000 (34,699 pos/s)
[r1] stream batch 27744/30880: 449,230,848/500,000,000 (34,462 pos/s)
[r0] stream batch 27936/30880: 452,339,712/500,000,000 (34,699 pos/s)
[r1] stream batch 27760/30880: 449,489,920/500,000,000 (34,462 pos/s)
[r0] stream batch 27952/30880: 452,598,784/500,000,000 (34,699 pos/s)
[r1] stream batch 27776/30880: 449,748,992/500,000,000 (34,464 pos/s)
[r0] stream batch 27968/30880: 452,857,856/500,000,000 (34,701 pos/s)
[r1] stream batch 27792/30880: 450,008,064/500,000,000 (34,464 pos/s)
[r0] stream batch 27984/30880: 453,116,928/500,000,000 (34,702 pos/s)
[r1] stream batch 27808/30880: 450,267,136/500,000,000 (34,464 pos/s)
[r0] stream batch 28000/30880: 453,376,000/500,000,000 (34,702 pos/s)
[r1] stream batch 27824/30880: 450,526,208/500,000,000 (34,465 pos/s)
[r0] stream batch 28016/30880: 453,635,072/500,000,000 (34,702 pos/s)
[r1] stream batch 27840/30880: 450,785,280/500,000,000 (34,465 pos/s)
[r0] stream batch 28032/30880: 453,894,144/500,000,000 (34,702 pos/s)
[r1] stream batch 27856/30880: 451,044,352/500,000,000 (34,466 pos/s)
[r0] stream batch 28048/30880: 454,153,216/500,000,000 (34,702 pos/s)
[r1] stream batch 27872/30880: 451,303,424/500,000,000 (34,466 pos/s)
[r0] stream batch 28064/30880: 454,412,288/500,000,000 (34,703 pos/s)
[r1] stream batch 27888/30880: 451,562,496/500,000,000 (34,467 pos/s)
[r0] stream batch 28080/30880: 454,671,360/500,000,000 (34,703 pos/s)
[r1] stream batch 27904/30880: 451,821,568/500,000,000 (34,468 pos/s)
[r0] stream batch 28096/30880: 454,930,432/500,000,000 (34,703 pos/s)
[r1] stream batch 27920/30880: 452,080,640/500,000,000 (34,468 pos/s)
[r0] stream batch 28112/30880: 455,189,504/500,000,000 (34,704 pos/s)
[r1] stream batch 27936/30880: 452,339,712/500,000,000 (34,468 pos/s)
[r0] stream batch 28128/30880: 455,448,576/500,000,000 (34,704 pos/s)
[r1] stream batch 27952/30880: 452,598,784/500,000,000 (34,468 pos/s)
[r0] stream batch 28144/30880: 455,707,648/500,000,000 (34,705 pos/s)
[r1] stream batch 27968/30880: 452,857,856/500,000,000 (34,470 pos/s)
[r0] stream batch 28160/30880: 455,966,720/500,000,000 (34,706 pos/s)
[r1] stream batch 27984/30880: 453,116,928/500,000,000 (34,470 pos/s)
[r0] stream batch 28176/30880: 456,225,792/500,000,000 (34,707 pos/s)
[r1] stream batch 28000/30880: 453,376,000/500,000,000 (34,471 pos/s)
[r0] stream batch 28192/30880: 456,484,864/500,000,000 (34,707 pos/s)
[r1] stream batch 28016/30880: 453,635,072/500,000,000 (34,472 pos/s)
[r0] stream batch 28208/30880: 456,743,936/500,000,000 (34,707 pos/s)
[r1] stream batch 28032/30880: 453,894,144/500,000,000 (34,472 pos/s)
[r0] stream batch 28224/30880: 457,003,008/500,000,000 (34,707 pos/s)
[r1] stream batch 28048/30880: 454,153,216/500,000,000 (34,472 pos/s)
[r0] stream batch 28240/30880: 457,262,080/500,000,000 (34,707 pos/s)
[r1] stream batch 28064/30880: 454,412,288/500,000,000 (34,472 pos/s)
[r0] stream batch 28256/30880: 457,521,152/500,000,000 (34,707 pos/s)
[r1] stream batch 28080/30880: 454,671,360/500,000,000 (34,472 pos/s)
[r0] stream batch 28272/30880: 457,780,224/500,000,000 (34,707 pos/s)
[r1] stream batch 28096/30880: 454,930,432/500,000,000 (34,473 pos/s)
[r0] stream batch 28288/30880: 458,039,296/500,000,000 (34,707 pos/s)
[r1] stream batch 28112/30880: 455,189,504/500,000,000 (34,473 pos/s)
[r0] stream batch 28304/30880: 458,298,368/500,000,000 (34,707 pos/s)
[r1] stream batch 28128/30880: 455,448,576/500,000,000 (34,474 pos/s)
[r0] stream batch 28320/30880: 458,557,440/500,000,000 (34,707 pos/s)
[r1] stream batch 28144/30880: 455,707,648/500,000,000 (34,474 pos/s)
[r0] stream batch 28336/30880: 458,816,512/500,000,000 (34,708 pos/s)
[r1] stream batch 28160/30880: 455,966,720/500,000,000 (34,475 pos/s)
[r0] stream batch 28352/30880: 459,075,584/500,000,000 (34,709 pos/s)
[r1] stream batch 28176/30880: 456,225,792/500,000,000 (34,476 pos/s)
[r0] stream batch 28368/30880: 459,334,656/500,000,000 (34,709 pos/s)
[r1] stream batch 28192/30880: 456,484,864/500,000,000 (34,477 pos/s)
[r0] stream batch 28384/30880: 459,593,728/500,000,000 (34,709 pos/s)
[r1] stream batch 28208/30880: 456,743,936/500,000,000 (34,477 pos/s)
[r0] stream batch 28400/30880: 459,852,800/500,000,000 (34,709 pos/s)
[r1] stream batch 28224/30880: 457,003,008/500,000,000 (34,477 pos/s)
[r0] stream batch 28416/30880: 460,111,872/500,000,000 (34,709 pos/s)
[r1] stream batch 28240/30880: 457,262,080/500,000,000 (34,477 pos/s)
[r0] stream batch 28432/30880: 460,370,944/500,000,000 (34,709 pos/s)
[r1] stream batch 28256/30880: 457,521,152/500,000,000 (34,477 pos/s)
[r0] stream batch 28448/30880: 460,630,016/500,000,000 (34,709 pos/s)
[r1] stream batch 28272/30880: 457,780,224/500,000,000 (34,478 pos/s)
[r0] stream batch 28464/30880: 460,889,088/500,000,000 (34,710 pos/s)
[r1] stream batch 28288/30880: 458,039,296/500,000,000 (34,478 pos/s)
[r0] stream batch 28480/30880: 461,148,160/500,000,000 (34,710 pos/s)
[r1] stream batch 28304/30880: 458,298,368/500,000,000 (34,478 pos/s)
[r0] stream batch 28496/30880: 461,407,232/500,000,000 (34,710 pos/s)
[r1] stream batch 28320/30880: 458,557,440/500,000,000 (34,478 pos/s)
[r0] stream batch 28512/30880: 461,666,304/500,000,000 (34,711 pos/s)
[r1] stream batch 28336/30880: 458,816,512/500,000,000 (34,479 pos/s)
[r0] stream batch 28528/30880: 461,925,376/500,000,000 (34,711 pos/s)
[r1] stream batch 28352/30880: 459,075,584/500,000,000 (34,480 pos/s)
[r0] stream batch 28544/30880: 462,184,448/500,000,000 (34,712 pos/s)
[r1] stream batch 28368/30880: 459,334,656/500,000,000 (34,480 pos/s)
[r0] stream batch 28560/30880: 462,443,520/500,000,000 (34,713 pos/s)
[r1] stream batch 28384/30880: 459,593,728/500,000,000 (34,480 pos/s)
[r0] stream batch 28576/30880: 462,702,592/500,000,000 (34,713 pos/s)
[r1] stream batch 28400/30880: 459,852,800/500,000,000 (34,480 pos/s)
[r0] stream batch 28592/30880: 462,961,664/500,000,000 (34,713 pos/s)
[r1] stream batch 28416/30880: 460,111,872/500,000,000 (34,481 pos/s)
[r0] stream batch 28608/30880: 463,220,736/500,000,000 (34,714 pos/s)
[r1] stream batch 28432/30880: 460,370,944/500,000,000 (34,481 pos/s)
[r0] stream batch 28624/30880: 463,479,808/500,000,000 (34,714 pos/s)
[r1] stream batch 28448/30880: 460,630,016/500,000,000 (34,481 pos/s)
[r0] stream batch 28640/30880: 463,738,880/500,000,000 (34,715 pos/s)
[r1] stream batch 28464/30880: 460,889,088/500,000,000 (34,482 pos/s)
[r0] stream batch 28656/30880: 463,997,952/500,000,000 (34,715 pos/s)
[r1] stream batch 28480/30880: 461,148,160/500,000,000 (34,482 pos/s)
[r0] stream batch 28672/30880: 464,257,024/500,000,000 (34,715 pos/s)
[r1] stream batch 28496/30880: 461,407,232/500,000,000 (34,483 pos/s)
[r0] stream batch 28688/30880: 464,516,096/500,000,000 (34,716 pos/s)
[r1] stream batch 28512/30880: 461,666,304/500,000,000 (34,484 pos/s)
[r0] stream batch 28704/30880: 464,775,168/500,000,000 (34,716 pos/s)
[r1] stream batch 28528/30880: 461,925,376/500,000,000 (34,484 pos/s)
[r0] stream batch 28720/30880: 465,034,240/500,000,000 (34,716 pos/s)
[r1] stream batch 28544/30880: 462,184,448/500,000,000 (34,484 pos/s)
[r0] stream batch 28736/30880: 465,293,312/500,000,000 (34,716 pos/s)
[r1] stream batch 28560/30880: 462,443,520/500,000,000 (34,485 pos/s)
[r0] stream batch 28752/30880: 465,552,384/500,000,000 (34,717 pos/s)
[r1] stream batch 28576/30880: 462,702,592/500,000,000 (34,485 pos/s)
[r0] stream batch 28768/30880: 465,811,456/500,000,000 (34,717 pos/s)
[r1] stream batch 28592/30880: 462,961,664/500,000,000 (34,485 pos/s)
[r0] stream batch 28784/30880: 466,070,528/500,000,000 (34,716 pos/s)
[r1] stream batch 28608/30880: 463,220,736/500,000,000 (34,487 pos/s)
[r0] stream batch 28800/30880: 466,329,600/500,000,000 (34,717 pos/s)
[r1] stream batch 28624/30880: 463,479,808/500,000,000 (34,487 pos/s)
[r0] stream batch 28816/30880: 466,588,672/500,000,000 (34,717 pos/s)
[r1] stream batch 28640/30880: 463,738,880/500,000,000 (34,487 pos/s)
[r0] stream batch 28832/30880: 466,847,744/500,000,000 (34,717 pos/s)
[r1] stream batch 28656/30880: 463,997,952/500,000,000 (34,488 pos/s)
[r0] stream batch 28848/30880: 467,106,816/500,000,000 (34,718 pos/s)
[r1] stream batch 28672/30880: 464,257,024/500,000,000 (34,488 pos/s)
[r0] stream batch 28864/30880: 467,365,888/500,000,000 (34,718 pos/s)
[r1] stream batch 28688/30880: 464,516,096/500,000,000 (34,488 pos/s)
[r0] stream batch 28880/30880: 467,624,960/500,000,000 (34,719 pos/s)
[r1] stream batch 28704/30880: 464,775,168/500,000,000 (34,488 pos/s)
[r0] stream batch 28896/30880: 467,884,032/500,000,000 (34,719 pos/s)
[r1] stream batch 28720/30880: 465,034,240/500,000,000 (34,489 pos/s)
[r0] stream batch 28912/30880: 468,143,104/500,000,000 (34,720 pos/s)
[r1] stream batch 28736/30880: 465,293,312/500,000,000 (34,488 pos/s)
[r0] stream batch 28928/30880: 468,402,176/500,000,000 (34,720 pos/s)
[r1] stream batch 28752/30880: 465,552,384/500,000,000 (34,489 pos/s)
[r0] stream batch 28944/30880: 468,661,248/500,000,000 (34,721 pos/s)
[r0] stream batch 28960/30880: 468,920,320/500,000,000 (34,722 pos/s)
[r1] stream batch 28768/30880: 465,811,456/500,000,000 (34,489 pos/s)
[r0] stream batch 28976/30880: 469,179,392/500,000,000 (34,722 pos/s)
[r1] stream batch 28784/30880: 466,070,528/500,000,000 (34,489 pos/s)
[r0] stream batch 28992/30880: 469,438,464/500,000,000 (34,722 pos/s)
[r1] stream batch 28800/30880: 466,329,600/500,000,000 (34,490 pos/s)
[r0] stream batch 29008/30880: 469,697,536/500,000,000 (34,722 pos/s)
[r1] stream batch 28816/30880: 466,588,672/500,000,000 (34,490 pos/s)
[r0] stream batch 29024/30880: 469,956,608/500,000,000 (34,723 pos/s)
[r1] stream batch 28832/30880: 466,847,744/500,000,000 (34,490 pos/s)
[r0] stream batch 29040/30880: 470,215,680/500,000,000 (34,724 pos/s)
[r1] stream batch 28848/30880: 467,106,816/500,000,000 (34,491 pos/s)
[r0] stream batch 29056/30880: 470,474,752/500,000,000 (34,724 pos/s)
[r1] stream batch 28864/30880: 467,365,888/500,000,000 (34,491 pos/s)
[r0] stream batch 29072/30880: 470,733,824/500,000,000 (34,724 pos/s)
[r1] stream batch 28880/30880: 467,624,960/500,000,000 (34,491 pos/s)
[r0] stream batch 29088/30880: 470,992,896/500,000,000 (34,724 pos/s)
[r1] stream batch 28896/30880: 467,884,032/500,000,000 (34,492 pos/s)
[r0] stream batch 29104/30880: 471,251,968/500,000,000 (34,724 pos/s)
[r1] stream batch 28912/30880: 468,143,104/500,000,000 (34,492 pos/s)
[r0] stream batch 29120/30880: 471,511,040/500,000,000 (34,724 pos/s)
[r1] stream batch 28928/30880: 468,402,176/500,000,000 (34,493 pos/s)
[r0] stream batch 29136/30880: 471,770,112/500,000,000 (34,724 pos/s)
[r1] stream batch 28944/30880: 468,661,248/500,000,000 (34,493 pos/s)
[r0] stream batch 29152/30880: 472,029,184/500,000,000 (34,725 pos/s)
[r1] stream batch 28960/30880: 468,920,320/500,000,000 (34,494 pos/s)
[r0] stream batch 29168/30880: 472,288,256/500,000,000 (34,725 pos/s)
[r1] stream batch 28976/30880: 469,179,392/500,000,000 (34,494 pos/s)
[r0] stream batch 29184/30880: 472,547,328/500,000,000 (34,725 pos/s)
[r1] stream batch 28992/30880: 469,438,464/500,000,000 (34,495 pos/s)
[r0] stream batch 29200/30880: 472,806,400/500,000,000 (34,725 pos/s)
[r1] stream batch 29008/30880: 469,697,536/500,000,000 (34,495 pos/s)
[r0] stream batch 29216/30880: 473,065,472/500,000,000 (34,726 pos/s)
[r1] stream batch 29024/30880: 469,956,608/500,000,000 (34,496 pos/s)
[r0] stream batch 29232/30880: 473,324,544/500,000,000 (34,726 pos/s)
[r1] stream batch 29040/30880: 470,215,680/500,000,000 (34,496 pos/s)
[r0] stream batch 29248/30880: 473,583,616/500,000,000 (34,727 pos/s)
[r1] stream batch 29056/30880: 470,474,752/500,000,000 (34,496 pos/s)
[r0] stream batch 29264/30880: 473,842,688/500,000,000 (34,727 pos/s)
[r1] stream batch 29072/30880: 470,733,824/500,000,000 (34,497 pos/s)
[r0] stream batch 29280/30880: 474,101,760/500,000,000 (34,728 pos/s)
[r1] stream batch 29088/30880: 470,992,896/500,000,000 (34,497 pos/s)
[r0] stream batch 29296/30880: 474,360,832/500,000,000 (34,728 pos/s)
[r1] stream batch 29104/30880: 471,251,968/500,000,000 (34,497 pos/s)
[r0] stream batch 29312/30880: 474,619,904/500,000,000 (34,728 pos/s)
[r1] stream batch 29120/30880: 471,511,040/500,000,000 (34,497 pos/s)
[r0] stream batch 29328/30880: 474,878,976/500,000,000 (34,729 pos/s)
[r1] stream batch 29136/30880: 471,770,112/500,000,000 (34,498 pos/s)
[r0] stream batch 29344/30880: 475,138,048/500,000,000 (34,730 pos/s)
[r1] stream batch 29152/30880: 472,029,184/500,000,000 (34,498 pos/s)
[r0] stream batch 29360/30880: 475,397,120/500,000,000 (34,731 pos/s)
[r1] stream batch 29168/30880: 472,288,256/500,000,000 (34,498 pos/s)
[r0] stream batch 29376/30880: 475,656,192/500,000,000 (34,731 pos/s)
[r1] stream batch 29184/30880: 472,547,328/500,000,000 (34,498 pos/s)
[r0] stream batch 29392/30880: 475,915,264/500,000,000 (34,731 pos/s)
[r1] stream batch 29200/30880: 472,806,400/500,000,000 (34,499 pos/s)
[r0] stream batch 29408/30880: 476,174,336/500,000,000 (34,732 pos/s)
[r1] stream batch 29216/30880: 473,065,472/500,000,000 (34,499 pos/s)
[r0] stream batch 29424/30880: 476,433,408/500,000,000 (34,733 pos/s)
[r1] stream batch 29232/30880: 473,324,544/500,000,000 (34,500 pos/s)
[r0] stream batch 29440/30880: 476,692,480/500,000,000 (34,734 pos/s)
[r1] stream batch 29248/30880: 473,583,616/500,000,000 (34,500 pos/s)
[r0] stream batch 29456/30880: 476,951,552/500,000,000 (34,734 pos/s)
[r1] stream batch 29264/30880: 473,842,688/500,000,000 (34,500 pos/s)
[r0] stream batch 29472/30880: 477,210,624/500,000,000 (34,734 pos/s)
[r1] stream batch 29280/30880: 474,101,760/500,000,000 (34,500 pos/s)
[r0] stream batch 29488/30880: 477,469,696/500,000,000 (34,734 pos/s)
[r1] stream batch 29296/30880: 474,360,832/500,000,000 (34,501 pos/s)
[r0] stream batch 29504/30880: 477,728,768/500,000,000 (34,734 pos/s)
[r1] stream batch 29312/30880: 474,619,904/500,000,000 (34,502 pos/s)
[r0] stream batch 29520/30880: 477,987,840/500,000,000 (34,734 pos/s)
[r1] stream batch 29328/30880: 474,878,976/500,000,000 (34,502 pos/s)
[r0] stream batch 29536/30880: 478,246,912/500,000,000 (34,735 pos/s)
[r1] stream batch 29344/30880: 475,138,048/500,000,000 (34,503 pos/s)
[r0] stream batch 29552/30880: 478,505,984/500,000,000 (34,734 pos/s)
[r1] stream batch 29360/30880: 475,397,120/500,000,000 (34,504 pos/s)
[r0] stream batch 29568/30880: 478,765,056/500,000,000 (34,734 pos/s)
[r1] stream batch 29376/30880: 475,656,192/500,000,000 (34,504 pos/s)
[r0] stream batch 29584/30880: 479,024,128/500,000,000 (34,735 pos/s)
[r1] stream batch 29392/30880: 475,915,264/500,000,000 (34,505 pos/s)
[r0] stream batch 29600/30880: 479,283,200/500,000,000 (34,735 pos/s)
[r1] stream batch 29408/30880: 476,174,336/500,000,000 (34,505 pos/s)
[r0] stream batch 29616/30880: 479,542,272/500,000,000 (34,735 pos/s)
[r1] stream batch 29424/30880: 476,433,408/500,000,000 (34,506 pos/s)
[r0] stream batch 29632/30880: 479,801,344/500,000,000 (34,735 pos/s)
[r1] stream batch 29440/30880: 476,692,480/500,000,000 (34,507 pos/s)
[r0] stream batch 29648/30880: 480,060,416/500,000,000 (34,735 pos/s)
[r1] stream batch 29456/30880: 476,951,552/500,000,000 (34,507 pos/s)
[r0] stream batch 29664/30880: 480,319,488/500,000,000 (34,735 pos/s)
[r1] stream batch 29472/30880: 477,210,624/500,000,000 (34,507 pos/s)
[r0] stream batch 29680/30880: 480,578,560/500,000,000 (34,736 pos/s)
[r1] stream batch 29488/30880: 477,469,696/500,000,000 (34,508 pos/s)
[r0] stream batch 29696/30880: 480,837,632/500,000,000 (34,736 pos/s)
[r1] stream batch 29504/30880: 477,728,768/500,000,000 (34,508 pos/s)
[r0] stream batch 29712/30880: 481,096,704/500,000,000 (34,736 pos/s)
[r1] stream batch 29520/30880: 477,987,840/500,000,000 (34,509 pos/s)
[r0] stream batch 29728/30880: 481,355,776/500,000,000 (34,736 pos/s)
[r1] stream batch 29536/30880: 478,246,912/500,000,000 (34,509 pos/s)
[r0] stream batch 29744/30880: 481,614,848/500,000,000 (34,737 pos/s)
[r1] stream batch 29552/30880: 478,505,984/500,000,000 (34,509 pos/s)
[r0] stream batch 29760/30880: 481,873,920/500,000,000 (34,737 pos/s)
[r1] stream batch 29568/30880: 478,765,056/500,000,000 (34,509 pos/s)
[r0] stream batch 29776/30880: 482,132,992/500,000,000 (34,737 pos/s)
[r1] stream batch 29584/30880: 479,024,128/500,000,000 (34,509 pos/s)
[r0] stream batch 29792/30880: 482,392,064/500,000,000 (34,737 pos/s)
[r1] stream batch 29600/30880: 479,283,200/500,000,000 (34,510 pos/s)
[r0] stream batch 29808/30880: 482,651,136/500,000,000 (34,738 pos/s)
[r1] stream batch 29616/30880: 479,542,272/500,000,000 (34,510 pos/s)
[r0] stream batch 29824/30880: 482,910,208/500,000,000 (34,738 pos/s)
[r1] stream batch 29632/30880: 479,801,344/500,000,000 (34,511 pos/s)
[r0] stream batch 29840/30880: 483,169,280/500,000,000 (34,738 pos/s)
[r1] stream batch 29648/30880: 480,060,416/500,000,000 (34,511 pos/s)
[r0] stream batch 29856/30880: 483,428,352/500,000,000 (34,739 pos/s)
[r1] stream batch 29664/30880: 480,319,488/500,000,000 (34,512 pos/s)
[r0] stream batch 29872/30880: 483,687,424/500,000,000 (34,739 pos/s)
[r1] stream batch 29680/30880: 480,578,560/500,000,000 (34,512 pos/s)
[r0] stream batch 29888/30880: 483,946,496/500,000,000 (34,740 pos/s)
[r1] stream batch 29696/30880: 480,837,632/500,000,000 (34,513 pos/s)
[r0] stream batch 29904/30880: 484,205,568/500,000,000 (34,740 pos/s)
[r1] stream batch 29712/30880: 481,096,704/500,000,000 (34,513 pos/s)
[r0] stream batch 29920/30880: 484,464,640/500,000,000 (34,740 pos/s)
[r1] stream batch 29728/30880: 481,355,776/500,000,000 (34,513 pos/s)
[r0] stream batch 29936/30880: 484,723,712/500,000,000 (34,741 pos/s)
[r1] stream batch 29744/30880: 481,614,848/500,000,000 (34,513 pos/s)
[r0] stream batch 29952/30880: 484,982,784/500,000,000 (34,742 pos/s)
[r1] stream batch 29760/30880: 481,873,920/500,000,000 (34,513 pos/s)
[r0] stream batch 29968/30880: 485,241,856/500,000,000 (34,742 pos/s)
[r1] stream batch 29776/30880: 482,132,992/500,000,000 (34,513 pos/s)
[r0] stream batch 29984/30880: 485,500,928/500,000,000 (34,742 pos/s)
[r1] stream batch 29792/30880: 482,392,064/500,000,000 (34,514 pos/s)
[r0] stream batch 30000/30880: 485,760,000/500,000,000 (34,742 pos/s)
[r1] stream batch 29808/30880: 482,651,136/500,000,000 (34,515 pos/s)
[r0] stream batch 30016/30880: 486,019,072/500,000,000 (34,743 pos/s)
[r1] stream batch 29824/30880: 482,910,208/500,000,000 (34,516 pos/s)
[r0] stream batch 30032/30880: 486,278,144/500,000,000 (34,743 pos/s)
[r1] stream batch 29840/30880: 483,169,280/500,000,000 (34,516 pos/s)
[r0] stream batch 30048/30880: 486,537,216/500,000,000 (34,743 pos/s)
[r1] stream batch 29856/30880: 483,428,352/500,000,000 (34,517 pos/s)
[r0] stream batch 30064/30880: 486,796,288/500,000,000 (34,743 pos/s)
[r1] stream batch 29872/30880: 483,687,424/500,000,000 (34,518 pos/s)
[r0] stream batch 30080/30880: 487,055,360/500,000,000 (34,743 pos/s)
[r1] stream batch 29888/30880: 483,946,496/500,000,000 (34,518 pos/s)
[r0] stream batch 30096/30880: 487,314,432/500,000,000 (34,743 pos/s)
[r1] stream batch 29904/30880: 484,205,568/500,000,000 (34,518 pos/s)
[r0] stream batch 30112/30880: 487,573,504/500,000,000 (34,743 pos/s)
[r1] stream batch 29920/30880: 484,464,640/500,000,000 (34,518 pos/s)
[r0] stream batch 30128/30880: 487,832,576/500,000,000 (34,744 pos/s)
[r1] stream batch 29936/30880: 484,723,712/500,000,000 (34,519 pos/s)
[r0] stream batch 30144/30880: 488,091,648/500,000,000 (34,744 pos/s)
[r1] stream batch 29952/30880: 484,982,784/500,000,000 (34,520 pos/s)
[r0] stream batch 30160/30880: 488,350,720/500,000,000 (34,744 pos/s)
[r1] stream batch 29968/30880: 485,241,856/500,000,000 (34,520 pos/s)
[r0] stream batch 30176/30880: 488,609,792/500,000,000 (34,744 pos/s)
[r1] stream batch 29984/30880: 485,500,928/500,000,000 (34,520 pos/s)
[r0] stream batch 30192/30880: 488,868,864/500,000,000 (34,745 pos/s)
[r1] stream batch 30000/30880: 485,760,000/500,000,000 (34,520 pos/s)
[r0] stream batch 30208/30880: 489,127,936/500,000,000 (34,745 pos/s)
[r1] stream batch 30016/30880: 486,019,072/500,000,000 (34,520 pos/s)
[r0] stream batch 30224/30880: 489,387,008/500,000,000 (34,745 pos/s)
[r1] stream batch 30032/30880: 486,278,144/500,000,000 (34,521 pos/s)
[r0] stream batch 30240/30880: 489,646,080/500,000,000 (34,746 pos/s)
[r1] stream batch 30048/30880: 486,537,216/500,000,000 (34,522 pos/s)
[r0] stream batch 30256/30880: 489,905,152/500,000,000 (34,746 pos/s)
[r1] stream batch 30064/30880: 486,796,288/500,000,000 (34,522 pos/s)
[r0] stream batch 30272/30880: 490,164,224/500,000,000 (34,746 pos/s)
[r1] stream batch 30080/30880: 487,055,360/500,000,000 (34,523 pos/s)
[r0] stream batch 30288/30880: 490,423,296/500,000,000 (34,746 pos/s)
[r1] stream batch 30096/30880: 487,314,432/500,000,000 (34,523 pos/s)
[r0] stream batch 30304/30880: 490,682,368/500,000,000 (34,747 pos/s)
[r1] stream batch 30112/30880: 487,573,504/500,000,000 (34,523 pos/s)
[r0] stream batch 30320/30880: 490,941,440/500,000,000 (34,747 pos/s)
[r1] stream batch 30128/30880: 487,832,576/500,000,000 (34,523 pos/s)
[r0] stream batch 30336/30880: 491,200,512/500,000,000 (34,747 pos/s)
[r1] stream batch 30144/30880: 488,091,648/500,000,000 (34,523 pos/s)
[r0] stream batch 30352/30880: 491,459,584/500,000,000 (34,748 pos/s)
[r1] stream batch 30160/30880: 488,350,720/500,000,000 (34,524 pos/s)
[r0] stream batch 30368/30880: 491,718,656/500,000,000 (34,748 pos/s)
[r1] stream batch 30176/30880: 488,609,792/500,000,000 (34,524 pos/s)
[r0] stream batch 30384/30880: 491,977,728/500,000,000 (34,749 pos/s)
[r1] stream batch 30192/30880: 488,868,864/500,000,000 (34,524 pos/s)
[r0] stream batch 30400/30880: 492,236,800/500,000,000 (34,749 pos/s)
[r1] stream batch 30208/30880: 489,127,936/500,000,000 (34,524 pos/s)
[r0] stream batch 30416/30880: 492,495,872/500,000,000 (34,749 pos/s)
[r1] stream batch 30224/30880: 489,387,008/500,000,000 (34,525 pos/s)
[r0] stream batch 30432/30880: 492,754,944/500,000,000 (34,749 pos/s)
[r1] stream batch 30240/30880: 489,646,080/500,000,000 (34,525 pos/s)
[r0] stream batch 30448/30880: 493,014,016/500,000,000 (34,749 pos/s)
[r1] stream batch 30256/30880: 489,905,152/500,000,000 (34,525 pos/s)
[r0] stream batch 30464/30880: 493,273,088/500,000,000 (34,750 pos/s)
[r1] stream batch 30272/30880: 490,164,224/500,000,000 (34,524 pos/s)
[r0] stream batch 30480/30880: 493,532,160/500,000,000 (34,749 pos/s)
[r1] stream batch 30288/30880: 490,423,296/500,000,000 (34,525 pos/s)
[r0] stream batch 30496/30880: 493,791,232/500,000,000 (34,750 pos/s)
[r1] stream batch 30304/30880: 490,682,368/500,000,000 (34,525 pos/s)
[r0] stream batch 30512/30880: 494,050,304/500,000,000 (34,750 pos/s)
[r1] stream batch 30320/30880: 490,941,440/500,000,000 (34,526 pos/s)
[r0] stream batch 30528/30880: 494,309,376/500,000,000 (34,750 pos/s)
[r1] stream batch 30336/30880: 491,200,512/500,000,000 (34,526 pos/s)
[r0] stream batch 30544/30880: 494,568,448/500,000,000 (34,750 pos/s)
[r1] stream batch 30352/30880: 491,459,584/500,000,000 (34,526 pos/s)
[r0] stream batch 30560/30880: 494,827,520/500,000,000 (34,751 pos/s)
[r1] stream batch 30368/30880: 491,718,656/500,000,000 (34,527 pos/s)
[r0] stream batch 30576/30880: 495,086,592/500,000,000 (34,752 pos/s)
[r1] stream batch 30384/30880: 491,977,728/500,000,000 (34,528 pos/s)
[r0] stream batch 30592/30880: 495,345,664/500,000,000 (34,752 pos/s)
[r1] stream batch 30400/30880: 492,236,800/500,000,000 (34,528 pos/s)
[r0] stream batch 30608/30880: 495,604,736/500,000,000 (34,753 pos/s)
[r1] stream batch 30416/30880: 492,495,872/500,000,000 (34,528 pos/s)
[r0] stream batch 30624/30880: 495,863,808/500,000,000 (34,754 pos/s)
[r1] stream batch 30432/30880: 492,754,944/500,000,000 (34,529 pos/s)
[r0] stream batch 30640/30880: 496,122,880/500,000,000 (34,754 pos/s)
[r1] stream batch 30448/30880: 493,014,016/500,000,000 (34,529 pos/s)
[r0] stream batch 30656/30880: 496,381,952/500,000,000 (34,754 pos/s)
[r1] stream batch 30464/30880: 493,273,088/500,000,000 (34,529 pos/s)
[r0] stream batch 30672/30880: 496,641,024/500,000,000 (34,755 pos/s)
[r1] stream batch 30480/30880: 493,532,160/500,000,000 (34,529 pos/s)
[r0] stream batch 30688/30880: 496,900,096/500,000,000 (34,755 pos/s)
[r1] stream batch 30496/30880: 493,791,232/500,000,000 (34,530 pos/s)
[r0] stream batch 30704/30880: 497,159,168/500,000,000 (34,755 pos/s)
[r1] stream batch 30512/30880: 494,050,304/500,000,000 (34,530 pos/s)
[r0] stream batch 30720/30880: 497,418,240/500,000,000 (34,756 pos/s)
[r1] stream batch 30528/30880: 494,309,376/500,000,000 (34,531 pos/s)
[r0] stream batch 30736/30880: 497,677,312/500,000,000 (34,756 pos/s)
[r1] stream batch 30544/30880: 494,568,448/500,000,000 (34,531 pos/s)
[r0] stream batch 30752/30880: 497,936,384/500,000,000 (34,756 pos/s)
[r1] stream batch 30560/30880: 494,827,520/500,000,000 (34,531 pos/s)
[r0] stream batch 30768/30880: 498,195,456/500,000,000 (34,757 pos/s)
[r1] stream batch 30576/30880: 495,086,592/500,000,000 (34,532 pos/s)
[r0] stream batch 30784/30880: 498,454,528/500,000,000 (34,757 pos/s)
[r1] stream batch 30592/30880: 495,345,664/500,000,000 (34,532 pos/s)
[r0] stream batch 30800/30880: 498,713,600/500,000,000 (34,757 pos/s)
[r1] stream batch 30608/30880: 495,604,736/500,000,000 (34,532 pos/s)
[r0] stream batch 30816/30880: 498,972,672/500,000,000 (34,758 pos/s)
[r1] stream batch 30624/30880: 495,863,808/500,000,000 (34,533 pos/s)
[r0] stream batch 30832/30880: 499,231,744/500,000,000 (34,758 pos/s)
[r1] stream batch 30640/30880: 496,122,880/500,000,000 (34,533 pos/s)
[r0] stream batch 30848/30880: 499,490,816/500,000,000 (34,758 pos/s)
[r1] stream batch 30656/30880: 496,381,952/500,000,000 (34,534 pos/s)
[r0] stream batch 30864/30880: 499,749,888/500,000,000 (34,758 pos/s)
[r1] stream batch 30672/30880: 496,641,024/500,000,000 (34,534 pos/s)
[r0] stream batch 30880/30880: 500,000,000/500,000,000 (34,758 pos/s)
[r0] stream shard complete: 500,000,000 assigned, 32,768 detailed reservoir rows, 14385.1s
[r1] stream batch 30688/30880: 496,900,096/500,000,000 (34,534 pos/s)
[r1] stream batch 30704/30880: 497,159,168/500,000,000 (34,534 pos/s)
[r1] stream batch 30720/30880: 497,418,240/500,000,000 (34,535 pos/s)
[r1] stream batch 30736/30880: 497,677,312/500,000,000 (34,536 pos/s)
[r1] stream batch 30752/30880: 497,936,384/500,000,000 (34,536 pos/s)
[r1] stream batch 30768/30880: 498,195,456/500,000,000 (34,536 pos/s)
[r1] stream batch 30784/30880: 498,454,528/500,000,000 (34,536 pos/s)
[r1] stream batch 30800/30880: 498,713,600/500,000,000 (34,536 pos/s)
[r1] stream batch 30816/30880: 498,972,672/500,000,000 (34,536 pos/s)
[r1] stream batch 30832/30880: 499,231,744/500,000,000 (34,537 pos/s)
[r1] stream batch 30848/30880: 499,490,816/500,000,000 (34,537 pos/s)
[r1] stream batch 30864/30880: 499,749,888/500,000,000 (34,537 pos/s)
[r1] stream batch 30880/30880: 500,000,000/500,000,000 (34,537 pos/s)
[r1] stream shard complete: 500,000,000 assigned, 32,768 detailed reservoir rows, 14477.1s
[r0] stream collection ready: 1,000,000,000 assignments, 65,536 extraction rows
=== lazy per-module extraction from bounded BF16 reservoirs ===
[r0] extract_ps: labels from labels_C4096.pt, C=4096, T=1.0, s=8
[r0] extract_ps hf.model.layers.0.self_attn.q_proj: mean top-1 share 0.254
[r0] extract_ps hf.model.layers.0.self_attn.k_proj: mean top-1 share 0.212
[r0] extract_ps hf.model.layers.0.self_attn.v_proj: mean top-1 share 0.225
[r0] extract_ps hf.model.layers.0.self_attn.o_proj: mean top-1 share 0.249
[r0] extract_ps hf.model.layers.0.mlp.gate_proj: mean top-1 share 0.214
[r0] extract_ps hf.model.layers.0.mlp.up_proj: mean top-1 share 0.210
[r0] extract_ps hf.model.layers.0.mlp.down_proj: mean top-1 share 0.209
[r0] extract_ps hf.model.layers.1.self_attn.q_proj: mean top-1 share 0.202
[r0] extract_ps hf.model.layers.1.self_attn.k_proj: mean top-1 share 0.188
[r0] extract_ps hf.model.layers.1.self_attn.v_proj: mean top-1 share 0.190
[r0] extract_ps hf.model.layers.1.self_attn.o_proj: mean top-1 share 0.196
[r0] extract_ps hf.model.layers.1.mlp.gate_proj: mean top-1 share 0.208
[r0] extract_ps hf.model.layers.1.mlp.up_proj: mean top-1 share 0.203
[r0] extract_ps hf.model.layers.1.mlp.down_proj: mean top-1 share 0.204
[r0] extract_ps hf.model.layers.2.self_attn.q_proj: mean top-1 share 0.188
[r0] extract_ps hf.model.layers.2.self_attn.k_proj: mean top-1 share 0.202
[r0] extract_ps hf.model.layers.2.self_attn.v_proj: mean top-1 share 0.213
[r0] extract_ps hf.model.layers.2.self_attn.o_proj: mean top-1 share 0.193
[r0] extract_ps hf.model.layers.2.mlp.gate_proj: mean top-1 share 0.213
[r0] extract_ps hf.model.layers.2.mlp.up_proj: mean top-1 share 0.203
[r0] extract_ps hf.model.layers.2.mlp.down_proj: mean top-1 share 0.202
[r0] extract_ps hf.model.layers.3.self_attn.q_proj: mean top-1 share 0.186
[r0] extract_ps hf.model.layers.3.self_attn.k_proj: mean top-1 share 0.188
[r0] extract_ps hf.model.layers.3.self_attn.v_proj: mean top-1 share 0.192
[r0] extract_ps hf.model.layers.3.self_attn.o_proj: mean top-1 share 0.190
[r0] extract_ps hf.model.layers.3.mlp.gate_proj: mean top-1 share 0.210
[r0] extract_ps hf.model.layers.3.mlp.up_proj: mean top-1 share 0.199
[r0] extract_ps hf.model.layers.3.mlp.down_proj: mean top-1 share 0.197
[r0] extract_ps hf.model.layers.4.self_attn.q_proj: mean top-1 share 0.185
[r0] extract_ps hf.model.layers.4.self_attn.k_proj: mean top-1 share 0.187
[r0] extract_ps hf.model.layers.4.self_attn.v_proj: mean top-1 share 0.193
[r0] extract_ps hf.model.layers.4.self_attn.o_proj: mean top-1 share 0.189
[r0] extract_ps hf.model.layers.4.mlp.gate_proj: mean top-1 share 0.209
[r0] extract_ps hf.model.layers.4.mlp.up_proj: mean top-1 share 0.196
[r0] extract_ps hf.model.layers.4.mlp.down_proj: mean top-1 share 0.195
[r0] extract_ps hf.model.layers.5.self_attn.q_proj: mean top-1 share 0.184
[r0] extract_ps hf.model.layers.5.self_attn.k_proj: mean top-1 share 0.185
[r0] extract_ps hf.model.layers.5.self_attn.v_proj: mean top-1 share 0.193
[r0] extract_ps hf.model.layers.5.self_attn.o_proj: mean top-1 share 0.179
[r0] extract_ps hf.model.layers.5.mlp.gate_proj: mean top-1 share 0.199
[r0] extract_ps hf.model.layers.5.mlp.up_proj: mean top-1 share 0.190
[r0] extract_ps hf.model.layers.5.mlp.down_proj: mean top-1 share 0.191
[r0] extract_ps hf.model.layers.6.self_attn.q_proj: mean top-1 share 0.188
[r0] extract_ps hf.model.layers.6.self_attn.k_proj: mean top-1 share 0.184
[r0] extract_ps hf.model.layers.6.self_attn.v_proj: mean top-1 share 0.182
[r0] extract_ps hf.model.layers.6.self_attn.o_proj: mean top-1 share 0.179
[r0] extract_ps hf.model.layers.6.mlp.gate_proj: mean top-1 share 0.195
[r0] extract_ps hf.model.layers.6.mlp.up_proj: mean top-1 share 0.185
[r0] extract_ps hf.model.layers.6.mlp.down_proj: mean top-1 share 0.187
[r0] extract_ps hf.model.layers.7.self_attn.q_proj: mean top-1 share 0.174
[r0] extract_ps hf.model.layers.7.self_attn.k_proj: mean top-1 share 0.187
[r0] extract_ps hf.model.layers.7.self_attn.v_proj: mean top-1 share 0.192
[r0] extract_ps hf.model.layers.7.self_attn.o_proj: mean top-1 share 0.169
[r0] extract_ps hf.model.layers.7.mlp.gate_proj: mean top-1 share 0.191
[r0] extract_ps hf.model.layers.7.mlp.up_proj: mean top-1 share 0.181
[r0] extract_ps hf.model.layers.7.mlp.down_proj: mean top-1 share 0.182
[r0] extract_ps hf.model.layers.8.self_attn.q_proj: mean top-1 share 0.177
[r0] extract_ps hf.model.layers.8.self_attn.k_proj: mean top-1 share 0.181
[r0] extract_ps hf.model.layers.8.self_attn.v_proj: mean top-1 share 0.190
[r0] extract_ps hf.model.layers.8.self_attn.o_proj: mean top-1 share 0.169
[r0] extract_ps hf.model.layers.8.mlp.gate_proj: mean top-1 share 0.196
[r0] extract_ps hf.model.layers.8.mlp.up_proj: mean top-1 share 0.184
[r0] extract_ps hf.model.layers.8.mlp.down_proj: mean top-1 share 0.185
[r0] extract_ps hf.model.layers.9.self_attn.q_proj: mean top-1 share 0.177
[r0] extract_ps hf.model.layers.9.self_attn.k_proj: mean top-1 share 0.185
[r0] extract_ps hf.model.layers.9.self_attn.v_proj: mean top-1 share 0.193
[r0] extract_ps hf.model.layers.9.self_attn.o_proj: mean top-1 share 0.172
[r0] extract_ps hf.model.layers.9.mlp.gate_proj: mean top-1 share 0.201
[r0] extract_ps hf.model.layers.9.mlp.up_proj: mean top-1 share 0.188
[r0] extract_ps hf.model.layers.9.mlp.down_proj: mean top-1 share 0.188
[r0] extract_ps hf.model.layers.10.self_attn.q_proj: mean top-1 share 0.174
[r0] extract_ps hf.model.layers.10.self_attn.k_proj: mean top-1 share 0.184
[r0] extract_ps hf.model.layers.10.self_attn.v_proj: mean top-1 share 0.194
[r0] extract_ps hf.model.layers.10.self_attn.o_proj: mean top-1 share 0.171
[r0] extract_ps hf.model.layers.10.mlp.gate_proj: mean top-1 share 0.204
[r0] extract_ps hf.model.layers.10.mlp.up_proj: mean top-1 share 0.194
[r0] extract_ps hf.model.layers.10.mlp.down_proj: mean top-1 share 0.193
[r0] extract_ps hf.model.layers.11.self_attn.q_proj: mean top-1 share 0.182
[r0] extract_ps hf.model.layers.11.self_attn.k_proj: mean top-1 share 0.184
[r0] extract_ps hf.model.layers.11.self_attn.v_proj: mean top-1 share 0.194
[r0] extract_ps hf.model.layers.11.self_attn.o_proj: mean top-1 share 0.175
[r0] extract_ps hf.model.layers.11.mlp.gate_proj: mean top-1 share 0.201
[r0] extract_ps hf.model.layers.11.mlp.up_proj: mean top-1 share 0.197
[r0] extract_ps hf.model.layers.11.mlp.down_proj: mean top-1 share 0.193
[r0] extract_ps hf.model.layers.12.self_attn.q_proj: mean top-1 share 0.179
[r0] extract_ps hf.model.layers.12.self_attn.k_proj: mean top-1 share 0.182
[r0] extract_ps hf.model.layers.12.self_attn.v_proj: mean top-1 share 0.196
[r0] extract_ps hf.model.layers.12.self_attn.o_proj: mean top-1 share 0.176
[r0] extract_ps hf.model.layers.12.mlp.gate_proj: mean top-1 share 0.196
[r0] extract_ps hf.model.layers.12.mlp.up_proj: mean top-1 share 0.197
[r0] extract_ps hf.model.layers.12.mlp.down_proj: mean top-1 share 0.191
[r0] extract_ps hf.model.layers.13.self_attn.q_proj: mean top-1 share 0.180
[r0] extract_ps hf.model.layers.13.self_attn.k_proj: mean top-1 share 0.187
[r0] extract_ps hf.model.layers.13.self_attn.v_proj: mean top-1 share 0.216
[r0] extract_ps hf.model.layers.13.self_attn.o_proj: mean top-1 share 0.178
[r0] extract_ps hf.model.layers.13.mlp.gate_proj: mean top-1 share 0.195
[r0] extract_ps hf.model.layers.13.mlp.up_proj: mean top-1 share 0.197
[r0] extract_ps hf.model.layers.13.mlp.down_proj: mean top-1 share 0.188
[r0] extract_ps hf.model.layers.14.self_attn.q_proj: mean top-1 share 0.192
[r0] extract_ps hf.model.layers.14.self_attn.k_proj: mean top-1 share 0.193
[r0] extract_ps hf.model.layers.14.self_attn.v_proj: mean top-1 share 0.213
[r0] extract_ps hf.model.layers.14.self_attn.o_proj: mean top-1 share 0.179
[r0] extract_ps hf.model.layers.14.mlp.gate_proj: mean top-1 share 0.199
[r0] extract_ps hf.model.layers.14.mlp.up_proj: mean top-1 share 0.203
[r0] extract_ps hf.model.layers.14.mlp.down_proj: mean top-1 share 0.188
[r0] extract_ps hf.model.layers.15.self_attn.q_proj: mean top-1 share 0.186
[r0] extract_ps hf.model.layers.15.self_attn.k_proj: mean top-1 share 0.194
[r0] extract_ps hf.model.layers.15.self_attn.v_proj: mean top-1 share 0.245
[r0] extract_ps hf.model.layers.15.self_attn.o_proj: mean top-1 share 0.183
[r0] extract_ps hf.model.layers.15.mlp.gate_proj: mean top-1 share 0.200
[r0] extract_ps hf.model.layers.15.mlp.up_proj: mean top-1 share 0.206
[r0] extract_ps hf.model.layers.15.mlp.down_proj: mean top-1 share 0.183
[r0] softpart banks saved (_prop1b)
RUN1B_OPTIMIZED_DONE: /dev/shm/geo1b/run1b_streamC4096
