=== token stream (1011875840 tokens) ===
model snapshot at /workspace/.cache/huggingface/hub/models--unsloth--Llama-3.2-1B/snapshots/9535bd9b1d1dea6acafbdc4813b728796aeb28da
5M tokens (3s)
10M tokens (7s)
Token indices sequence length is longer than the specified maximum sequence length for this model (145190 > 131072). Running this sequence through the model will result in indexing errors
15M tokens (10s)
20M tokens (14s)
25M tokens (18s)
30M tokens (22s)
35M tokens (26s)
40M tokens (29s)
45M tokens (33s)
50M tokens (37s)
55M tokens (41s)
60M tokens (45s)
65M tokens (48s)
70M tokens (52s)
75M tokens (56s)
80M tokens (60s)
85M tokens (63s)
90M tokens (67s)
95M tokens (71s)
100M tokens (75s)
105M tokens (79s)
110M tokens (83s)
115M tokens (86s)
120M tokens (90s)
125M tokens (94s)
131M tokens (100s)
135M tokens (103s)
140M tokens (106s)
145M tokens (109s)
150M tokens (113s)
155M tokens (116s)
160M tokens (119s)
165M tokens (123s)
170M tokens (126s)
175M tokens (130s)
180M tokens (133s)
185M tokens (137s)
190M tokens (141s)
195M tokens (145s)
200M tokens (149s)
205M tokens (153s)
210M tokens (157s)
215M tokens (161s)
220M tokens (165s)
225M tokens (169s)
230M tokens (173s)
235M tokens (177s)
240M tokens (182s)
245M tokens (185s)
250M tokens (189s)
255M tokens (193s)
260M tokens (198s)
265M tokens (201s)
270M tokens (205s)
275M tokens (208s)
280M tokens (212s)
285M tokens (216s)
290M tokens (220s)
295M tokens (224s)
300M tokens (228s)
305M tokens (232s)
310M tokens (235s)
315M tokens (240s)
321M tokens (245s)
326M tokens (249s)
330M tokens (253s)
335M tokens (257s)
340M tokens (261s)
345M tokens (264s)
350M tokens (268s)
355M tokens (272s)
360M tokens (275s)
365M tokens (279s)
370M tokens (283s)
375M tokens (286s)
380M tokens (289s)
385M tokens (296s)
390M tokens (302s)
395M tokens (306s)
400M tokens (309s)
405M tokens (312s)
410M tokens (315s)
415M tokens (318s)
420M tokens (321s)
425M tokens (323s)
430M tokens (326s)
435M tokens (329s)
440M tokens (332s)
445M tokens (335s)
450M tokens (337s)
455M tokens (340s)
460M tokens (343s)
465M tokens (346s)
470M tokens (348s)
475M tokens (351s)
480M tokens (354s)
485M tokens (357s)
490M tokens (360s)
495M tokens (363s)
500M tokens (366s)
505M tokens (369s)
510M tokens (371s)
515M tokens (375s)
520M tokens (380s)
525M tokens (383s)
530M tokens (387s)
535M tokens (390s)
540M tokens (396s)
545M tokens (402s)
551M tokens (406s)
555M tokens (409s)
560M tokens (412s)
565M tokens (414s)
570M tokens (418s)
575M tokens (421s)
580M tokens (424s)
585M tokens (427s)
590M tokens (430s)
595M tokens (433s)
600M tokens (435s)
605M tokens (439s)
610M tokens (442s)
615M tokens (445s)
620M tokens (449s)
625M tokens (453s)
630M tokens (456s)
635M tokens (459s)
640M tokens (463s)
645M tokens (466s)
650M tokens (469s)
655M tokens (472s)
660M tokens (475s)
665M tokens (479s)
670M tokens (481s)
675M tokens (485s)
680M tokens (488s)
685M tokens (490s)
690M tokens (494s)
695M tokens (497s)
700M tokens (500s)
705M tokens (504s)
710M tokens (507s)
715M tokens (510s)
720M tokens (514s)
725M tokens (517s)
730M tokens (520s)
735M tokens (523s)
741M tokens (527s)
745M tokens (530s)
750M tokens (532s)
755M tokens (535s)
760M tokens (538s)
765M tokens (540s)
770M tokens (544s)
775M tokens (548s)
780M tokens (551s)
785M tokens (555s)
790M tokens (558s)
795M tokens (561s)
800M tokens (564s)
805M tokens (567s)
810M tokens (570s)
815M tokens (573s)
820M tokens (576s)
825M tokens (579s)
830M tokens (583s)
835M tokens (587s)
840M tokens (595s)
845M tokens (598s)
850M tokens (601s)
855M tokens (604s)
860M tokens (607s)
865M tokens (610s)
870M tokens (614s)
875M tokens (617s)
880M tokens (620s)
885M tokens (624s)
890M tokens (627s)
895M tokens (630s)
900M tokens (634s)
905M tokens (637s)
910M tokens (640s)
915M tokens (643s)
920M tokens (646s)
925M tokens (649s)
930M tokens (652s)
935M tokens (655s)
940M tokens (658s)
945M tokens (661s)
950M tokens (664s)
955M tokens (667s)
960M tokens (670s)
965M tokens (673s)
970M tokens (676s)
975M tokens (679s)
980M tokens (682s)
985M tokens (686s)
990M tokens (688s)
995M tokens (691s)
1000M tokens (695s)
1005M tokens (698s)
1010M tokens (701s)
wrote /dev/shm/geo1b/pile_llama_u32.bin (4047503360 bytes)
=== bounded pilot fingerprints (131072 positions) ===
W0804 01:28:17.591000 88905 torch/distributed/run.py:774] 
W0804 01:28:17.591000 88905 torch/distributed/run.py:774] *****************************************
W0804 01:28:17.591000 88905 torch/distributed/run.py:774] Setting OMP_NUM_THREADS environment variable for each process to be 1 in default, to avoid your system being overloaded, please further tune the variable for optimal performance in your application as needed. 
W0804 01:28:17.591000 88905 torch/distributed/run.py:774] *****************************************
[r1] collect-fast batch 0/5 (4s)
[r0] collect-fast batch 0/5 (5s)
[r1] collect-fast done: 65536 fingerprints, id=ecfe5e15a989edbf, 13.9s
[r0] collect-fast done: 65536 fingerprints, id=ecfe5e15a989edbf, 15.3s
=== frozen PCA + spherical centroids (pilot only) ===
[r0] stream-fit: loaded bounded pilot [131072, 65536]
[r0] stream-fit: PCA subspace iteration 1/4
[r0] stream-fit: PCA subspace iteration 2/4
[r0] stream-fit: PCA subspace iteration 3/4
[r0] stream-fit: PCA subspace iteration 4/4
[r0] stream-fit: k-means 1/30, mean cosine=0.65355, empty=0
[r0] stream-fit: k-means 5/30, mean cosine=0.76818, empty=0
[r0] stream-fit: k-means 10/30, mean cosine=0.77259, empty=0
[r0] stream-fit: k-means 15/30, mean cosine=0.77369, empty=0
[r0] stream-fit: k-means 20/30, mean cosine=0.77410, empty=0
[r0] stream-fit: k-means 25/30, mean cosine=0.77428, empty=0
[r0] stream-fit: k-means 30/30, mean cosine=0.77435, empty=0
[r0] stream-fit complete: model=9f3383ea26988cf6, C=2048, d=256
=== streamed assignment (1000000000 positions; resumable) ===
W0804 01:29:25.743000 89216 torch/distributed/run.py:774] 
W0804 01:29:25.743000 89216 torch/distributed/run.py:774] *****************************************
W0804 01:29:25.743000 89216 torch/distributed/run.py:774] Setting OMP_NUM_THREADS environment variable for each process to be 1 in default, to avoid your system being overloaded, please further tune the variable for optimal performance in your application as needed. 
W0804 01:29:25.743000 89216 torch/distributed/run.py:774] *****************************************
[r1] stream batch 1/30880: 16,192/500,000,000 (1,232 pos/s)
[r0] stream batch 1/30880: 16,192/500,000,000 (1,194 pos/s)
[r1] stream batch 16/30880: 259,072/500,000,000 (6,650 pos/s)
[r0] stream batch 16/30880: 259,072/500,000,000 (6,112 pos/s)
[r1] stream batch 32/30880: 518,144/500,000,000 (10,557 pos/s)
[r0] stream batch 32/30880: 518,144/500,000,000 (9,756 pos/s)
[r1] stream batch 48/30880: 777,216/500,000,000 (13,521 pos/s)
[r0] stream batch 48/30880: 777,216/500,000,000 (12,503 pos/s)
[r1] stream batch 64/30880: 1,036,288/500,000,000 (15,827 pos/s)
[r0] stream batch 64/30880: 1,036,288/500,000,000 (14,697 pos/s)
[r1] stream batch 80/30880: 1,295,360/500,000,000 (17,742 pos/s)
[r0] stream batch 80/30880: 1,295,360/500,000,000 (16,476 pos/s)
[r1] stream batch 96/30880: 1,554,432/500,000,000 (19,283 pos/s)
[r0] stream batch 96/30880: 1,554,432/500,000,000 (17,953 pos/s)
[r1] stream batch 112/30880: 1,813,504/500,000,000 (20,568 pos/s)
[r0] stream batch 112/30880: 1,813,504/500,000,000 (19,197 pos/s)
[r1] stream batch 128/30880: 2,072,576/500,000,000 (21,682 pos/s)
[r0] stream batch 128/30880: 2,072,576/500,000,000 (20,275 pos/s)
[r1] stream batch 144/30880: 2,331,648/500,000,000 (22,677 pos/s)
[r0] stream batch 144/30880: 2,331,648/500,000,000 (21,240 pos/s)
[r1] stream batch 160/30880: 2,590,720/500,000,000 (23,541 pos/s)
[r0] stream batch 160/30880: 2,590,720/500,000,000 (22,133 pos/s)
[r1] stream batch 176/30880: 2,849,792/500,000,000 (24,323 pos/s)
[r0] stream batch 176/30880: 2,849,792/500,000,000 (22,946 pos/s)
[r1] stream batch 192/30880: 3,108,864/500,000,000 (25,011 pos/s)
[r0] stream batch 192/30880: 3,108,864/500,000,000 (23,662 pos/s)
[r1] stream batch 208/30880: 3,367,936/500,000,000 (25,654 pos/s)
[r0] stream batch 208/30880: 3,367,936/500,000,000 (24,310 pos/s)
[r1] stream batch 224/30880: 3,627,008/500,000,000 (26,197 pos/s)
[r1] stream batch 240/30880: 3,886,080/500,000,000 (26,747 pos/s)
[r0] stream batch 224/30880: 3,627,008/500,000,000 (24,893 pos/s)
[r1] stream batch 256/30880: 4,145,152/500,000,000 (27,206 pos/s)
[r0] stream batch 240/30880: 3,886,080/500,000,000 (25,451 pos/s)
[r1] stream batch 272/30880: 4,404,224/500,000,000 (27,658 pos/s)
[r0] stream batch 256/30880: 4,145,152/500,000,000 (25,969 pos/s)
[r1] stream batch 288/30880: 4,663,296/500,000,000 (28,067 pos/s)
[r0] stream batch 272/30880: 4,404,224/500,000,000 (26,441 pos/s)
[r1] stream batch 304/30880: 4,922,368/500,000,000 (28,433 pos/s)
[r0] stream batch 288/30880: 4,663,296/500,000,000 (26,877 pos/s)
[r1] stream batch 320/30880: 5,181,440/500,000,000 (28,797 pos/s)
[r0] stream batch 304/30880: 4,922,368/500,000,000 (27,272 pos/s)
[r1] stream batch 336/30880: 5,440,512/500,000,000 (29,116 pos/s)
[r0] stream batch 320/30880: 5,181,440/500,000,000 (27,648 pos/s)
[r1] stream batch 352/30880: 5,699,584/500,000,000 (29,410 pos/s)
[r0] stream batch 336/30880: 5,440,512/500,000,000 (27,998 pos/s)
[r1] stream batch 368/30880: 5,958,656/500,000,000 (29,722 pos/s)
[r0] stream batch 352/30880: 5,699,584/500,000,000 (28,317 pos/s)
[r1] stream batch 384/30880: 6,217,728/500,000,000 (29,984 pos/s)
[r0] stream batch 368/30880: 5,958,656/500,000,000 (28,657 pos/s)
[r1] stream batch 400/30880: 6,476,800/500,000,000 (30,235 pos/s)
[r0] stream batch 384/30880: 6,217,728/500,000,000 (28,954 pos/s)
[r1] stream batch 416/30880: 6,735,872/500,000,000 (30,484 pos/s)
[r0] stream batch 400/30880: 6,476,800/500,000,000 (29,235 pos/s)
[r1] stream batch 432/30880: 6,994,944/500,000,000 (30,711 pos/s)
[r0] stream batch 416/30880: 6,735,872/500,000,000 (29,495 pos/s)
[r1] stream batch 448/30880: 7,254,016/500,000,000 (30,915 pos/s)
[r0] stream batch 432/30880: 6,994,944/500,000,000 (29,744 pos/s)
[r1] stream batch 464/30880: 7,513,088/500,000,000 (31,098 pos/s)
[r0] stream batch 448/30880: 7,254,016/500,000,000 (29,981 pos/s)
[r1] stream batch 480/30880: 7,772,160/500,000,000 (31,284 pos/s)
[r0] stream batch 464/30880: 7,513,088/500,000,000 (30,178 pos/s)
[r1] stream batch 496/30880: 8,031,232/500,000,000 (31,465 pos/s)
[r0] stream batch 480/30880: 7,772,160/500,000,000 (30,382 pos/s)
[r1] stream batch 512/30880: 8,290,304/500,000,000 (31,638 pos/s)
[r0] stream batch 496/30880: 8,031,232/500,000,000 (30,570 pos/s)
[r1] stream batch 528/30880: 8,549,376/500,000,000 (31,800 pos/s)
[r0] stream batch 512/30880: 8,290,304/500,000,000 (30,749 pos/s)
[r1] stream batch 544/30880: 8,808,448/500,000,000 (31,948 pos/s)
[r0] stream batch 528/30880: 8,549,376/500,000,000 (30,941 pos/s)
[r1] stream batch 560/30880: 9,067,520/500,000,000 (32,101 pos/s)
[r0] stream batch 544/30880: 8,808,448/500,000,000 (31,100 pos/s)
[r1] stream batch 576/30880: 9,326,592/500,000,000 (32,252 pos/s)
[r0] stream batch 560/30880: 9,067,520/500,000,000 (31,270 pos/s)
[r1] stream batch 592/30880: 9,585,664/500,000,000 (32,395 pos/s)
[r0] stream batch 576/30880: 9,326,592/500,000,000 (31,435 pos/s)
[r1] stream batch 608/30880: 9,844,736/500,000,000 (32,539 pos/s)
[r0] stream batch 592/30880: 9,585,664/500,000,000 (31,586 pos/s)
[r1] stream batch 624/30880: 10,103,808/500,000,000 (32,669 pos/s)
[r0] stream batch 608/30880: 9,844,736/500,000,000 (31,746 pos/s)
[r1] stream batch 640/30880: 10,362,880/500,000,000 (32,790 pos/s)
[r0] stream batch 624/30880: 10,103,808/500,000,000 (31,881 pos/s)
[r1] stream batch 656/30880: 10,621,952/500,000,000 (32,906 pos/s)
[r0] stream batch 640/30880: 10,362,880/500,000,000 (32,008 pos/s)
[r1] stream batch 672/30880: 10,881,024/500,000,000 (33,017 pos/s)
[r0] stream batch 656/30880: 10,621,952/500,000,000 (32,131 pos/s)
[r1] stream batch 688/30880: 11,140,096/500,000,000 (33,129 pos/s)
[r0] stream batch 672/30880: 10,881,024/500,000,000 (32,249 pos/s)
[r1] stream batch 704/30880: 11,399,168/500,000,000 (33,250 pos/s)
[r0] stream batch 688/30880: 11,140,096/500,000,000 (32,372 pos/s)
[r1] stream batch 720/30880: 11,658,240/500,000,000 (33,350 pos/s)
[r0] stream batch 704/30880: 11,399,168/500,000,000 (32,497 pos/s)
[r1] stream batch 736/30880: 11,917,312/500,000,000 (33,447 pos/s)
[r0] stream batch 720/30880: 11,658,240/500,000,000 (32,600 pos/s)
[r1] stream batch 752/30880: 12,176,384/500,000,000 (33,547 pos/s)
[r0] stream batch 736/30880: 11,917,312/500,000,000 (32,706 pos/s)
[r1] stream batch 768/30880: 12,435,456/500,000,000 (33,635 pos/s)
[r0] stream batch 752/30880: 12,176,384/500,000,000 (32,808 pos/s)
[r1] stream batch 784/30880: 12,694,528/500,000,000 (33,718 pos/s)
[r0] stream batch 768/30880: 12,435,456/500,000,000 (32,899 pos/s)
[r1] stream batch 800/30880: 12,953,600/500,000,000 (33,807 pos/s)
[r0] stream batch 784/30880: 12,694,528/500,000,000 (32,999 pos/s)
[r1] stream batch 816/30880: 13,212,672/500,000,000 (33,885 pos/s)
[r0] stream batch 800/30880: 12,953,600/500,000,000 (33,099 pos/s)
[r1] stream batch 832/30880: 13,471,744/500,000,000 (33,959 pos/s)
[r0] stream batch 816/30880: 13,212,672/500,000,000 (33,191 pos/s)
[r1] stream batch 848/30880: 13,730,816/500,000,000 (34,031 pos/s)
[r0] stream batch 832/30880: 13,471,744/500,000,000 (33,278 pos/s)
[r1] stream batch 864/30880: 13,989,888/500,000,000 (34,095 pos/s)
[r0] stream batch 848/30880: 13,730,816/500,000,000 (33,358 pos/s)
[r1] stream batch 880/30880: 14,248,960/500,000,000 (34,173 pos/s)
[r0] stream batch 864/30880: 13,989,888/500,000,000 (33,435 pos/s)
[r1] stream batch 896/30880: 14,508,032/500,000,000 (34,251 pos/s)
[r0] stream batch 880/30880: 14,248,960/500,000,000 (33,515 pos/s)
[r1] stream batch 912/30880: 14,767,104/500,000,000 (34,323 pos/s)
[r0] stream batch 896/30880: 14,508,032/500,000,000 (33,597 pos/s)
[r1] stream batch 928/30880: 15,026,176/500,000,000 (34,416 pos/s)
[r0] stream batch 912/30880: 14,767,104/500,000,000 (33,674 pos/s)
[r1] stream batch 944/30880: 15,285,248/500,000,000 (34,476 pos/s)
[r0] stream batch 928/30880: 15,026,176/500,000,000 (33,773 pos/s)
[r1] stream batch 960/30880: 15,544,320/500,000,000 (34,543 pos/s)
[r0] stream batch 944/30880: 15,285,248/500,000,000 (33,837 pos/s)
[r1] stream batch 976/30880: 15,803,392/500,000,000 (34,605 pos/s)
[r0] stream batch 960/30880: 15,544,320/500,000,000 (33,904 pos/s)
[r1] stream batch 992/30880: 16,062,464/500,000,000 (34,672 pos/s)
[r0] stream batch 976/30880: 15,803,392/500,000,000 (33,974 pos/s)
[r1] stream batch 1008/30880: 16,321,536/500,000,000 (34,718 pos/s)
[r0] stream batch 992/30880: 16,062,464/500,000,000 (34,044 pos/s)
[r1] stream batch 1024/30880: 16,580,608/500,000,000 (34,779 pos/s)
[r0] stream batch 1008/30880: 16,321,536/500,000,000 (34,104 pos/s)
[r1] stream batch 1040/30880: 16,839,680/500,000,000 (34,833 pos/s)
[r0] stream batch 1024/30880: 16,580,608/500,000,000 (34,165 pos/s)
[r1] stream batch 1056/30880: 17,098,752/500,000,000 (34,878 pos/s)
[r0] stream batch 1040/30880: 16,839,680/500,000,000 (34,234 pos/s)
[r1] stream batch 1072/30880: 17,357,824/500,000,000 (34,930 pos/s)
[r0] stream batch 1056/30880: 17,098,752/500,000,000 (34,293 pos/s)
[r1] stream batch 1088/30880: 17,616,896/500,000,000 (34,979 pos/s)
[r0] stream batch 1072/30880: 17,357,824/500,000,000 (34,351 pos/s)
[r1] stream batch 1104/30880: 17,875,968/500,000,000 (35,027 pos/s)
[r0] stream batch 1088/30880: 17,616,896/500,000,000 (34,406 pos/s)
[r1] stream batch 1120/30880: 18,135,040/500,000,000 (35,075 pos/s)
[r0] stream batch 1104/30880: 17,875,968/500,000,000 (34,460 pos/s)
[r1] stream batch 1136/30880: 18,394,112/500,000,000 (35,126 pos/s)
[r0] stream batch 1120/30880: 18,135,040/500,000,000 (34,516 pos/s)
[r1] stream batch 1152/30880: 18,653,184/500,000,000 (35,168 pos/s)
[r0] stream batch 1136/30880: 18,394,112/500,000,000 (34,566 pos/s)
[r1] stream batch 1168/30880: 18,912,256/500,000,000 (35,209 pos/s)
[r0] stream batch 1152/30880: 18,653,184/500,000,000 (34,619 pos/s)
[r1] stream batch 1184/30880: 19,171,328/500,000,000 (35,257 pos/s)
[r0] stream batch 1168/30880: 18,912,256/500,000,000 (34,657 pos/s)
[r1] stream batch 1200/30880: 19,430,400/500,000,000 (35,302 pos/s)
[r0] stream batch 1184/30880: 19,171,328/500,000,000 (34,701 pos/s)
[r1] stream batch 1216/30880: 19,689,472/500,000,000 (35,345 pos/s)
[r0] stream batch 1200/30880: 19,430,400/500,000,000 (34,746 pos/s)
[r1] stream batch 1232/30880: 19,948,544/500,000,000 (35,383 pos/s)
[r0] stream batch 1216/30880: 19,689,472/500,000,000 (34,790 pos/s)
[r1] stream batch 1248/30880: 20,207,616/500,000,000 (35,425 pos/s)
[r0] stream batch 1232/30880: 19,948,544/500,000,000 (34,832 pos/s)
[r1] stream batch 1264/30880: 20,466,688/500,000,000 (35,461 pos/s)
[r0] stream batch 1248/30880: 20,207,616/500,000,000 (34,874 pos/s)
[r1] stream batch 1280/30880: 20,725,760/500,000,000 (35,500 pos/s)
[r0] stream batch 1264/30880: 20,466,688/500,000,000 (34,912 pos/s)
[r1] stream batch 1296/30880: 20,984,832/500,000,000 (35,537 pos/s)
[r0] stream batch 1280/30880: 20,725,760/500,000,000 (34,954 pos/s)
[r1] stream batch 1312/30880: 21,243,904/500,000,000 (35,569 pos/s)
[r0] stream batch 1296/30880: 20,984,832/500,000,000 (34,995 pos/s)
[r1] stream batch 1328/30880: 21,502,976/500,000,000 (35,610 pos/s)
[r0] stream batch 1312/30880: 21,243,904/500,000,000 (35,033 pos/s)
[r1] stream batch 1344/30880: 21,762,048/500,000,000 (35,645 pos/s)
[r0] stream batch 1328/30880: 21,502,976/500,000,000 (35,077 pos/s)
[r1] stream batch 1360/30880: 22,021,120/500,000,000 (35,679 pos/s)
[r0] stream batch 1344/30880: 21,762,048/500,000,000 (35,111 pos/s)
[r1] stream batch 1376/30880: 22,280,192/500,000,000 (35,709 pos/s)
[r0] stream batch 1360/30880: 22,021,120/500,000,000 (35,148 pos/s)
[r1] stream batch 1392/30880: 22,539,264/500,000,000 (35,749 pos/s)
[r0] stream batch 1376/30880: 22,280,192/500,000,000 (35,182 pos/s)
[r1] stream batch 1408/30880: 22,798,336/500,000,000 (35,775 pos/s)
[r0] stream batch 1392/30880: 22,539,264/500,000,000 (35,224 pos/s)
[r1] stream batch 1424/30880: 23,057,408/500,000,000 (35,805 pos/s)
[r0] stream batch 1408/30880: 22,798,336/500,000,000 (35,257 pos/s)
[r1] stream batch 1440/30880: 23,316,480/500,000,000 (35,832 pos/s)
[r0] stream batch 1424/30880: 23,057,408/500,000,000 (35,291 pos/s)
[r1] stream batch 1456/30880: 23,575,552/500,000,000 (35,861 pos/s)
[r0] stream batch 1440/30880: 23,316,480/500,000,000 (35,322 pos/s)
[r1] stream batch 1472/30880: 23,834,624/500,000,000 (35,888 pos/s)
[r0] stream batch 1456/30880: 23,575,552/500,000,000 (35,352 pos/s)
[r1] stream batch 1488/30880: 24,093,696/500,000,000 (35,919 pos/s)
[r0] stream batch 1472/30880: 23,834,624/500,000,000 (35,384 pos/s)
[r1] stream batch 1504/30880: 24,352,768/500,000,000 (35,952 pos/s)
[r0] stream batch 1488/30880: 24,093,696/500,000,000 (35,422 pos/s)
[r1] stream batch 1520/30880: 24,611,840/500,000,000 (35,986 pos/s)
[r0] stream batch 1504/30880: 24,352,768/500,000,000 (35,460 pos/s)
[r1] stream batch 1536/30880: 24,870,912/500,000,000 (36,011 pos/s)
[r0] stream batch 1520/30880: 24,611,840/500,000,000 (35,491 pos/s)
[r1] stream batch 1552/30880: 25,129,984/500,000,000 (36,031 pos/s)
[r0] stream batch 1536/30880: 24,870,912/500,000,000 (35,521 pos/s)
[r1] stream batch 1568/30880: 25,389,056/500,000,000 (36,078 pos/s)
[r0] stream batch 1552/30880: 25,129,984/500,000,000 (35,554 pos/s)
[r1] stream batch 1584/30880: 25,648,128/500,000,000 (36,104 pos/s)
[r0] stream batch 1568/30880: 25,389,056/500,000,000 (35,603 pos/s)
[r1] stream batch 1600/30880: 25,907,200/500,000,000 (36,128 pos/s)
[r0] stream batch 1584/30880: 25,648,128/500,000,000 (35,628 pos/s)
[r1] stream batch 1616/30880: 26,166,272/500,000,000 (36,161 pos/s)
[r0] stream batch 1600/30880: 25,907,200/500,000,000 (35,653 pos/s)
[r1] stream batch 1632/30880: 26,425,344/500,000,000 (36,181 pos/s)
[r0] stream batch 1616/30880: 26,166,272/500,000,000 (35,687 pos/s)
[r1] stream batch 1648/30880: 26,684,416/500,000,000 (36,213 pos/s)
[r0] stream batch 1632/30880: 26,425,344/500,000,000 (35,711 pos/s)
[r1] stream batch 1664/30880: 26,943,488/500,000,000 (36,238 pos/s)
[r0] stream batch 1648/30880: 26,684,416/500,000,000 (35,736 pos/s)
[r1] stream batch 1680/30880: 27,202,560/500,000,000 (36,260 pos/s)
[r0] stream batch 1664/30880: 26,943,488/500,000,000 (35,764 pos/s)
[r1] stream batch 1696/30880: 27,461,632/500,000,000 (36,286 pos/s)
[r0] stream batch 1680/30880: 27,202,560/500,000,000 (35,788 pos/s)
[r1] stream batch 1712/30880: 27,720,704/500,000,000 (36,308 pos/s)
[r0] stream batch 1696/30880: 27,461,632/500,000,000 (35,817 pos/s)
[r1] stream batch 1728/30880: 27,979,776/500,000,000 (36,332 pos/s)
[r0] stream batch 1712/30880: 27,720,704/500,000,000 (35,840 pos/s)
[r1] stream batch 1744/30880: 28,238,848/500,000,000 (36,360 pos/s)
[r0] stream batch 1728/30880: 27,979,776/500,000,000 (35,868 pos/s)
[r1] stream batch 1760/30880: 28,497,920/500,000,000 (36,381 pos/s)
[r0] stream batch 1744/30880: 28,238,848/500,000,000 (35,896 pos/s)
[r1] stream batch 1776/30880: 28,756,992/500,000,000 (36,404 pos/s)
[r0] stream batch 1760/30880: 28,497,920/500,000,000 (35,922 pos/s)
[r1] stream batch 1792/30880: 29,016,064/500,000,000 (36,419 pos/s)
[r0] stream batch 1776/30880: 28,756,992/500,000,000 (35,948 pos/s)
[r1] stream batch 1808/30880: 29,275,136/500,000,000 (36,443 pos/s)
[r0] stream batch 1792/30880: 29,016,064/500,000,000 (35,962 pos/s)
[r1] stream batch 1824/30880: 29,534,208/500,000,000 (36,466 pos/s)
[r0] stream batch 1808/30880: 29,275,136/500,000,000 (35,985 pos/s)
[r1] stream batch 1840/30880: 29,793,280/500,000,000 (36,487 pos/s)
[r0] stream batch 1824/30880: 29,534,208/500,000,000 (36,006 pos/s)
[r1] stream batch 1856/30880: 30,052,352/500,000,000 (36,506 pos/s)
[r0] stream batch 1840/30880: 29,793,280/500,000,000 (36,026 pos/s)
[r1] stream batch 1872/30880: 30,311,424/500,000,000 (36,527 pos/s)
[r0] stream batch 1856/30880: 30,052,352/500,000,000 (36,047 pos/s)
[r1] stream batch 1888/30880: 30,570,496/500,000,000 (36,547 pos/s)
[r0] stream batch 1872/30880: 30,311,424/500,000,000 (36,067 pos/s)
[r1] stream batch 1904/30880: 30,829,568/500,000,000 (36,571 pos/s)
[r0] stream batch 1888/30880: 30,570,496/500,000,000 (36,085 pos/s)
[r1] stream batch 1920/30880: 31,088,640/500,000,000 (36,587 pos/s)
[r0] stream batch 1904/30880: 30,829,568/500,000,000 (36,108 pos/s)
[r1] stream batch 1936/30880: 31,347,712/500,000,000 (36,608 pos/s)
[r0] stream batch 1920/30880: 31,088,640/500,000,000 (36,132 pos/s)
[r1] stream batch 1952/30880: 31,606,784/500,000,000 (36,625 pos/s)
[r0] stream batch 1936/30880: 31,347,712/500,000,000 (36,156 pos/s)
[r1] stream batch 1968/30880: 31,865,856/500,000,000 (36,644 pos/s)
[r0] stream batch 1952/30880: 31,606,784/500,000,000 (36,175 pos/s)
[r1] stream batch 1984/30880: 32,124,928/500,000,000 (36,663 pos/s)
[r0] stream batch 1968/30880: 31,865,856/500,000,000 (36,198 pos/s)
[r1] stream batch 2000/30880: 32,384,000/500,000,000 (36,676 pos/s)
[r0] stream batch 1984/30880: 32,124,928/500,000,000 (36,216 pos/s)
[r1] stream batch 2016/30880: 32,643,072/500,000,000 (36,691 pos/s)
[r0] stream batch 2000/30880: 32,384,000/500,000,000 (36,230 pos/s)
[r1] stream batch 2032/30880: 32,902,144/500,000,000 (36,707 pos/s)
[r0] stream batch 2016/30880: 32,643,072/500,000,000 (36,246 pos/s)
[r1] stream batch 2048/30880: 33,161,216/500,000,000 (36,721 pos/s)
[r0] stream batch 2032/30880: 32,902,144/500,000,000 (36,259 pos/s)
[r1] stream batch 2064/30880: 33,420,288/500,000,000 (36,734 pos/s)
[r0] stream batch 2048/30880: 33,161,216/500,000,000 (36,274 pos/s)
[r1] stream batch 2080/30880: 33,679,360/500,000,000 (36,748 pos/s)
[r0] stream batch 2064/30880: 33,420,288/500,000,000 (36,289 pos/s)
[r1] stream batch 2096/30880: 33,938,432/500,000,000 (36,760 pos/s)
[r0] stream batch 2080/30880: 33,679,360/500,000,000 (36,305 pos/s)
[r1] stream batch 2112/30880: 34,197,504/500,000,000 (36,776 pos/s)
[r0] stream batch 2096/30880: 33,938,432/500,000,000 (36,321 pos/s)
[r1] stream batch 2128/30880: 34,456,576/500,000,000 (36,794 pos/s)
[r0] stream batch 2112/30880: 34,197,504/500,000,000 (36,338 pos/s)
[r1] stream batch 2144/30880: 34,715,648/500,000,000 (36,810 pos/s)
[r0] stream batch 2128/30880: 34,456,576/500,000,000 (36,352 pos/s)
[r1] stream batch 2160/30880: 34,974,720/500,000,000 (36,825 pos/s)
[r0] stream batch 2144/30880: 34,715,648/500,000,000 (36,368 pos/s)
[r1] stream batch 2176/30880: 35,233,792/500,000,000 (36,848 pos/s)
[r0] stream batch 2160/30880: 34,974,720/500,000,000 (36,386 pos/s)
[r1] stream batch 2192/30880: 35,492,864/500,000,000 (36,861 pos/s)
[r0] stream batch 2176/30880: 35,233,792/500,000,000 (36,405 pos/s)
[r1] stream batch 2208/30880: 35,751,936/500,000,000 (36,880 pos/s)
[r0] stream batch 2192/30880: 35,492,864/500,000,000 (36,420 pos/s)
[r1] stream batch 2224/30880: 36,011,008/500,000,000 (36,898 pos/s)
[r0] stream batch 2208/30880: 35,751,936/500,000,000 (36,439 pos/s)
[r1] stream batch 2240/30880: 36,270,080/500,000,000 (36,906 pos/s)
[r0] stream batch 2224/30880: 36,011,008/500,000,000 (36,457 pos/s)
[r1] stream batch 2256/30880: 36,529,152/500,000,000 (36,917 pos/s)
[r0] stream batch 2240/30880: 36,270,080/500,000,000 (36,471 pos/s)
[r1] stream batch 2272/30880: 36,788,224/500,000,000 (36,932 pos/s)
[r0] stream batch 2256/30880: 36,529,152/500,000,000 (36,485 pos/s)
[r1] stream batch 2288/30880: 37,047,296/500,000,000 (36,946 pos/s)
[r0] stream batch 2272/30880: 36,788,224/500,000,000 (36,504 pos/s)
[r1] stream batch 2304/30880: 37,306,368/500,000,000 (36,959 pos/s)
[r0] stream batch 2288/30880: 37,047,296/500,000,000 (36,517 pos/s)
[r1] stream batch 2320/30880: 37,565,440/500,000,000 (36,970 pos/s)
[r0] stream batch 2304/30880: 37,306,368/500,000,000 (36,535 pos/s)
[r1] stream batch 2336/30880: 37,824,512/500,000,000 (36,980 pos/s)
[r0] stream batch 2320/30880: 37,565,440/500,000,000 (36,550 pos/s)
[r1] stream batch 2352/30880: 38,083,584/500,000,000 (36,990 pos/s)
[r0] stream batch 2336/30880: 37,824,512/500,000,000 (36,564 pos/s)
[r1] stream batch 2368/30880: 38,342,656/500,000,000 (37,003 pos/s)
[r0] stream batch 2352/30880: 38,083,584/500,000,000 (36,576 pos/s)
[r1] stream batch 2384/30880: 38,601,728/500,000,000 (37,013 pos/s)
[r0] stream batch 2368/30880: 38,342,656/500,000,000 (36,590 pos/s)
[r1] stream batch 2400/30880: 38,860,800/500,000,000 (37,027 pos/s)
[r0] stream batch 2384/30880: 38,601,728/500,000,000 (36,601 pos/s)
[r1] stream batch 2416/30880: 39,119,872/500,000,000 (37,038 pos/s)
[r0] stream batch 2400/30880: 38,860,800/500,000,000 (36,616 pos/s)
[r1] stream batch 2432/30880: 39,378,944/500,000,000 (37,049 pos/s)
[r0] stream batch 2416/30880: 39,119,872/500,000,000 (36,633 pos/s)
[r1] stream batch 2448/30880: 39,638,016/500,000,000 (37,059 pos/s)
[r0] stream batch 2432/30880: 39,378,944/500,000,000 (36,643 pos/s)
[r1] stream batch 2464/30880: 39,897,088/500,000,000 (37,070 pos/s)
[r0] stream batch 2448/30880: 39,638,016/500,000,000 (36,656 pos/s)
[r1] stream batch 2480/30880: 40,156,160/500,000,000 (37,083 pos/s)
[r0] stream batch 2464/30880: 39,897,088/500,000,000 (36,665 pos/s)
[r1] stream batch 2496/30880: 40,415,232/500,000,000 (37,093 pos/s)
[r0] stream batch 2480/30880: 40,156,160/500,000,000 (36,678 pos/s)
[r1] stream batch 2512/30880: 40,674,304/500,000,000 (37,104 pos/s)
[r0] stream batch 2496/30880: 40,415,232/500,000,000 (36,690 pos/s)
[r1] stream batch 2528/30880: 40,933,376/500,000,000 (37,112 pos/s)
[r0] stream batch 2512/30880: 40,674,304/500,000,000 (36,708 pos/s)
[r1] stream batch 2544/30880: 41,192,448/500,000,000 (37,121 pos/s)
[r0] stream batch 2528/30880: 40,933,376/500,000,000 (36,717 pos/s)
[r1] stream batch 2560/30880: 41,451,520/500,000,000 (37,135 pos/s)
[r0] stream batch 2544/30880: 41,192,448/500,000,000 (36,726 pos/s)
[r1] stream batch 2576/30880: 41,710,592/500,000,000 (37,143 pos/s)
[r0] stream batch 2560/30880: 41,451,520/500,000,000 (36,745 pos/s)
[r1] stream batch 2592/30880: 41,969,664/500,000,000 (37,153 pos/s)
[r0] stream batch 2576/30880: 41,710,592/500,000,000 (36,756 pos/s)
[r1] stream batch 2608/30880: 42,228,736/500,000,000 (37,164 pos/s)
[r0] stream batch 2592/30880: 41,969,664/500,000,000 (36,768 pos/s)
[r1] stream batch 2624/30880: 42,487,808/500,000,000 (37,181 pos/s)
[r0] stream batch 2608/30880: 42,228,736/500,000,000 (36,778 pos/s)
[r1] stream batch 2640/30880: 42,746,880/500,000,000 (37,188 pos/s)
[r0] stream batch 2624/30880: 42,487,808/500,000,000 (36,790 pos/s)
[r1] stream batch 2656/30880: 43,005,952/500,000,000 (37,199 pos/s)
[r0] stream batch 2640/30880: 42,746,880/500,000,000 (36,802 pos/s)
[r1] stream batch 2672/30880: 43,265,024/500,000,000 (37,209 pos/s)
[r0] stream batch 2656/30880: 43,005,952/500,000,000 (36,816 pos/s)
[r1] stream batch 2688/30880: 43,524,096/500,000,000 (37,219 pos/s)
[r0] stream batch 2672/30880: 43,265,024/500,000,000 (36,826 pos/s)
[r1] stream batch 2704/30880: 43,783,168/500,000,000 (37,229 pos/s)
[r0] stream batch 2688/30880: 43,524,096/500,000,000 (36,835 pos/s)
[r1] stream batch 2720/30880: 44,042,240/500,000,000 (37,243 pos/s)
[r0] stream batch 2704/30880: 43,783,168/500,000,000 (36,844 pos/s)
[r1] stream batch 2736/30880: 44,301,312/500,000,000 (37,252 pos/s)
[r0] stream batch 2720/30880: 44,042,240/500,000,000 (36,855 pos/s)
[r1] stream batch 2752/30880: 44,560,384/500,000,000 (37,262 pos/s)
[r0] stream batch 2736/30880: 44,301,312/500,000,000 (36,867 pos/s)
[r1] stream batch 2768/30880: 44,819,456/500,000,000 (37,274 pos/s)
[r0] stream batch 2752/30880: 44,560,384/500,000,000 (36,881 pos/s)
[r1] stream batch 2784/30880: 45,078,528/500,000,000 (37,288 pos/s)
[r0] stream batch 2768/30880: 44,819,456/500,000,000 (36,895 pos/s)
[r1] stream batch 2800/30880: 45,337,600/500,000,000 (37,296 pos/s)
[r0] stream batch 2784/30880: 45,078,528/500,000,000 (36,908 pos/s)
[r1] stream batch 2816/30880: 45,596,672/500,000,000 (37,307 pos/s)
[r0] stream batch 2800/30880: 45,337,600/500,000,000 (36,915 pos/s)
[r1] stream batch 2832/30880: 45,855,744/500,000,000 (37,316 pos/s)
[r0] stream batch 2816/30880: 45,596,672/500,000,000 (36,927 pos/s)
[r1] stream batch 2848/30880: 46,114,816/500,000,000 (37,325 pos/s)
[r0] stream batch 2832/30880: 45,855,744/500,000,000 (36,933 pos/s)
[r1] stream batch 2864/30880: 46,373,888/500,000,000 (37,334 pos/s)
[r0] stream batch 2848/30880: 46,114,816/500,000,000 (36,942 pos/s)
[r1] stream batch 2880/30880: 46,632,960/500,000,000 (37,342 pos/s)
[r0] stream batch 2864/30880: 46,373,888/500,000,000 (36,951 pos/s)
[r1] stream batch 2896/30880: 46,892,032/500,000,000 (37,347 pos/s)
[r0] stream batch 2880/30880: 46,632,960/500,000,000 (36,960 pos/s)
[r1] stream batch 2912/30880: 47,151,104/500,000,000 (37,359 pos/s)
[r0] stream batch 2896/30880: 46,892,032/500,000,000 (36,970 pos/s)
[r1] stream batch 2928/30880: 47,410,176/500,000,000 (37,367 pos/s)
[r0] stream batch 2912/30880: 47,151,104/500,000,000 (36,983 pos/s)
[r1] stream batch 2944/30880: 47,669,248/500,000,000 (37,375 pos/s)
[r0] stream batch 2928/30880: 47,410,176/500,000,000 (36,992 pos/s)
[r1] stream batch 2960/30880: 47,928,320/500,000,000 (37,383 pos/s)
[r0] stream batch 2944/30880: 47,669,248/500,000,000 (37,004 pos/s)
[r1] stream batch 2976/30880: 48,187,392/500,000,000 (37,390 pos/s)
[r0] stream batch 2960/30880: 47,928,320/500,000,000 (37,013 pos/s)
[r1] stream batch 2992/30880: 48,446,464/500,000,000 (37,400 pos/s)
[r0] stream batch 2976/30880: 48,187,392/500,000,000 (37,023 pos/s)
[r1] stream batch 3008/30880: 48,705,536/500,000,000 (37,406 pos/s)
[r0] stream batch 2992/30880: 48,446,464/500,000,000 (37,031 pos/s)
[r1] stream batch 3024/30880: 48,964,608/500,000,000 (37,412 pos/s)
[r0] stream batch 3008/30880: 48,705,536/500,000,000 (37,039 pos/s)
[r1] stream batch 3040/30880: 49,223,680/500,000,000 (37,419 pos/s)
[r0] stream batch 3024/30880: 48,964,608/500,000,000 (37,044 pos/s)
[r1] stream batch 3056/30880: 49,482,752/500,000,000 (37,428 pos/s)
[r0] stream batch 3040/30880: 49,223,680/500,000,000 (37,052 pos/s)
[r1] stream batch 3072/30880: 49,741,824/500,000,000 (37,433 pos/s)
[r0] stream batch 3056/30880: 49,482,752/500,000,000 (37,064 pos/s)
[r1] stream batch 3088/30880: 50,000,896/500,000,000 (37,441 pos/s)
[r0] stream batch 3072/30880: 49,741,824/500,000,000 (37,072 pos/s)
[r1] stream batch 3104/30880: 50,259,968/500,000,000 (37,446 pos/s)
[r0] stream batch 3088/30880: 50,000,896/500,000,000 (37,080 pos/s)
[r1] stream batch 3120/30880: 50,519,040/500,000,000 (37,453 pos/s)
[r0] stream batch 3104/30880: 50,259,968/500,000,000 (37,085 pos/s)
[r1] stream batch 3136/30880: 50,778,112/500,000,000 (37,459 pos/s)
[r0] stream batch 3120/30880: 50,519,040/500,000,000 (37,094 pos/s)
[r1] stream batch 3152/30880: 51,037,184/500,000,000 (37,466 pos/s)
[r0] stream batch 3136/30880: 50,778,112/500,000,000 (37,099 pos/s)
[r1] stream batch 3168/30880: 51,296,256/500,000,000 (37,473 pos/s)
[r0] stream batch 3152/30880: 51,037,184/500,000,000 (37,110 pos/s)
[r1] stream batch 3184/30880: 51,555,328/500,000,000 (37,479 pos/s)
[r0] stream batch 3168/30880: 51,296,256/500,000,000 (37,114 pos/s)
[r1] stream batch 3200/30880: 51,814,400/500,000,000 (37,484 pos/s)
[r0] stream batch 3184/30880: 51,555,328/500,000,000 (37,125 pos/s)
[r1] stream batch 3216/30880: 52,073,472/500,000,000 (37,490 pos/s)
[r0] stream batch 3200/30880: 51,814,400/500,000,000 (37,133 pos/s)
[r1] stream batch 3232/30880: 52,332,544/500,000,000 (37,496 pos/s)
[r0] stream batch 3216/30880: 52,073,472/500,000,000 (37,142 pos/s)
[r1] stream batch 3248/30880: 52,591,616/500,000,000 (37,505 pos/s)
[r0] stream batch 3232/30880: 52,332,544/500,000,000 (37,147 pos/s)
[r1] stream batch 3264/30880: 52,850,688/500,000,000 (37,512 pos/s)
[r0] stream batch 3248/30880: 52,591,616/500,000,000 (37,156 pos/s)
[r1] stream batch 3280/30880: 53,109,760/500,000,000 (37,517 pos/s)
[r0] stream batch 3264/30880: 52,850,688/500,000,000 (37,163 pos/s)
[r1] stream batch 3296/30880: 53,368,832/500,000,000 (37,524 pos/s)
[r0] stream batch 3280/30880: 53,109,760/500,000,000 (37,169 pos/s)
[r1] stream batch 3312/30880: 53,627,904/500,000,000 (37,529 pos/s)
[r0] stream batch 3296/30880: 53,368,832/500,000,000 (37,177 pos/s)
[r1] stream batch 3328/30880: 53,886,976/500,000,000 (37,534 pos/s)
[r0] stream batch 3312/30880: 53,627,904/500,000,000 (37,183 pos/s)
[r1] stream batch 3344/30880: 54,146,048/500,000,000 (37,541 pos/s)
[r0] stream batch 3328/30880: 53,886,976/500,000,000 (37,188 pos/s)
[r1] stream batch 3360/30880: 54,405,120/500,000,000 (37,548 pos/s)
[r0] stream batch 3344/30880: 54,146,048/500,000,000 (37,199 pos/s)
[r1] stream batch 3376/30880: 54,664,192/500,000,000 (37,553 pos/s)
[r0] stream batch 3360/30880: 54,405,120/500,000,000 (37,207 pos/s)
[r1] stream batch 3392/30880: 54,923,264/500,000,000 (37,561 pos/s)
[r0] stream batch 3376/30880: 54,664,192/500,000,000 (37,214 pos/s)
[r1] stream batch 3408/30880: 55,182,336/500,000,000 (37,570 pos/s)
[r1] stream batch 3424/30880: 55,441,408/500,000,000 (37,580 pos/s)
[r0] stream batch 3392/30880: 54,923,264/500,000,000 (37,219 pos/s)
[r1] stream batch 3440/30880: 55,700,480/500,000,000 (37,587 pos/s)
[r0] stream batch 3408/30880: 55,182,336/500,000,000 (37,228 pos/s)
[r1] stream batch 3456/30880: 55,959,552/500,000,000 (37,596 pos/s)
[r0] stream batch 3424/30880: 55,441,408/500,000,000 (37,238 pos/s)
[r1] stream batch 3472/30880: 56,218,624/500,000,000 (37,601 pos/s)
[r0] stream batch 3440/30880: 55,700,480/500,000,000 (37,248 pos/s)
[r0] stream batch 3456/30880: 55,959,552/500,000,000 (37,257 pos/s)
[r1] stream batch 3488/30880: 56,477,696/500,000,000 (37,607 pos/s)
[r0] stream batch 3472/30880: 56,218,624/500,000,000 (37,264 pos/s)
[r1] stream batch 3504/30880: 56,736,768/500,000,000 (37,613 pos/s)
[r0] stream batch 3488/30880: 56,477,696/500,000,000 (37,273 pos/s)
[r1] stream batch 3520/30880: 56,995,840/500,000,000 (37,618 pos/s)
[r0] stream batch 3504/30880: 56,736,768/500,000,000 (37,279 pos/s)
[r1] stream batch 3536/30880: 57,254,912/500,000,000 (37,621 pos/s)
[r0] stream batch 3520/30880: 56,995,840/500,000,000 (37,286 pos/s)
[r1] stream batch 3552/30880: 57,513,984/500,000,000 (37,629 pos/s)
[r0] stream batch 3536/30880: 57,254,912/500,000,000 (37,292 pos/s)
[r1] stream batch 3568/30880: 57,773,056/500,000,000 (37,634 pos/s)
[r1] stream batch 3584/30880: 58,032,128/500,000,000 (37,643 pos/s)
[r0] stream batch 3552/30880: 57,513,984/500,000,000 (37,299 pos/s)
[r1] stream batch 3600/30880: 58,291,200/500,000,000 (37,652 pos/s)
[r0] stream batch 3568/30880: 57,773,056/500,000,000 (37,306 pos/s)
[r1] stream batch 3616/30880: 58,550,272/500,000,000 (37,658 pos/s)
[r0] stream batch 3584/30880: 58,032,128/500,000,000 (37,313 pos/s)
[r1] stream batch 3632/30880: 58,809,344/500,000,000 (37,669 pos/s)
[r0] stream batch 3600/30880: 58,291,200/500,000,000 (37,322 pos/s)
[r1] stream batch 3648/30880: 59,068,416/500,000,000 (37,675 pos/s)
[r0] stream batch 3616/30880: 58,550,272/500,000,000 (37,328 pos/s)
[r1] stream batch 3664/30880: 59,327,488/500,000,000 (37,684 pos/s)
[r0] stream batch 3632/30880: 58,809,344/500,000,000 (37,340 pos/s)
[r1] stream batch 3680/30880: 59,586,560/500,000,000 (37,689 pos/s)
[r0] stream batch 3648/30880: 59,068,416/500,000,000 (37,347 pos/s)
[r1] stream batch 3696/30880: 59,845,632/500,000,000 (37,695 pos/s)
[r0] stream batch 3664/30880: 59,327,488/500,000,000 (37,357 pos/s)
[r1] stream batch 3712/30880: 60,104,704/500,000,000 (37,702 pos/s)
[r0] stream batch 3680/30880: 59,586,560/500,000,000 (37,366 pos/s)
[r1] stream batch 3728/30880: 60,363,776/500,000,000 (37,706 pos/s)
[r0] stream batch 3696/30880: 59,845,632/500,000,000 (37,370 pos/s)
[r1] stream batch 3744/30880: 60,622,848/500,000,000 (37,710 pos/s)
[r0] stream batch 3712/30880: 60,104,704/500,000,000 (37,377 pos/s)
[r1] stream batch 3760/30880: 60,881,920/500,000,000 (37,715 pos/s)
[r0] stream batch 3728/30880: 60,363,776/500,000,000 (37,380 pos/s)
[r1] stream batch 3776/30880: 61,140,992/500,000,000 (37,726 pos/s)
[r0] stream batch 3744/30880: 60,622,848/500,000,000 (37,385 pos/s)
[r1] stream batch 3792/30880: 61,400,064/500,000,000 (37,734 pos/s)
[r0] stream batch 3760/30880: 60,881,920/500,000,000 (37,389 pos/s)
[r1] stream batch 3808/30880: 61,659,136/500,000,000 (37,737 pos/s)
[r0] stream batch 3776/30880: 61,140,992/500,000,000 (37,402 pos/s)
[r1] stream batch 3824/30880: 61,918,208/500,000,000 (37,743 pos/s)
[r0] stream batch 3792/30880: 61,400,064/500,000,000 (37,411 pos/s)
[r1] stream batch 3840/30880: 62,177,280/500,000,000 (37,749 pos/s)
[r0] stream batch 3808/30880: 61,659,136/500,000,000 (37,416 pos/s)
[r1] stream batch 3856/30880: 62,436,352/500,000,000 (37,755 pos/s)
[r0] stream batch 3824/30880: 61,918,208/500,000,000 (37,422 pos/s)
[r1] stream batch 3872/30880: 62,695,424/500,000,000 (37,759 pos/s)
[r0] stream batch 3840/30880: 62,177,280/500,000,000 (37,430 pos/s)
[r1] stream batch 3888/30880: 62,954,496/500,000,000 (37,765 pos/s)
[r0] stream batch 3856/30880: 62,436,352/500,000,000 (37,436 pos/s)
[r1] stream batch 3904/30880: 63,213,568/500,000,000 (37,772 pos/s)
[r0] stream batch 3872/30880: 62,695,424/500,000,000 (37,442 pos/s)
[r1] stream batch 3920/30880: 63,472,640/500,000,000 (37,778 pos/s)
[r0] stream batch 3888/30880: 62,954,496/500,000,000 (37,447 pos/s)
[r1] stream batch 3936/30880: 63,731,712/500,000,000 (37,782 pos/s)
[r0] stream batch 3904/30880: 63,213,568/500,000,000 (37,454 pos/s)
[r1] stream batch 3952/30880: 63,990,784/500,000,000 (37,788 pos/s)
[r0] stream batch 3920/30880: 63,472,640/500,000,000 (37,460 pos/s)
[r1] stream batch 3968/30880: 64,249,856/500,000,000 (37,801 pos/s)
[r0] stream batch 3936/30880: 63,731,712/500,000,000 (37,466 pos/s)
[r1] stream batch 3984/30880: 64,508,928/500,000,000 (37,812 pos/s)
[r0] stream batch 3952/30880: 63,990,784/500,000,000 (37,472 pos/s)
[r1] stream batch 4000/30880: 64,768,000/500,000,000 (37,815 pos/s)
[r0] stream batch 3968/30880: 64,249,856/500,000,000 (37,485 pos/s)
[r1] stream batch 4016/30880: 65,027,072/500,000,000 (37,820 pos/s)
[r0] stream batch 3984/30880: 64,508,928/500,000,000 (37,497 pos/s)
[r1] stream batch 4032/30880: 65,286,144/500,000,000 (37,825 pos/s)
[r0] stream batch 4000/30880: 64,768,000/500,000,000 (37,503 pos/s)
[r1] stream batch 4048/30880: 65,545,216/500,000,000 (37,828 pos/s)
[r0] stream batch 4016/30880: 65,027,072/500,000,000 (37,508 pos/s)
[r1] stream batch 4064/30880: 65,804,288/500,000,000 (37,832 pos/s)
[r0] stream batch 4032/30880: 65,286,144/500,000,000 (37,515 pos/s)
[r1] stream batch 4080/30880: 66,063,360/500,000,000 (37,836 pos/s)
[r0] stream batch 4048/30880: 65,545,216/500,000,000 (37,520 pos/s)
[r1] stream batch 4096/30880: 66,322,432/500,000,000 (37,841 pos/s)
[r0] stream batch 4064/30880: 65,804,288/500,000,000 (37,525 pos/s)
[r1] stream batch 4112/30880: 66,581,504/500,000,000 (37,847 pos/s)
[r0] stream batch 4080/30880: 66,063,360/500,000,000 (37,531 pos/s)
[r1] stream batch 4128/30880: 66,840,576/500,000,000 (37,851 pos/s)
[r0] stream batch 4096/30880: 66,322,432/500,000,000 (37,537 pos/s)
[r1] stream batch 4144/30880: 67,099,648/500,000,000 (37,855 pos/s)
[r0] stream batch 4112/30880: 66,581,504/500,000,000 (37,542 pos/s)
[r1] stream batch 4160/30880: 67,358,720/500,000,000 (37,862 pos/s)
[r0] stream batch 4128/30880: 66,840,576/500,000,000 (37,546 pos/s)
[r1] stream batch 4176/30880: 67,617,792/500,000,000 (37,867 pos/s)
[r0] stream batch 4144/30880: 67,099,648/500,000,000 (37,553 pos/s)
[r1] stream batch 4192/30880: 67,876,864/500,000,000 (37,874 pos/s)
[r0] stream batch 4160/30880: 67,358,720/500,000,000 (37,558 pos/s)
[r1] stream batch 4208/30880: 68,135,936/500,000,000 (37,880 pos/s)
[r0] stream batch 4176/30880: 67,617,792/500,000,000 (37,564 pos/s)
[r1] stream batch 4224/30880: 68,395,008/500,000,000 (37,884 pos/s)
[r0] stream batch 4192/30880: 67,876,864/500,000,000 (37,571 pos/s)
[r1] stream batch 4240/30880: 68,654,080/500,000,000 (37,888 pos/s)
[r0] stream batch 4208/30880: 68,135,936/500,000,000 (37,579 pos/s)
[r1] stream batch 4256/30880: 68,913,152/500,000,000 (37,892 pos/s)
[r0] stream batch 4224/30880: 68,395,008/500,000,000 (37,583 pos/s)
[r1] stream batch 4272/30880: 69,172,224/500,000,000 (37,898 pos/s)
[r0] stream batch 4240/30880: 68,654,080/500,000,000 (37,589 pos/s)
[r1] stream batch 4288/30880: 69,431,296/500,000,000 (37,907 pos/s)
[r0] stream batch 4256/30880: 68,913,152/500,000,000 (37,593 pos/s)
[r1] stream batch 4304/30880: 69,690,368/500,000,000 (37,910 pos/s)
[r0] stream batch 4272/30880: 69,172,224/500,000,000 (37,601 pos/s)
[r1] stream batch 4320/30880: 69,949,440/500,000,000 (37,916 pos/s)
[r0] stream batch 4288/30880: 69,431,296/500,000,000 (37,608 pos/s)
[r1] stream batch 4336/30880: 70,208,512/500,000,000 (37,919 pos/s)
[r0] stream batch 4304/30880: 69,690,368/500,000,000 (37,611 pos/s)
[r1] stream batch 4352/30880: 70,467,584/500,000,000 (37,924 pos/s)
[r0] stream batch 4320/30880: 69,949,440/500,000,000 (37,615 pos/s)
[r1] stream batch 4368/30880: 70,726,656/500,000,000 (37,927 pos/s)
[r0] stream batch 4336/30880: 70,208,512/500,000,000 (37,620 pos/s)
[r1] stream batch 4384/30880: 70,985,728/500,000,000 (37,931 pos/s)
[r0] stream batch 4352/30880: 70,467,584/500,000,000 (37,625 pos/s)
[r1] stream batch 4400/30880: 71,244,800/500,000,000 (37,933 pos/s)
[r0] stream batch 4368/30880: 70,726,656/500,000,000 (37,629 pos/s)
[r1] stream batch 4416/30880: 71,503,872/500,000,000 (37,936 pos/s)
[r0] stream batch 4384/30880: 70,985,728/500,000,000 (37,635 pos/s)
[r1] stream batch 4432/30880: 71,762,944/500,000,000 (37,938 pos/s)
[r0] stream batch 4400/30880: 71,244,800/500,000,000 (37,639 pos/s)
[r1] stream batch 4448/30880: 72,022,016/500,000,000 (37,941 pos/s)
[r0] stream batch 4416/30880: 71,503,872/500,000,000 (37,642 pos/s)
[r1] stream batch 4464/30880: 72,281,088/500,000,000 (37,942 pos/s)
[r0] stream batch 4432/30880: 71,762,944/500,000,000 (37,644 pos/s)
[r1] stream batch 4480/30880: 72,540,160/500,000,000 (37,949 pos/s)
[r0] stream batch 4448/30880: 72,022,016/500,000,000 (37,649 pos/s)
[r1] stream batch 4496/30880: 72,799,232/500,000,000 (37,953 pos/s)
[r0] stream batch 4464/30880: 72,281,088/500,000,000 (37,649 pos/s)
[r1] stream batch 4512/30880: 73,058,304/500,000,000 (37,960 pos/s)
[r0] stream batch 4480/30880: 72,540,160/500,000,000 (37,656 pos/s)
[r1] stream batch 4528/30880: 73,317,376/500,000,000 (37,962 pos/s)
[r0] stream batch 4496/30880: 72,799,232/500,000,000 (37,663 pos/s)
[r1] stream batch 4544/30880: 73,576,448/500,000,000 (37,966 pos/s)
[r0] stream batch 4512/30880: 73,058,304/500,000,000 (37,669 pos/s)
[r1] stream batch 4560/30880: 73,835,520/500,000,000 (37,971 pos/s)
[r0] stream batch 4528/30880: 73,317,376/500,000,000 (37,672 pos/s)
[r1] stream batch 4576/30880: 74,094,592/500,000,000 (37,975 pos/s)
[r0] stream batch 4544/30880: 73,576,448/500,000,000 (37,677 pos/s)
[r1] stream batch 4592/30880: 74,353,664/500,000,000 (37,978 pos/s)
[r0] stream batch 4560/30880: 73,835,520/500,000,000 (37,682 pos/s)
[r1] stream batch 4608/30880: 74,612,736/500,000,000 (37,981 pos/s)
[r0] stream batch 4576/30880: 74,094,592/500,000,000 (37,687 pos/s)
[r1] stream batch 4624/30880: 74,871,808/500,000,000 (37,983 pos/s)
[r0] stream batch 4592/30880: 74,353,664/500,000,000 (37,690 pos/s)
[r1] stream batch 4640/30880: 75,130,880/500,000,000 (37,990 pos/s)
[r0] stream batch 4608/30880: 74,612,736/500,000,000 (37,695 pos/s)
[r1] stream batch 4656/30880: 75,389,952/500,000,000 (37,996 pos/s)
[r0] stream batch 4624/30880: 74,871,808/500,000,000 (37,698 pos/s)
[r1] stream batch 4672/30880: 75,649,024/500,000,000 (38,000 pos/s)
[r0] stream batch 4640/30880: 75,130,880/500,000,000 (37,705 pos/s)
[r1] stream batch 4688/30880: 75,908,096/500,000,000 (38,003 pos/s)
[r0] stream batch 4656/30880: 75,389,952/500,000,000 (37,712 pos/s)
[r1] stream batch 4704/30880: 76,167,168/500,000,000 (38,007 pos/s)
[r0] stream batch 4672/30880: 75,649,024/500,000,000 (37,717 pos/s)
[r1] stream batch 4720/30880: 76,426,240/500,000,000 (38,010 pos/s)
[r0] stream batch 4688/30880: 75,908,096/500,000,000 (37,721 pos/s)
[r1] stream batch 4736/30880: 76,685,312/500,000,000 (38,012 pos/s)
[r0] stream batch 4704/30880: 76,167,168/500,000,000 (37,726 pos/s)
[r1] stream batch 4752/30880: 76,944,384/500,000,000 (38,015 pos/s)
[r0] stream batch 4720/30880: 76,426,240/500,000,000 (37,729 pos/s)
[r1] stream batch 4768/30880: 77,203,456/500,000,000 (38,019 pos/s)
[r0] stream batch 4736/30880: 76,685,312/500,000,000 (37,735 pos/s)
[r1] stream batch 4784/30880: 77,462,528/500,000,000 (38,023 pos/s)
[r0] stream batch 4752/30880: 76,944,384/500,000,000 (37,738 pos/s)
[r1] stream batch 4800/30880: 77,721,600/500,000,000 (38,025 pos/s)
[r0] stream batch 4768/30880: 77,203,456/500,000,000 (37,742 pos/s)
[r1] stream batch 4816/30880: 77,980,672/500,000,000 (38,028 pos/s)
[r0] stream batch 4784/30880: 77,462,528/500,000,000 (37,746 pos/s)
[r1] stream batch 4832/30880: 78,239,744/500,000,000 (38,035 pos/s)
[r0] stream batch 4800/30880: 77,721,600/500,000,000 (37,751 pos/s)
[r1] stream batch 4848/30880: 78,498,816/500,000,000 (38,043 pos/s)
[r0] stream batch 4816/30880: 77,980,672/500,000,000 (37,755 pos/s)
[r1] stream batch 4864/30880: 78,757,888/500,000,000 (38,046 pos/s)
[r0] stream batch 4832/30880: 78,239,744/500,000,000 (37,764 pos/s)
[r1] stream batch 4880/30880: 79,016,960/500,000,000 (38,049 pos/s)
[r0] stream batch 4848/30880: 78,498,816/500,000,000 (37,771 pos/s)
[r1] stream batch 4896/30880: 79,276,032/500,000,000 (38,054 pos/s)
[r0] stream batch 4864/30880: 78,757,888/500,000,000 (37,773 pos/s)
[r1] stream batch 4912/30880: 79,535,104/500,000,000 (38,061 pos/s)
[r0] stream batch 4880/30880: 79,016,960/500,000,000 (37,776 pos/s)
[r1] stream batch 4928/30880: 79,794,176/500,000,000 (38,065 pos/s)
[r0] stream batch 4896/30880: 79,276,032/500,000,000 (37,779 pos/s)
[r1] stream batch 4944/30880: 80,053,248/500,000,000 (38,068 pos/s)
[r0] stream batch 4912/30880: 79,535,104/500,000,000 (37,783 pos/s)
[r1] stream batch 4960/30880: 80,312,320/500,000,000 (38,070 pos/s)
[r0] stream batch 4928/30880: 79,794,176/500,000,000 (37,788 pos/s)
[r1] stream batch 4976/30880: 80,571,392/500,000,000 (38,076 pos/s)
[r0] stream batch 4944/30880: 80,053,248/500,000,000 (37,792 pos/s)
[r1] stream batch 4992/30880: 80,830,464/500,000,000 (38,078 pos/s)
[r0] stream batch 4960/30880: 80,312,320/500,000,000 (37,794 pos/s)
[r1] stream batch 5008/30880: 81,089,536/500,000,000 (38,081 pos/s)
[r0] stream batch 4976/30880: 80,571,392/500,000,000 (37,799 pos/s)
[r1] stream batch 5024/30880: 81,348,608/500,000,000 (38,084 pos/s)
[r0] stream batch 4992/30880: 80,830,464/500,000,000 (37,802 pos/s)
[r1] stream batch 5040/30880: 81,607,680/500,000,000 (38,084 pos/s)
[r0] stream batch 5008/30880: 81,089,536/500,000,000 (37,805 pos/s)
[r1] stream batch 5056/30880: 81,866,752/500,000,000 (38,087 pos/s)
[r0] stream batch 5024/30880: 81,348,608/500,000,000 (37,810 pos/s)
[r1] stream batch 5072/30880: 82,125,824/500,000,000 (38,091 pos/s)
[r0] stream batch 5040/30880: 81,607,680/500,000,000 (37,811 pos/s)
[r1] stream batch 5088/30880: 82,384,896/500,000,000 (38,093 pos/s)
[r0] stream batch 5056/30880: 81,866,752/500,000,000 (37,814 pos/s)
[r1] stream batch 5104/30880: 82,643,968/500,000,000 (38,094 pos/s)
[r0] stream batch 5072/30880: 82,125,824/500,000,000 (37,815 pos/s)
[r1] stream batch 5120/30880: 82,903,040/500,000,000 (38,096 pos/s)
[r0] stream batch 5088/30880: 82,384,896/500,000,000 (37,818 pos/s)
[r1] stream batch 5136/30880: 83,162,112/500,000,000 (38,097 pos/s)
[r0] stream batch 5104/30880: 82,643,968/500,000,000 (37,821 pos/s)
[r1] stream batch 5152/30880: 83,421,184/500,000,000 (38,099 pos/s)
[r0] stream batch 5120/30880: 82,903,040/500,000,000 (37,825 pos/s)
[r1] stream batch 5168/30880: 83,680,256/500,000,000 (38,104 pos/s)
[r0] stream batch 5136/30880: 83,162,112/500,000,000 (37,828 pos/s)
[r1] stream batch 5184/30880: 83,939,328/500,000,000 (38,107 pos/s)
[r0] stream batch 5152/30880: 83,421,184/500,000,000 (37,830 pos/s)
[r1] stream batch 5200/30880: 84,198,400/500,000,000 (38,111 pos/s)
[r0] stream batch 5168/30880: 83,680,256/500,000,000 (37,835 pos/s)
[r1] stream batch 5216/30880: 84,457,472/500,000,000 (38,113 pos/s)
[r0] stream batch 5184/30880: 83,939,328/500,000,000 (37,837 pos/s)
[r1] stream batch 5232/30880: 84,716,544/500,000,000 (38,120 pos/s)
[r0] stream batch 5200/30880: 84,198,400/500,000,000 (37,841 pos/s)
[r1] stream batch 5248/30880: 84,975,616/500,000,000 (38,123 pos/s)
[r0] stream batch 5216/30880: 84,457,472/500,000,000 (37,846 pos/s)
[r1] stream batch 5264/30880: 85,234,688/500,000,000 (38,125 pos/s)
[r0] stream batch 5232/30880: 84,716,544/500,000,000 (37,853 pos/s)
[r1] stream batch 5280/30880: 85,493,760/500,000,000 (38,129 pos/s)
[r0] stream batch 5248/30880: 84,975,616/500,000,000 (37,856 pos/s)
[r1] stream batch 5296/30880: 85,752,832/500,000,000 (38,131 pos/s)
[r0] stream batch 5264/30880: 85,234,688/500,000,000 (37,861 pos/s)
[r1] stream batch 5312/30880: 86,011,904/500,000,000 (38,135 pos/s)
[r0] stream batch 5280/30880: 85,493,760/500,000,000 (37,864 pos/s)
[r1] stream batch 5328/30880: 86,270,976/500,000,000 (38,138 pos/s)
[r0] stream batch 5296/30880: 85,752,832/500,000,000 (37,865 pos/s)
[r1] stream batch 5344/30880: 86,530,048/500,000,000 (38,140 pos/s)
[r0] stream batch 5312/30880: 86,011,904/500,000,000 (37,869 pos/s)
[r1] stream batch 5360/30880: 86,789,120/500,000,000 (38,144 pos/s)
[r0] stream batch 5328/30880: 86,270,976/500,000,000 (37,873 pos/s)
[r1] stream batch 5376/30880: 87,048,192/500,000,000 (38,146 pos/s)
[r0] stream batch 5344/30880: 86,530,048/500,000,000 (37,875 pos/s)
[r1] stream batch 5392/30880: 87,307,264/500,000,000 (38,148 pos/s)
[r0] stream batch 5360/30880: 86,789,120/500,000,000 (37,879 pos/s)
[r1] stream batch 5408/30880: 87,566,336/500,000,000 (38,151 pos/s)
[r0] stream batch 5376/30880: 87,048,192/500,000,000 (37,882 pos/s)
[r1] stream batch 5424/30880: 87,825,408/500,000,000 (38,152 pos/s)
[r0] stream batch 5392/30880: 87,307,264/500,000,000 (37,885 pos/s)
[r1] stream batch 5440/30880: 88,084,480/500,000,000 (38,154 pos/s)
[r0] stream batch 5408/30880: 87,566,336/500,000,000 (37,888 pos/s)
[r1] stream batch 5456/30880: 88,343,552/500,000,000 (38,156 pos/s)
[r0] stream batch 5424/30880: 87,825,408/500,000,000 (37,891 pos/s)
[r1] stream batch 5472/30880: 88,602,624/500,000,000 (38,158 pos/s)
[r0] stream batch 5440/30880: 88,084,480/500,000,000 (37,893 pos/s)
[r1] stream batch 5488/30880: 88,861,696/500,000,000 (38,159 pos/s)
[r0] stream batch 5456/30880: 88,343,552/500,000,000 (37,898 pos/s)
[r1] stream batch 5504/30880: 89,120,768/500,000,000 (38,163 pos/s)
[r0] stream batch 5472/30880: 88,602,624/500,000,000 (37,900 pos/s)
[r1] stream batch 5520/30880: 89,379,840/500,000,000 (38,165 pos/s)
[r0] stream batch 5488/30880: 88,861,696/500,000,000 (37,903 pos/s)
[r1] stream batch 5536/30880: 89,638,912/500,000,000 (38,166 pos/s)
[r0] stream batch 5504/30880: 89,120,768/500,000,000 (37,907 pos/s)
[r1] stream batch 5552/30880: 89,897,984/500,000,000 (38,168 pos/s)
[r0] stream batch 5520/30880: 89,379,840/500,000,000 (37,910 pos/s)
[r1] stream batch 5568/30880: 90,157,056/500,000,000 (38,171 pos/s)
[r0] stream batch 5536/30880: 89,638,912/500,000,000 (37,912 pos/s)
[r1] stream batch 5584/30880: 90,416,128/500,000,000 (38,174 pos/s)
[r0] stream batch 5552/30880: 89,897,984/500,000,000 (37,914 pos/s)
[r1] stream batch 5600/30880: 90,675,200/500,000,000 (38,176 pos/s)
[r0] stream batch 5568/30880: 90,157,056/500,000,000 (37,917 pos/s)
[r1] stream batch 5616/30880: 90,934,272/500,000,000 (38,178 pos/s)
[r0] stream batch 5584/30880: 90,416,128/500,000,000 (37,921 pos/s)
[r1] stream batch 5632/30880: 91,193,344/500,000,000 (38,182 pos/s)
[r0] stream batch 5600/30880: 90,675,200/500,000,000 (37,923 pos/s)
[r1] stream batch 5648/30880: 91,452,416/500,000,000 (38,184 pos/s)
[r0] stream batch 5616/30880: 90,934,272/500,000,000 (37,926 pos/s)
[r1] stream batch 5664/30880: 91,711,488/500,000,000 (38,187 pos/s)
[r0] stream batch 5632/30880: 91,193,344/500,000,000 (37,931 pos/s)
[r1] stream batch 5680/30880: 91,970,560/500,000,000 (38,191 pos/s)
[r0] stream batch 5648/30880: 91,452,416/500,000,000 (37,934 pos/s)
[r1] stream batch 5696/30880: 92,229,632/500,000,000 (38,193 pos/s)
[r0] stream batch 5664/30880: 91,711,488/500,000,000 (37,937 pos/s)
[r1] stream batch 5712/30880: 92,488,704/500,000,000 (38,197 pos/s)
[r0] stream batch 5680/30880: 91,970,560/500,000,000 (37,941 pos/s)
[r1] stream batch 5728/30880: 92,747,776/500,000,000 (38,199 pos/s)
[r0] stream batch 5696/30880: 92,229,632/500,000,000 (37,944 pos/s)
[r1] stream batch 5744/30880: 93,006,848/500,000,000 (38,202 pos/s)
[r0] stream batch 5712/30880: 92,488,704/500,000,000 (37,947 pos/s)
[r1] stream batch 5760/30880: 93,265,920/500,000,000 (38,206 pos/s)
[r0] stream batch 5728/30880: 92,747,776/500,000,000 (37,951 pos/s)
[r1] stream batch 5776/30880: 93,524,992/500,000,000 (38,207 pos/s)
[r0] stream batch 5744/30880: 93,006,848/500,000,000 (37,955 pos/s)
[r1] stream batch 5792/30880: 93,784,064/500,000,000 (38,206 pos/s)
[r0] stream batch 5760/30880: 93,265,920/500,000,000 (37,959 pos/s)
[r1] stream batch 5808/30880: 94,043,136/500,000,000 (38,206 pos/s)
[r0] stream batch 5776/30880: 93,524,992/500,000,000 (37,961 pos/s)
[r1] stream batch 5824/30880: 94,302,208/500,000,000 (38,209 pos/s)
[r0] stream batch 5792/30880: 93,784,064/500,000,000 (37,961 pos/s)
[r1] stream batch 5840/30880: 94,561,280/500,000,000 (38,211 pos/s)
[r0] stream batch 5808/30880: 94,043,136/500,000,000 (37,963 pos/s)
[r1] stream batch 5856/30880: 94,820,352/500,000,000 (38,214 pos/s)
[r0] stream batch 5824/30880: 94,302,208/500,000,000 (37,964 pos/s)
[r1] stream batch 5872/30880: 95,079,424/500,000,000 (38,218 pos/s)
[r0] stream batch 5840/30880: 94,561,280/500,000,000 (37,967 pos/s)
[r1] stream batch 5888/30880: 95,338,496/500,000,000 (38,219 pos/s)
[r0] stream batch 5856/30880: 94,820,352/500,000,000 (37,970 pos/s)
[r1] stream batch 5904/30880: 95,597,568/500,000,000 (38,223 pos/s)
[r0] stream batch 5872/30880: 95,079,424/500,000,000 (37,974 pos/s)
[r1] stream batch 5920/30880: 95,856,640/500,000,000 (38,225 pos/s)
[r0] stream batch 5888/30880: 95,338,496/500,000,000 (37,978 pos/s)
[r1] stream batch 5936/30880: 96,115,712/500,000,000 (38,227 pos/s)
[r0] stream batch 5904/30880: 95,597,568/500,000,000 (37,981 pos/s)
[r1] stream batch 5952/30880: 96,374,784/500,000,000 (38,229 pos/s)
[r0] stream batch 5920/30880: 95,856,640/500,000,000 (37,983 pos/s)
[r1] stream batch 5968/30880: 96,633,856/500,000,000 (38,233 pos/s)
[r0] stream batch 5936/30880: 96,115,712/500,000,000 (37,986 pos/s)
[r1] stream batch 5984/30880: 96,892,928/500,000,000 (38,239 pos/s)
[r0] stream batch 5952/30880: 96,374,784/500,000,000 (37,988 pos/s)
[r1] stream batch 6000/30880: 97,152,000/500,000,000 (38,241 pos/s)
[r0] stream batch 5968/30880: 96,633,856/500,000,000 (37,994 pos/s)
[r1] stream batch 6016/30880: 97,411,072/500,000,000 (38,244 pos/s)
[r0] stream batch 5984/30880: 96,892,928/500,000,000 (38,000 pos/s)
[r1] stream batch 6032/30880: 97,670,144/500,000,000 (38,246 pos/s)
[r0] stream batch 6000/30880: 97,152,000/500,000,000 (38,002 pos/s)
[r1] stream batch 6048/30880: 97,929,216/500,000,000 (38,247 pos/s)
[r0] stream batch 6016/30880: 97,411,072/500,000,000 (38,004 pos/s)
[r1] stream batch 6064/30880: 98,188,288/500,000,000 (38,248 pos/s)
[r0] stream batch 6032/30880: 97,670,144/500,000,000 (38,006 pos/s)
[r1] stream batch 6080/30880: 98,447,360/500,000,000 (38,249 pos/s)
[r0] stream batch 6048/30880: 97,929,216/500,000,000 (38,008 pos/s)
[r1] stream batch 6096/30880: 98,706,432/500,000,000 (38,252 pos/s)
[r0] stream batch 6064/30880: 98,188,288/500,000,000 (38,011 pos/s)
[r1] stream batch 6112/30880: 98,965,504/500,000,000 (38,255 pos/s)
[r0] stream batch 6080/30880: 98,447,360/500,000,000 (38,012 pos/s)
[r1] stream batch 6128/30880: 99,224,576/500,000,000 (38,257 pos/s)
[r0] stream batch 6096/30880: 98,706,432/500,000,000 (38,014 pos/s)
[r1] stream batch 6144/30880: 99,483,648/500,000,000 (38,258 pos/s)
[r0] stream batch 6112/30880: 98,965,504/500,000,000 (38,017 pos/s)
[r1] stream batch 6160/30880: 99,742,720/500,000,000 (38,258 pos/s)
[r0] stream batch 6128/30880: 99,224,576/500,000,000 (38,018 pos/s)
[r1] stream batch 6176/30880: 100,001,792/500,000,000 (38,260 pos/s)
[r0] stream batch 6144/30880: 99,483,648/500,000,000 (38,022 pos/s)
[r1] stream batch 6192/30880: 100,260,864/500,000,000 (38,261 pos/s)
[r0] stream batch 6160/30880: 99,742,720/500,000,000 (38,025 pos/s)
[r1] stream batch 6208/30880: 100,519,936/500,000,000 (38,263 pos/s)
[r0] stream batch 6176/30880: 100,001,792/500,000,000 (38,026 pos/s)
[r1] stream batch 6224/30880: 100,779,008/500,000,000 (38,265 pos/s)
[r0] stream batch 6192/30880: 100,260,864/500,000,000 (38,028 pos/s)
[r1] stream batch 6240/30880: 101,038,080/500,000,000 (38,269 pos/s)
[r0] stream batch 6208/30880: 100,519,936/500,000,000 (38,030 pos/s)
[r1] stream batch 6256/30880: 101,297,152/500,000,000 (38,275 pos/s)
[r0] stream batch 6224/30880: 100,779,008/500,000,000 (38,032 pos/s)
[r1] stream batch 6272/30880: 101,556,224/500,000,000 (38,277 pos/s)
[r0] stream batch 6240/30880: 101,038,080/500,000,000 (38,035 pos/s)
[r1] stream batch 6288/30880: 101,815,296/500,000,000 (38,279 pos/s)
[r0] stream batch 6256/30880: 101,297,152/500,000,000 (38,042 pos/s)
[r1] stream batch 6304/30880: 102,074,368/500,000,000 (38,281 pos/s)
[r0] stream batch 6272/30880: 101,556,224/500,000,000 (38,047 pos/s)
[r1] stream batch 6320/30880: 102,333,440/500,000,000 (38,283 pos/s)
[r0] stream batch 6288/30880: 101,815,296/500,000,000 (38,051 pos/s)
[r1] stream batch 6336/30880: 102,592,512/500,000,000 (38,285 pos/s)
[r0] stream batch 6304/30880: 102,074,368/500,000,000 (38,054 pos/s)
[r1] stream batch 6352/30880: 102,851,584/500,000,000 (38,287 pos/s)
[r0] stream batch 6320/30880: 102,333,440/500,000,000 (38,057 pos/s)
[r1] stream batch 6368/30880: 103,110,656/500,000,000 (38,289 pos/s)
[r0] stream batch 6336/30880: 102,592,512/500,000,000 (38,061 pos/s)
[r1] stream batch 6384/30880: 103,369,728/500,000,000 (38,291 pos/s)
[r0] stream batch 6352/30880: 102,851,584/500,000,000 (38,062 pos/s)
[r1] stream batch 6400/30880: 103,628,800/500,000,000 (38,292 pos/s)
[r0] stream batch 6368/30880: 103,110,656/500,000,000 (38,064 pos/s)
[r1] stream batch 6416/30880: 103,887,872/500,000,000 (38,296 pos/s)
[r0] stream batch 6384/30880: 103,369,728/500,000,000 (38,066 pos/s)
[r1] stream batch 6432/30880: 104,146,944/500,000,000 (38,297 pos/s)
[r0] stream batch 6400/30880: 103,628,800/500,000,000 (38,069 pos/s)
[r1] stream batch 6448/30880: 104,406,016/500,000,000 (38,300 pos/s)
[r0] stream batch 6416/30880: 103,887,872/500,000,000 (38,072 pos/s)
[r1] stream batch 6464/30880: 104,665,088/500,000,000 (38,302 pos/s)
[r0] stream batch 6432/30880: 104,146,944/500,000,000 (38,074 pos/s)
[r1] stream batch 6480/30880: 104,924,160/500,000,000 (38,303 pos/s)
[r0] stream batch 6448/30880: 104,406,016/500,000,000 (38,076 pos/s)
[r1] stream batch 6496/30880: 105,183,232/500,000,000 (38,303 pos/s)
[r0] stream batch 6464/30880: 104,665,088/500,000,000 (38,080 pos/s)
[r1] stream batch 6512/30880: 105,442,304/500,000,000 (38,305 pos/s)
[r0] stream batch 6480/30880: 104,924,160/500,000,000 (38,082 pos/s)
[r1] stream batch 6528/30880: 105,701,376/500,000,000 (38,306 pos/s)
[r0] stream batch 6496/30880: 105,183,232/500,000,000 (38,084 pos/s)
[r1] stream batch 6544/30880: 105,960,448/500,000,000 (38,307 pos/s)
[r0] stream batch 6512/30880: 105,442,304/500,000,000 (38,087 pos/s)
[r1] stream batch 6560/30880: 106,219,520/500,000,000 (38,308 pos/s)
[r0] stream batch 6528/30880: 105,701,376/500,000,000 (38,091 pos/s)
[r1] stream batch 6576/30880: 106,478,592/500,000,000 (38,312 pos/s)
[r0] stream batch 6544/30880: 105,960,448/500,000,000 (38,093 pos/s)
[r1] stream batch 6592/30880: 106,737,664/500,000,000 (38,315 pos/s)
[r0] stream batch 6560/30880: 106,219,520/500,000,000 (38,093 pos/s)
[r1] stream batch 6608/30880: 106,996,736/500,000,000 (38,317 pos/s)
[r0] stream batch 6576/30880: 106,478,592/500,000,000 (38,097 pos/s)
[r1] stream batch 6624/30880: 107,255,808/500,000,000 (38,319 pos/s)
[r0] stream batch 6592/30880: 106,737,664/500,000,000 (38,099 pos/s)
[r1] stream batch 6640/30880: 107,514,880/500,000,000 (38,322 pos/s)
[r0] stream batch 6608/30880: 106,996,736/500,000,000 (38,102 pos/s)
[r1] stream batch 6656/30880: 107,773,952/500,000,000 (38,324 pos/s)
[r0] stream batch 6624/30880: 107,255,808/500,000,000 (38,105 pos/s)
[r1] stream batch 6672/30880: 108,033,024/500,000,000 (38,327 pos/s)
[r0] stream batch 6640/30880: 107,514,880/500,000,000 (38,107 pos/s)
[r1] stream batch 6688/30880: 108,292,096/500,000,000 (38,330 pos/s)
[r0] stream batch 6656/30880: 107,773,952/500,000,000 (38,108 pos/s)
[r1] stream batch 6704/30880: 108,551,168/500,000,000 (38,333 pos/s)
[r0] stream batch 6672/30880: 108,033,024/500,000,000 (38,111 pos/s)
[r1] stream batch 6720/30880: 108,810,240/500,000,000 (38,335 pos/s)
[r0] stream batch 6688/30880: 108,292,096/500,000,000 (38,114 pos/s)
[r1] stream batch 6736/30880: 109,069,312/500,000,000 (38,335 pos/s)
[r0] stream batch 6704/30880: 108,551,168/500,000,000 (38,117 pos/s)
[r1] stream batch 6752/30880: 109,328,384/500,000,000 (38,338 pos/s)
[r0] stream batch 6720/30880: 108,810,240/500,000,000 (38,120 pos/s)
[r1] stream batch 6768/30880: 109,587,456/500,000,000 (38,341 pos/s)
[r0] stream batch 6736/30880: 109,069,312/500,000,000 (38,122 pos/s)
[r1] stream batch 6784/30880: 109,846,528/500,000,000 (38,343 pos/s)
[r0] stream batch 6752/30880: 109,328,384/500,000,000 (38,123 pos/s)
[r1] stream batch 6800/30880: 110,105,600/500,000,000 (38,345 pos/s)
[r0] stream batch 6768/30880: 109,587,456/500,000,000 (38,126 pos/s)
[r1] stream batch 6816/30880: 110,364,672/500,000,000 (38,346 pos/s)
[r0] stream batch 6784/30880: 109,846,528/500,000,000 (38,130 pos/s)
[r1] stream batch 6832/30880: 110,623,744/500,000,000 (38,348 pos/s)
[r0] stream batch 6800/30880: 110,105,600/500,000,000 (38,133 pos/s)
[r1] stream batch 6848/30880: 110,882,816/500,000,000 (38,349 pos/s)
[r0] stream batch 6816/30880: 110,364,672/500,000,000 (38,134 pos/s)
[r1] stream batch 6864/30880: 111,141,888/500,000,000 (38,352 pos/s)
[r0] stream batch 6832/30880: 110,623,744/500,000,000 (38,137 pos/s)
[r1] stream batch 6880/30880: 111,400,960/500,000,000 (38,353 pos/s)
[r0] stream batch 6848/30880: 110,882,816/500,000,000 (38,139 pos/s)
[r1] stream batch 6896/30880: 111,660,032/500,000,000 (38,356 pos/s)
[r0] stream batch 6864/30880: 111,141,888/500,000,000 (38,141 pos/s)
[r1] stream batch 6912/30880: 111,919,104/500,000,000 (38,357 pos/s)
[r0] stream batch 6880/30880: 111,400,960/500,000,000 (38,144 pos/s)
[r1] stream batch 6928/30880: 112,178,176/500,000,000 (38,358 pos/s)
[r0] stream batch 6896/30880: 111,660,032/500,000,000 (38,148 pos/s)
[r1] stream batch 6944/30880: 112,437,248/500,000,000 (38,361 pos/s)
[r0] stream batch 6912/30880: 111,919,104/500,000,000 (38,150 pos/s)
[r1] stream batch 6960/30880: 112,696,320/500,000,000 (38,363 pos/s)
[r0] stream batch 6928/30880: 112,178,176/500,000,000 (38,151 pos/s)
[r1] stream batch 6976/30880: 112,955,392/500,000,000 (38,364 pos/s)
[r0] stream batch 6944/30880: 112,437,248/500,000,000 (38,154 pos/s)
[r1] stream batch 6992/30880: 113,214,464/500,000,000 (38,367 pos/s)
[r0] stream batch 6960/30880: 112,696,320/500,000,000 (38,157 pos/s)
[r1] stream batch 7008/30880: 113,473,536/500,000,000 (38,367 pos/s)
[r0] stream batch 6976/30880: 112,955,392/500,000,000 (38,159 pos/s)
[r1] stream batch 7024/30880: 113,732,608/500,000,000 (38,368 pos/s)
[r0] stream batch 6992/30880: 113,214,464/500,000,000 (38,163 pos/s)
[r1] stream batch 7040/30880: 113,991,680/500,000,000 (38,370 pos/s)
[r0] stream batch 7008/30880: 113,473,536/500,000,000 (38,164 pos/s)
[r1] stream batch 7056/30880: 114,250,752/500,000,000 (38,372 pos/s)
[r0] stream batch 7024/30880: 113,732,608/500,000,000 (38,166 pos/s)
[r1] stream batch 7072/30880: 114,509,824/500,000,000 (38,374 pos/s)
[r0] stream batch 7040/30880: 113,991,680/500,000,000 (38,170 pos/s)
[r1] stream batch 7088/30880: 114,768,896/500,000,000 (38,376 pos/s)
[r0] stream batch 7056/30880: 114,250,752/500,000,000 (38,171 pos/s)
[r1] stream batch 7104/30880: 115,027,968/500,000,000 (38,380 pos/s)
[r0] stream batch 7072/30880: 114,509,824/500,000,000 (38,175 pos/s)
[r1] stream batch 7120/30880: 115,287,040/500,000,000 (38,379 pos/s)
[r0] stream batch 7088/30880: 114,768,896/500,000,000 (38,177 pos/s)
[r1] stream batch 7136/30880: 115,546,112/500,000,000 (38,381 pos/s)
[r0] stream batch 7104/30880: 115,027,968/500,000,000 (38,180 pos/s)
[r1] stream batch 7152/30880: 115,805,184/500,000,000 (38,384 pos/s)
[r0] stream batch 7120/30880: 115,287,040/500,000,000 (38,180 pos/s)
[r1] stream batch 7168/30880: 116,064,256/500,000,000 (38,385 pos/s)
[r0] stream batch 7136/30880: 115,546,112/500,000,000 (38,181 pos/s)
[r1] stream batch 7184/30880: 116,323,328/500,000,000 (38,386 pos/s)
[r0] stream batch 7152/30880: 115,805,184/500,000,000 (38,182 pos/s)
[r1] stream batch 7200/30880: 116,582,400/500,000,000 (38,387 pos/s)
[r0] stream batch 7168/30880: 116,064,256/500,000,000 (38,183 pos/s)
[r1] stream batch 7216/30880: 116,841,472/500,000,000 (38,388 pos/s)
[r0] stream batch 7184/30880: 116,323,328/500,000,000 (38,185 pos/s)
[r1] stream batch 7232/30880: 117,100,544/500,000,000 (38,390 pos/s)
[r0] stream batch 7200/30880: 116,582,400/500,000,000 (38,186 pos/s)
[r1] stream batch 7248/30880: 117,359,616/500,000,000 (38,391 pos/s)
[r0] stream batch 7216/30880: 116,841,472/500,000,000 (38,188 pos/s)
[r1] stream batch 7264/30880: 117,618,688/500,000,000 (38,396 pos/s)
[r0] stream batch 7232/30880: 117,100,544/500,000,000 (38,190 pos/s)
[r1] stream batch 7280/30880: 117,877,760/500,000,000 (38,399 pos/s)
[r0] stream batch 7248/30880: 117,359,616/500,000,000 (38,192 pos/s)
[r1] stream batch 7296/30880: 118,136,832/500,000,000 (38,402 pos/s)
[r0] stream batch 7264/30880: 117,618,688/500,000,000 (38,194 pos/s)
[r1] stream batch 7312/30880: 118,395,904/500,000,000 (38,402 pos/s)
[r0] stream batch 7280/30880: 117,877,760/500,000,000 (38,197 pos/s)
[r1] stream batch 7328/30880: 118,654,976/500,000,000 (38,405 pos/s)
[r0] stream batch 7296/30880: 118,136,832/500,000,000 (38,201 pos/s)
[r1] stream batch 7344/30880: 118,914,048/500,000,000 (38,406 pos/s)
[r0] stream batch 7312/30880: 118,395,904/500,000,000 (38,203 pos/s)
[r1] stream batch 7360/30880: 119,173,120/500,000,000 (38,408 pos/s)
[r0] stream batch 7328/30880: 118,654,976/500,000,000 (38,205 pos/s)
[r1] stream batch 7376/30880: 119,432,192/500,000,000 (38,410 pos/s)
[r0] stream batch 7344/30880: 118,914,048/500,000,000 (38,207 pos/s)
[r1] stream batch 7392/30880: 119,691,264/500,000,000 (38,412 pos/s)
[r0] stream batch 7360/30880: 119,173,120/500,000,000 (38,210 pos/s)
[r1] stream batch 7408/30880: 119,950,336/500,000,000 (38,414 pos/s)
[r0] stream batch 7376/30880: 119,432,192/500,000,000 (38,211 pos/s)
[r1] stream batch 7424/30880: 120,209,408/500,000,000 (38,416 pos/s)
[r0] stream batch 7392/30880: 119,691,264/500,000,000 (38,214 pos/s)
[r1] stream batch 7440/30880: 120,468,480/500,000,000 (38,417 pos/s)
[r0] stream batch 7408/30880: 119,950,336/500,000,000 (38,215 pos/s)
[r1] stream batch 7456/30880: 120,727,552/500,000,000 (38,418 pos/s)
[r0] stream batch 7424/30880: 120,209,408/500,000,000 (38,218 pos/s)
[r1] stream batch 7472/30880: 120,986,624/500,000,000 (38,419 pos/s)
[r0] stream batch 7440/30880: 120,468,480/500,000,000 (38,221 pos/s)
[r1] stream batch 7488/30880: 121,245,696/500,000,000 (38,421 pos/s)
[r0] stream batch 7456/30880: 120,727,552/500,000,000 (38,223 pos/s)
[r1] stream batch 7504/30880: 121,504,768/500,000,000 (38,423 pos/s)
[r0] stream batch 7472/30880: 120,986,624/500,000,000 (38,226 pos/s)
[r1] stream batch 7520/30880: 121,763,840/500,000,000 (38,425 pos/s)
[r0] stream batch 7488/30880: 121,245,696/500,000,000 (38,227 pos/s)
[r1] stream batch 7536/30880: 122,022,912/500,000,000 (38,426 pos/s)
[r0] stream batch 7504/30880: 121,504,768/500,000,000 (38,228 pos/s)
[r1] stream batch 7552/30880: 122,281,984/500,000,000 (38,428 pos/s)
[r0] stream batch 7520/30880: 121,763,840/500,000,000 (38,230 pos/s)
[r1] stream batch 7568/30880: 122,541,056/500,000,000 (38,429 pos/s)
[r0] stream batch 7536/30880: 122,022,912/500,000,000 (38,232 pos/s)
[r1] stream batch 7584/30880: 122,800,128/500,000,000 (38,429 pos/s)
[r0] stream batch 7552/30880: 122,281,984/500,000,000 (38,233 pos/s)
[r1] stream batch 7600/30880: 123,059,200/500,000,000 (38,433 pos/s)
[r0] stream batch 7568/30880: 122,541,056/500,000,000 (38,235 pos/s)
[r1] stream batch 7616/30880: 123,318,272/500,000,000 (38,436 pos/s)
[r0] stream batch 7584/30880: 122,800,128/500,000,000 (38,236 pos/s)
[r1] stream batch 7632/30880: 123,577,344/500,000,000 (38,440 pos/s)
[r0] stream batch 7600/30880: 123,059,200/500,000,000 (38,240 pos/s)
[r1] stream batch 7648/30880: 123,836,416/500,000,000 (38,440 pos/s)
[r0] stream batch 7616/30880: 123,318,272/500,000,000 (38,244 pos/s)
[r1] stream batch 7664/30880: 124,095,488/500,000,000 (38,441 pos/s)
[r0] stream batch 7632/30880: 123,577,344/500,000,000 (38,249 pos/s)
[r1] stream batch 7680/30880: 124,354,560/500,000,000 (38,442 pos/s)
[r0] stream batch 7648/30880: 123,836,416/500,000,000 (38,250 pos/s)
[r1] stream batch 7696/30880: 124,613,632/500,000,000 (38,443 pos/s)
[r0] stream batch 7664/30880: 124,095,488/500,000,000 (38,252 pos/s)
[r1] stream batch 7712/30880: 124,872,704/500,000,000 (38,444 pos/s)
[r0] stream batch 7680/30880: 124,354,560/500,000,000 (38,253 pos/s)
[r1] stream batch 7728/30880: 125,131,776/500,000,000 (38,444 pos/s)
[r0] stream batch 7696/30880: 124,613,632/500,000,000 (38,254 pos/s)
[r1] stream batch 7744/30880: 125,390,848/500,000,000 (38,446 pos/s)
[r0] stream batch 7712/30880: 124,872,704/500,000,000 (38,255 pos/s)
[r1] stream batch 7760/30880: 125,649,920/500,000,000 (38,449 pos/s)
[r0] stream batch 7728/30880: 125,131,776/500,000,000 (38,257 pos/s)
[r1] stream batch 7776/30880: 125,908,992/500,000,000 (38,450 pos/s)
[r0] stream batch 7744/30880: 125,390,848/500,000,000 (38,260 pos/s)
[r1] stream batch 7792/30880: 126,168,064/500,000,000 (38,453 pos/s)
[r0] stream batch 7760/30880: 125,649,920/500,000,000 (38,262 pos/s)
[r1] stream batch 7808/30880: 126,427,136/500,000,000 (38,454 pos/s)
[r0] stream batch 7776/30880: 125,908,992/500,000,000 (38,265 pos/s)
[r1] stream batch 7824/30880: 126,686,208/500,000,000 (38,459 pos/s)
[r0] stream batch 7792/30880: 126,168,064/500,000,000 (38,267 pos/s)
[r1] stream batch 7840/30880: 126,945,280/500,000,000 (38,461 pos/s)
[r0] stream batch 7808/30880: 126,427,136/500,000,000 (38,269 pos/s)
[r1] stream batch 7856/30880: 127,204,352/500,000,000 (38,464 pos/s)
[r0] stream batch 7824/30880: 126,686,208/500,000,000 (38,273 pos/s)
[r1] stream batch 7872/30880: 127,463,424/500,000,000 (38,465 pos/s)
[r0] stream batch 7840/30880: 126,945,280/500,000,000 (38,275 pos/s)
[r1] stream batch 7888/30880: 127,722,496/500,000,000 (38,466 pos/s)
[r0] stream batch 7856/30880: 127,204,352/500,000,000 (38,276 pos/s)
[r1] stream batch 7904/30880: 127,981,568/500,000,000 (38,466 pos/s)
[r0] stream batch 7872/30880: 127,463,424/500,000,000 (38,278 pos/s)
[r1] stream batch 7920/30880: 128,240,640/500,000,000 (38,468 pos/s)
[r0] stream batch 7888/30880: 127,722,496/500,000,000 (38,279 pos/s)
[r1] stream batch 7936/30880: 128,499,712/500,000,000 (38,470 pos/s)
[r0] stream batch 7904/30880: 127,981,568/500,000,000 (38,282 pos/s)
[r1] stream batch 7952/30880: 128,758,784/500,000,000 (38,471 pos/s)
[r0] stream batch 7920/30880: 128,240,640/500,000,000 (38,284 pos/s)
[r1] stream batch 7968/30880: 129,017,856/500,000,000 (38,474 pos/s)
[r0] stream batch 7936/30880: 128,499,712/500,000,000 (38,285 pos/s)
[r1] stream batch 7984/30880: 129,276,928/500,000,000 (38,478 pos/s)
[r0] stream batch 7952/30880: 128,758,784/500,000,000 (38,287 pos/s)
[r1] stream batch 8000/30880: 129,536,000/500,000,000 (38,480 pos/s)
[r0] stream batch 7968/30880: 129,017,856/500,000,000 (38,288 pos/s)
[r1] stream batch 8016/30880: 129,795,072/500,000,000 (38,482 pos/s)
[r0] stream batch 7984/30880: 129,276,928/500,000,000 (38,292 pos/s)
[r1] stream batch 8032/30880: 130,054,144/500,000,000 (38,484 pos/s)
[r0] stream batch 8000/30880: 129,536,000/500,000,000 (38,294 pos/s)
[r1] stream batch 8048/30880: 130,313,216/500,000,000 (38,486 pos/s)
[r0] stream batch 8016/30880: 129,795,072/500,000,000 (38,296 pos/s)
[r1] stream batch 8064/30880: 130,572,288/500,000,000 (38,487 pos/s)
[r0] stream batch 8032/30880: 130,054,144/500,000,000 (38,298 pos/s)
[r1] stream batch 8080/30880: 130,831,360/500,000,000 (38,487 pos/s)
[r0] stream batch 8048/30880: 130,313,216/500,000,000 (38,298 pos/s)
[r1] stream batch 8096/30880: 131,090,432/500,000,000 (38,489 pos/s)
[r0] stream batch 8064/30880: 130,572,288/500,000,000 (38,300 pos/s)
[r1] stream batch 8112/30880: 131,349,504/500,000,000 (38,491 pos/s)
[r0] stream batch 8080/30880: 130,831,360/500,000,000 (38,301 pos/s)
[r1] stream batch 8128/30880: 131,608,576/500,000,000 (38,493 pos/s)
[r0] stream batch 8096/30880: 131,090,432/500,000,000 (38,303 pos/s)
[r1] stream batch 8144/30880: 131,867,648/500,000,000 (38,496 pos/s)
[r0] stream batch 8112/30880: 131,349,504/500,000,000 (38,305 pos/s)
[r1] stream batch 8160/30880: 132,126,720/500,000,000 (38,498 pos/s)
[r0] stream batch 8128/30880: 131,608,576/500,000,000 (38,307 pos/s)
[r1] stream batch 8176/30880: 132,385,792/500,000,000 (38,500 pos/s)
[r0] stream batch 8144/30880: 131,867,648/500,000,000 (38,312 pos/s)
[r1] stream batch 8192/30880: 132,644,864/500,000,000 (38,501 pos/s)
[r0] stream batch 8160/30880: 132,126,720/500,000,000 (38,313 pos/s)
[r1] stream batch 8208/30880: 132,903,936/500,000,000 (38,503 pos/s)
[r0] stream batch 8176/30880: 132,385,792/500,000,000 (38,317 pos/s)
[r1] stream batch 8224/30880: 133,163,008/500,000,000 (38,504 pos/s)
[r0] stream batch 8192/30880: 132,644,864/500,000,000 (38,318 pos/s)
[r1] stream batch 8240/30880: 133,422,080/500,000,000 (38,505 pos/s)
[r0] stream batch 8208/30880: 132,903,936/500,000,000 (38,321 pos/s)
[r1] stream batch 8256/30880: 133,681,152/500,000,000 (38,506 pos/s)
[r0] stream batch 8224/30880: 133,163,008/500,000,000 (38,323 pos/s)
[r1] stream batch 8272/30880: 133,940,224/500,000,000 (38,508 pos/s)
[r0] stream batch 8240/30880: 133,422,080/500,000,000 (38,325 pos/s)
[r1] stream batch 8288/30880: 134,199,296/500,000,000 (38,510 pos/s)
[r0] stream batch 8256/30880: 133,681,152/500,000,000 (38,326 pos/s)
[r1] stream batch 8304/30880: 134,458,368/500,000,000 (38,512 pos/s)
[r0] stream batch 8272/30880: 133,940,224/500,000,000 (38,328 pos/s)
[r1] stream batch 8320/30880: 134,717,440/500,000,000 (38,514 pos/s)
[r0] stream batch 8288/30880: 134,199,296/500,000,000 (38,330 pos/s)
[r1] stream batch 8336/30880: 134,976,512/500,000,000 (38,514 pos/s)
[r0] stream batch 8304/30880: 134,458,368/500,000,000 (38,332 pos/s)
[r1] stream batch 8352/30880: 135,235,584/500,000,000 (38,516 pos/s)
[r0] stream batch 8320/30880: 134,717,440/500,000,000 (38,333 pos/s)
[r1] stream batch 8368/30880: 135,494,656/500,000,000 (38,518 pos/s)
[r0] stream batch 8336/30880: 134,976,512/500,000,000 (38,334 pos/s)
[r1] stream batch 8384/30880: 135,753,728/500,000,000 (38,519 pos/s)
[r0] stream batch 8352/30880: 135,235,584/500,000,000 (38,336 pos/s)
[r1] stream batch 8400/30880: 136,012,800/500,000,000 (38,519 pos/s)
[r0] stream batch 8368/30880: 135,494,656/500,000,000 (38,339 pos/s)
[r1] stream batch 8416/30880: 136,271,872/500,000,000 (38,521 pos/s)
[r0] stream batch 8384/30880: 135,753,728/500,000,000 (38,341 pos/s)
[r1] stream batch 8432/30880: 136,530,944/500,000,000 (38,522 pos/s)
[r0] stream batch 8400/30880: 136,012,800/500,000,000 (38,342 pos/s)
[r1] stream batch 8448/30880: 136,790,016/500,000,000 (38,524 pos/s)
[r0] stream batch 8416/30880: 136,271,872/500,000,000 (38,344 pos/s)
[r1] stream batch 8464/30880: 137,049,088/500,000,000 (38,524 pos/s)
[r0] stream batch 8432/30880: 136,530,944/500,000,000 (38,346 pos/s)
[r1] stream batch 8480/30880: 137,308,160/500,000,000 (38,525 pos/s)
[r0] stream batch 8448/30880: 136,790,016/500,000,000 (38,349 pos/s)
[r1] stream batch 8496/30880: 137,567,232/500,000,000 (38,525 pos/s)
[r0] stream batch 8464/30880: 137,049,088/500,000,000 (38,349 pos/s)
[r1] stream batch 8512/30880: 137,826,304/500,000,000 (38,526 pos/s)
[r0] stream batch 8480/30880: 137,308,160/500,000,000 (38,350 pos/s)
[r1] stream batch 8528/30880: 138,085,376/500,000,000 (38,528 pos/s)
[r0] stream batch 8496/30880: 137,567,232/500,000,000 (38,352 pos/s)
[r1] stream batch 8544/30880: 138,344,448/500,000,000 (38,531 pos/s)
[r0] stream batch 8512/30880: 137,826,304/500,000,000 (38,353 pos/s)
[r1] stream batch 8560/30880: 138,603,520/500,000,000 (38,532 pos/s)
[r0] stream batch 8528/30880: 138,085,376/500,000,000 (38,355 pos/s)
[r1] stream batch 8576/30880: 138,862,592/500,000,000 (38,532 pos/s)
[r0] stream batch 8544/30880: 138,344,448/500,000,000 (38,359 pos/s)
[r1] stream batch 8592/30880: 139,121,664/500,000,000 (38,535 pos/s)
[r0] stream batch 8560/30880: 138,603,520/500,000,000 (38,360 pos/s)
[r1] stream batch 8608/30880: 139,380,736/500,000,000 (38,536 pos/s)
[r0] stream batch 8576/30880: 138,862,592/500,000,000 (38,361 pos/s)
[r1] stream batch 8624/30880: 139,639,808/500,000,000 (38,536 pos/s)
[r0] stream batch 8592/30880: 139,121,664/500,000,000 (38,364 pos/s)
[r1] stream batch 8640/30880: 139,898,880/500,000,000 (38,540 pos/s)
[r0] stream batch 8608/30880: 139,380,736/500,000,000 (38,367 pos/s)
[r1] stream batch 8656/30880: 140,157,952/500,000,000 (38,541 pos/s)
[r0] stream batch 8624/30880: 139,639,808/500,000,000 (38,369 pos/s)
[r1] stream batch 8672/30880: 140,417,024/500,000,000 (38,543 pos/s)
[r0] stream batch 8640/30880: 139,898,880/500,000,000 (38,372 pos/s)
[r1] stream batch 8688/30880: 140,676,096/500,000,000 (38,545 pos/s)
[r0] stream batch 8656/30880: 140,157,952/500,000,000 (38,374 pos/s)
[r1] stream batch 8704/30880: 140,935,168/500,000,000 (38,546 pos/s)
[r0] stream batch 8672/30880: 140,417,024/500,000,000 (38,376 pos/s)
[r1] stream batch 8720/30880: 141,194,240/500,000,000 (38,546 pos/s)
[r0] stream batch 8688/30880: 140,676,096/500,000,000 (38,377 pos/s)
[r1] stream batch 8736/30880: 141,453,312/500,000,000 (38,546 pos/s)
[r0] stream batch 8704/30880: 140,935,168/500,000,000 (38,377 pos/s)
[r1] stream batch 8752/30880: 141,712,384/500,000,000 (38,547 pos/s)
[r0] stream batch 8720/30880: 141,194,240/500,000,000 (38,379 pos/s)
[r1] stream batch 8768/30880: 141,971,456/500,000,000 (38,548 pos/s)
[r0] stream batch 8736/30880: 141,453,312/500,000,000 (38,380 pos/s)
[r1] stream batch 8784/30880: 142,230,528/500,000,000 (38,550 pos/s)
[r0] stream batch 8752/30880: 141,712,384/500,000,000 (38,382 pos/s)
[r1] stream batch 8800/30880: 142,489,600/500,000,000 (38,551 pos/s)
[r0] stream batch 8768/30880: 141,971,456/500,000,000 (38,384 pos/s)
[r1] stream batch 8816/30880: 142,748,672/500,000,000 (38,552 pos/s)
[r0] stream batch 8784/30880: 142,230,528/500,000,000 (38,387 pos/s)
[r1] stream batch 8832/30880: 143,007,744/500,000,000 (38,553 pos/s)
[r0] stream batch 8800/30880: 142,489,600/500,000,000 (38,388 pos/s)
[r1] stream batch 8848/30880: 143,266,816/500,000,000 (38,554 pos/s)
[r0] stream batch 8816/30880: 142,748,672/500,000,000 (38,390 pos/s)
[r1] stream batch 8864/30880: 143,525,888/500,000,000 (38,555 pos/s)
[r0] stream batch 8832/30880: 143,007,744/500,000,000 (38,391 pos/s)
[r1] stream batch 8880/30880: 143,784,960/500,000,000 (38,557 pos/s)
[r0] stream batch 8848/30880: 143,266,816/500,000,000 (38,392 pos/s)
[r1] stream batch 8896/30880: 144,044,032/500,000,000 (38,558 pos/s)
[r0] stream batch 8864/30880: 143,525,888/500,000,000 (38,394 pos/s)
[r1] stream batch 8912/30880: 144,303,104/500,000,000 (38,559 pos/s)
[r0] stream batch 8880/30880: 143,784,960/500,000,000 (38,396 pos/s)
[r1] stream batch 8928/30880: 144,562,176/500,000,000 (38,562 pos/s)
[r0] stream batch 8896/30880: 144,044,032/500,000,000 (38,398 pos/s)
[r1] stream batch 8944/30880: 144,821,248/500,000,000 (38,565 pos/s)
[r0] stream batch 8912/30880: 144,303,104/500,000,000 (38,399 pos/s)
[r1] stream batch 8960/30880: 145,080,320/500,000,000 (38,566 pos/s)
[r0] stream batch 8928/30880: 144,562,176/500,000,000 (38,401 pos/s)
[r1] stream batch 8976/30880: 145,339,392/500,000,000 (38,567 pos/s)
[r0] stream batch 8944/30880: 144,821,248/500,000,000 (38,404 pos/s)
[r1] stream batch 8992/30880: 145,598,464/500,000,000 (38,568 pos/s)
[r0] stream batch 8960/30880: 145,080,320/500,000,000 (38,405 pos/s)
[r1] stream batch 9008/30880: 145,857,536/500,000,000 (38,570 pos/s)
[r0] stream batch 8976/30880: 145,339,392/500,000,000 (38,406 pos/s)
[r1] stream batch 9024/30880: 146,116,608/500,000,000 (38,569 pos/s)
[r0] stream batch 8992/30880: 145,598,464/500,000,000 (38,406 pos/s)
[r1] stream batch 9040/30880: 146,375,680/500,000,000 (38,570 pos/s)
[r0] stream batch 9008/30880: 145,857,536/500,000,000 (38,407 pos/s)
[r1] stream batch 9056/30880: 146,634,752/500,000,000 (38,572 pos/s)
[r0] stream batch 9024/30880: 146,116,608/500,000,000 (38,408 pos/s)
[r1] stream batch 9072/30880: 146,893,824/500,000,000 (38,573 pos/s)
[r0] stream batch 9040/30880: 146,375,680/500,000,000 (38,409 pos/s)
[r1] stream batch 9088/30880: 147,152,896/500,000,000 (38,574 pos/s)
[r0] stream batch 9056/30880: 146,634,752/500,000,000 (38,411 pos/s)
[r1] stream batch 9104/30880: 147,411,968/500,000,000 (38,576 pos/s)
[r0] stream batch 9072/30880: 146,893,824/500,000,000 (38,411 pos/s)
[r1] stream batch 9120/30880: 147,671,040/500,000,000 (38,576 pos/s)
[r0] stream batch 9088/30880: 147,152,896/500,000,000 (38,412 pos/s)
[r1] stream batch 9136/30880: 147,930,112/500,000,000 (38,577 pos/s)
[r0] stream batch 9104/30880: 147,411,968/500,000,000 (38,413 pos/s)
[r1] stream batch 9152/30880: 148,189,184/500,000,000 (38,579 pos/s)
[r0] stream batch 9120/30880: 147,671,040/500,000,000 (38,414 pos/s)
[r1] stream batch 9168/30880: 148,448,256/500,000,000 (38,580 pos/s)
[r0] stream batch 9136/30880: 147,930,112/500,000,000 (38,415 pos/s)
[r1] stream batch 9184/30880: 148,707,328/500,000,000 (38,582 pos/s)
[r0] stream batch 9152/30880: 148,189,184/500,000,000 (38,417 pos/s)
[r1] stream batch 9200/30880: 148,966,400/500,000,000 (38,583 pos/s)
[r0] stream batch 9168/30880: 148,448,256/500,000,000 (38,419 pos/s)
[r1] stream batch 9216/30880: 149,225,472/500,000,000 (38,584 pos/s)
[r0] stream batch 9184/30880: 148,707,328/500,000,000 (38,421 pos/s)
[r1] stream batch 9232/30880: 149,484,544/500,000,000 (38,585 pos/s)
[r0] stream batch 9200/30880: 148,966,400/500,000,000 (38,421 pos/s)
[r1] stream batch 9248/30880: 149,743,616/500,000,000 (38,588 pos/s)
[r0] stream batch 9216/30880: 149,225,472/500,000,000 (38,422 pos/s)
[r1] stream batch 9264/30880: 150,002,688/500,000,000 (38,588 pos/s)
[r0] stream batch 9232/30880: 149,484,544/500,000,000 (38,422 pos/s)
[r1] stream batch 9280/30880: 150,261,760/500,000,000 (38,590 pos/s)
[r0] stream batch 9248/30880: 149,743,616/500,000,000 (38,423 pos/s)
[r1] stream batch 9296/30880: 150,520,832/500,000,000 (38,591 pos/s)
[r0] stream batch 9264/30880: 150,002,688/500,000,000 (38,425 pos/s)
[r1] stream batch 9312/30880: 150,779,904/500,000,000 (38,594 pos/s)
[r0] stream batch 9280/30880: 150,261,760/500,000,000 (38,427 pos/s)
[r1] stream batch 9328/30880: 151,038,976/500,000,000 (38,595 pos/s)
[r0] stream batch 9296/30880: 150,520,832/500,000,000 (38,429 pos/s)
[r1] stream batch 9344/30880: 151,298,048/500,000,000 (38,596 pos/s)
[r0] stream batch 9312/30880: 150,779,904/500,000,000 (38,432 pos/s)
[r1] stream batch 9360/30880: 151,557,120/500,000,000 (38,596 pos/s)
[r0] stream batch 9328/30880: 151,038,976/500,000,000 (38,434 pos/s)
[r1] stream batch 9376/30880: 151,816,192/500,000,000 (38,598 pos/s)
[r0] stream batch 9344/30880: 151,298,048/500,000,000 (38,434 pos/s)
[r1] stream batch 9392/30880: 152,075,264/500,000,000 (38,598 pos/s)
[r0] stream batch 9360/30880: 151,557,120/500,000,000 (38,435 pos/s)
[r1] stream batch 9408/30880: 152,334,336/500,000,000 (38,600 pos/s)
[r0] stream batch 9376/30880: 151,816,192/500,000,000 (38,436 pos/s)
[r1] stream batch 9424/30880: 152,593,408/500,000,000 (38,600 pos/s)
[r0] stream batch 9392/30880: 152,075,264/500,000,000 (38,437 pos/s)
[r1] stream batch 9440/30880: 152,852,480/500,000,000 (38,602 pos/s)
[r0] stream batch 9408/30880: 152,334,336/500,000,000 (38,440 pos/s)
[r1] stream batch 9456/30880: 153,111,552/500,000,000 (38,602 pos/s)
[r0] stream batch 9424/30880: 152,593,408/500,000,000 (38,442 pos/s)
[r1] stream batch 9472/30880: 153,370,624/500,000,000 (38,602 pos/s)
[r0] stream batch 9440/30880: 152,852,480/500,000,000 (38,443 pos/s)
[r1] stream batch 9488/30880: 153,629,696/500,000,000 (38,604 pos/s)
[r0] stream batch 9456/30880: 153,111,552/500,000,000 (38,443 pos/s)
[r1] stream batch 9504/30880: 153,888,768/500,000,000 (38,605 pos/s)
[r0] stream batch 9472/30880: 153,370,624/500,000,000 (38,444 pos/s)
[r1] stream batch 9520/30880: 154,147,840/500,000,000 (38,606 pos/s)
[r0] stream batch 9488/30880: 153,629,696/500,000,000 (38,445 pos/s)
[r1] stream batch 9536/30880: 154,406,912/500,000,000 (38,606 pos/s)
[r0] stream batch 9504/30880: 153,888,768/500,000,000 (38,447 pos/s)
[r1] stream batch 9552/30880: 154,665,984/500,000,000 (38,607 pos/s)
[r0] stream batch 9520/30880: 154,147,840/500,000,000 (38,448 pos/s)
[r1] stream batch 9568/30880: 154,925,056/500,000,000 (38,608 pos/s)
[r0] stream batch 9536/30880: 154,406,912/500,000,000 (38,449 pos/s)
[r1] stream batch 9584/30880: 155,184,128/500,000,000 (38,609 pos/s)
[r0] stream batch 9552/30880: 154,665,984/500,000,000 (38,450 pos/s)
[r1] stream batch 9600/30880: 155,443,200/500,000,000 (38,609 pos/s)
[r0] stream batch 9568/30880: 154,925,056/500,000,000 (38,452 pos/s)
[r1] stream batch 9616/30880: 155,702,272/500,000,000 (38,609 pos/s)
[r0] stream batch 9584/30880: 155,184,128/500,000,000 (38,453 pos/s)
[r1] stream batch 9632/30880: 155,961,344/500,000,000 (38,610 pos/s)
[r0] stream batch 9600/30880: 155,443,200/500,000,000 (38,454 pos/s)
[r1] stream batch 9648/30880: 156,220,416/500,000,000 (38,611 pos/s)
[r0] stream batch 9616/30880: 155,702,272/500,000,000 (38,455 pos/s)
[r1] stream batch 9664/30880: 156,479,488/500,000,000 (38,612 pos/s)
[r0] stream batch 9632/30880: 155,961,344/500,000,000 (38,456 pos/s)
[r1] stream batch 9680/30880: 156,738,560/500,000,000 (38,614 pos/s)
[r0] stream batch 9648/30880: 156,220,416/500,000,000 (38,458 pos/s)
[r1] stream batch 9696/30880: 156,997,632/500,000,000 (38,616 pos/s)
[r0] stream batch 9664/30880: 156,479,488/500,000,000 (38,460 pos/s)
[r1] stream batch 9712/30880: 157,256,704/500,000,000 (38,617 pos/s)
[r0] stream batch 9680/30880: 156,738,560/500,000,000 (38,462 pos/s)
[r1] stream batch 9728/30880: 157,515,776/500,000,000 (38,618 pos/s)
[r0] stream batch 9696/30880: 156,997,632/500,000,000 (38,464 pos/s)
[r1] stream batch 9744/30880: 157,774,848/500,000,000 (38,619 pos/s)
[r0] stream batch 9712/30880: 157,256,704/500,000,000 (38,465 pos/s)
[r1] stream batch 9760/30880: 158,033,920/500,000,000 (38,620 pos/s)
[r0] stream batch 9728/30880: 157,515,776/500,000,000 (38,467 pos/s)
[r1] stream batch 9776/30880: 158,292,992/500,000,000 (38,624 pos/s)
[r0] stream batch 9744/30880: 157,774,848/500,000,000 (38,468 pos/s)
[r1] stream batch 9792/30880: 158,552,064/500,000,000 (38,626 pos/s)
[r0] stream batch 9760/30880: 158,033,920/500,000,000 (38,470 pos/s)
[r1] stream batch 9808/30880: 158,811,136/500,000,000 (38,628 pos/s)
[r0] stream batch 9776/30880: 158,292,992/500,000,000 (38,475 pos/s)
[r1] stream batch 9824/30880: 159,070,208/500,000,000 (38,630 pos/s)
[r0] stream batch 9792/30880: 158,552,064/500,000,000 (38,477 pos/s)
[r1] stream batch 9840/30880: 159,329,280/500,000,000 (38,631 pos/s)
[r0] stream batch 9808/30880: 158,811,136/500,000,000 (38,479 pos/s)
[r1] stream batch 9856/30880: 159,588,352/500,000,000 (38,632 pos/s)
[r0] stream batch 9824/30880: 159,070,208/500,000,000 (38,479 pos/s)
[r1] stream batch 9872/30880: 159,847,424/500,000,000 (38,634 pos/s)
[r0] stream batch 9840/30880: 159,329,280/500,000,000 (38,480 pos/s)
[r1] stream batch 9888/30880: 160,106,496/500,000,000 (38,635 pos/s)
[r0] stream batch 9856/30880: 159,588,352/500,000,000 (38,481 pos/s)
[r1] stream batch 9904/30880: 160,365,568/500,000,000 (38,635 pos/s)
[r0] stream batch 9872/30880: 159,847,424/500,000,000 (38,482 pos/s)
[r1] stream batch 9920/30880: 160,624,640/500,000,000 (38,637 pos/s)
[r0] stream batch 9888/30880: 160,106,496/500,000,000 (38,484 pos/s)
[r1] stream batch 9936/30880: 160,883,712/500,000,000 (38,641 pos/s)
[r0] stream batch 9904/30880: 160,365,568/500,000,000 (38,484 pos/s)
[r1] stream batch 9952/30880: 161,142,784/500,000,000 (38,643 pos/s)
[r0] stream batch 9920/30880: 160,624,640/500,000,000 (38,486 pos/s)
[r1] stream batch 9968/30880: 161,401,856/500,000,000 (38,645 pos/s)
[r0] stream batch 9936/30880: 160,883,712/500,000,000 (38,492 pos/s)
[r1] stream batch 9984/30880: 161,660,928/500,000,000 (38,647 pos/s)
[r0] stream batch 9952/30880: 161,142,784/500,000,000 (38,495 pos/s)
[r1] stream batch 10000/30880: 161,920,000/500,000,000 (38,649 pos/s)
[r0] stream batch 9968/30880: 161,401,856/500,000,000 (38,496 pos/s)
[r1] stream batch 10016/30880: 162,179,072/500,000,000 (38,650 pos/s)
[r0] stream batch 9984/30880: 161,660,928/500,000,000 (38,497 pos/s)
[r1] stream batch 10032/30880: 162,438,144/500,000,000 (38,650 pos/s)
[r0] stream batch 10000/30880: 161,920,000/500,000,000 (38,499 pos/s)
[r1] stream batch 10048/30880: 162,697,216/500,000,000 (38,651 pos/s)
[r0] stream batch 10016/30880: 162,179,072/500,000,000 (38,501 pos/s)
[r1] stream batch 10064/30880: 162,956,288/500,000,000 (38,652 pos/s)
[r0] stream batch 10032/30880: 162,438,144/500,000,000 (38,502 pos/s)
[r1] stream batch 10080/30880: 163,215,360/500,000,000 (38,652 pos/s)
[r0] stream batch 10048/30880: 162,697,216/500,000,000 (38,502 pos/s)
[r1] stream batch 10096/30880: 163,474,432/500,000,000 (38,653 pos/s)
[r0] stream batch 10064/30880: 162,956,288/500,000,000 (38,503 pos/s)
[r1] stream batch 10112/30880: 163,733,504/500,000,000 (38,655 pos/s)
[r0] stream batch 10080/30880: 163,215,360/500,000,000 (38,503 pos/s)
[r1] stream batch 10128/30880: 163,992,576/500,000,000 (38,657 pos/s)
[r0] stream batch 10096/30880: 163,474,432/500,000,000 (38,504 pos/s)
[r1] stream batch 10144/30880: 164,251,648/500,000,000 (38,660 pos/s)
[r0] stream batch 10112/30880: 163,733,504/500,000,000 (38,505 pos/s)
[r1] stream batch 10160/30880: 164,510,720/500,000,000 (38,660 pos/s)
[r0] stream batch 10128/30880: 163,992,576/500,000,000 (38,507 pos/s)
[r1] stream batch 10176/30880: 164,769,792/500,000,000 (38,661 pos/s)
[r0] stream batch 10144/30880: 164,251,648/500,000,000 (38,509 pos/s)
[r1] stream batch 10192/30880: 165,028,864/500,000,000 (38,663 pos/s)
[r0] stream batch 10160/30880: 164,510,720/500,000,000 (38,510 pos/s)
[r1] stream batch 10208/30880: 165,287,936/500,000,000 (38,665 pos/s)
[r0] stream batch 10176/30880: 164,769,792/500,000,000 (38,510 pos/s)
[r1] stream batch 10224/30880: 165,547,008/500,000,000 (38,667 pos/s)
[r0] stream batch 10192/30880: 165,028,864/500,000,000 (38,511 pos/s)
[r1] stream batch 10240/30880: 165,806,080/500,000,000 (38,669 pos/s)
[r0] stream batch 10208/30880: 165,287,936/500,000,000 (38,514 pos/s)
[r1] stream batch 10256/30880: 166,065,152/500,000,000 (38,671 pos/s)
[r0] stream batch 10224/30880: 165,547,008/500,000,000 (38,515 pos/s)
[r1] stream batch 10272/30880: 166,324,224/500,000,000 (38,672 pos/s)
[r0] stream batch 10240/30880: 165,806,080/500,000,000 (38,517 pos/s)
[r1] stream batch 10288/30880: 166,583,296/500,000,000 (38,673 pos/s)
[r0] stream batch 10256/30880: 166,065,152/500,000,000 (38,518 pos/s)
[r1] stream batch 10304/30880: 166,842,368/500,000,000 (38,674 pos/s)
[r0] stream batch 10272/30880: 166,324,224/500,000,000 (38,520 pos/s)
[r1] stream batch 10320/30880: 167,101,440/500,000,000 (38,675 pos/s)
[r0] stream batch 10288/30880: 166,583,296/500,000,000 (38,520 pos/s)
[r1] stream batch 10336/30880: 167,360,512/500,000,000 (38,676 pos/s)
[r0] stream batch 10304/30880: 166,842,368/500,000,000 (38,521 pos/s)
[r1] stream batch 10352/30880: 167,619,584/500,000,000 (38,678 pos/s)
[r0] stream batch 10320/30880: 167,101,440/500,000,000 (38,523 pos/s)
[r1] stream batch 10368/30880: 167,878,656/500,000,000 (38,679 pos/s)
[r0] stream batch 10336/30880: 167,360,512/500,000,000 (38,524 pos/s)
[r1] stream batch 10384/30880: 168,137,728/500,000,000 (38,680 pos/s)
[r0] stream batch 10352/30880: 167,619,584/500,000,000 (38,527 pos/s)
[r1] stream batch 10400/30880: 168,396,800/500,000,000 (38,681 pos/s)
[r0] stream batch 10368/30880: 167,878,656/500,000,000 (38,527 pos/s)
[r1] stream batch 10416/30880: 168,655,872/500,000,000 (38,682 pos/s)
[r0] stream batch 10384/30880: 168,137,728/500,000,000 (38,528 pos/s)
[r1] stream batch 10432/30880: 168,914,944/500,000,000 (38,683 pos/s)
[r0] stream batch 10400/30880: 168,396,800/500,000,000 (38,529 pos/s)
[r1] stream batch 10448/30880: 169,174,016/500,000,000 (38,685 pos/s)
[r0] stream batch 10416/30880: 168,655,872/500,000,000 (38,529 pos/s)
[r1] stream batch 10464/30880: 169,433,088/500,000,000 (38,686 pos/s)
[r0] stream batch 10432/30880: 168,914,944/500,000,000 (38,531 pos/s)
[r1] stream batch 10480/30880: 169,692,160/500,000,000 (38,687 pos/s)
[r0] stream batch 10448/30880: 169,174,016/500,000,000 (38,533 pos/s)
[r1] stream batch 10496/30880: 169,951,232/500,000,000 (38,686 pos/s)
[r0] stream batch 10464/30880: 169,433,088/500,000,000 (38,534 pos/s)
[r1] stream batch 10512/30880: 170,210,304/500,000,000 (38,689 pos/s)
[r0] stream batch 10480/30880: 169,692,160/500,000,000 (38,536 pos/s)
[r1] stream batch 10528/30880: 170,469,376/500,000,000 (38,690 pos/s)
[r0] stream batch 10496/30880: 169,951,232/500,000,000 (38,536 pos/s)
[r1] stream batch 10544/30880: 170,728,448/500,000,000 (38,691 pos/s)
[r0] stream batch 10512/30880: 170,210,304/500,000,000 (38,537 pos/s)
[r1] stream batch 10560/30880: 170,987,520/500,000,000 (38,691 pos/s)
[r0] stream batch 10528/30880: 170,469,376/500,000,000 (38,538 pos/s)
[r1] stream batch 10576/30880: 171,246,592/500,000,000 (38,692 pos/s)
[r0] stream batch 10544/30880: 170,728,448/500,000,000 (38,540 pos/s)
[r1] stream batch 10592/30880: 171,505,664/500,000,000 (38,692 pos/s)
[r0] stream batch 10560/30880: 170,987,520/500,000,000 (38,541 pos/s)
[r1] stream batch 10608/30880: 171,764,736/500,000,000 (38,694 pos/s)
[r0] stream batch 10576/30880: 171,246,592/500,000,000 (38,542 pos/s)
[r1] stream batch 10624/30880: 172,023,808/500,000,000 (38,694 pos/s)
[r0] stream batch 10592/30880: 171,505,664/500,000,000 (38,543 pos/s)
[r1] stream batch 10640/30880: 172,282,880/500,000,000 (38,695 pos/s)
[r0] stream batch 10608/30880: 171,764,736/500,000,000 (38,545 pos/s)
[r1] stream batch 10656/30880: 172,541,952/500,000,000 (38,697 pos/s)
[r0] stream batch 10624/30880: 172,023,808/500,000,000 (38,545 pos/s)
[r1] stream batch 10672/30880: 172,801,024/500,000,000 (38,698 pos/s)
[r0] stream batch 10640/30880: 172,282,880/500,000,000 (38,546 pos/s)
[r1] stream batch 10688/30880: 173,060,096/500,000,000 (38,699 pos/s)
[r0] stream batch 10656/30880: 172,541,952/500,000,000 (38,547 pos/s)
[r1] stream batch 10704/30880: 173,319,168/500,000,000 (38,699 pos/s)
[r0] stream batch 10672/30880: 172,801,024/500,000,000 (38,549 pos/s)
[r1] stream batch 10720/30880: 173,578,240/500,000,000 (38,700 pos/s)
[r0] stream batch 10688/30880: 173,060,096/500,000,000 (38,550 pos/s)
[r1] stream batch 10736/30880: 173,837,312/500,000,000 (38,701 pos/s)
[r0] stream batch 10704/30880: 173,319,168/500,000,000 (38,550 pos/s)
[r1] stream batch 10752/30880: 174,096,384/500,000,000 (38,702 pos/s)
[r0] stream batch 10720/30880: 173,578,240/500,000,000 (38,552 pos/s)
[r1] stream batch 10768/30880: 174,355,456/500,000,000 (38,704 pos/s)
[r0] stream batch 10736/30880: 173,837,312/500,000,000 (38,553 pos/s)
[r1] stream batch 10784/30880: 174,614,528/500,000,000 (38,705 pos/s)
[r0] stream batch 10752/30880: 174,096,384/500,000,000 (38,554 pos/s)
[r1] stream batch 10800/30880: 174,873,600/500,000,000 (38,705 pos/s)
[r0] stream batch 10768/30880: 174,355,456/500,000,000 (38,556 pos/s)
[r1] stream batch 10816/30880: 175,132,672/500,000,000 (38,706 pos/s)
[r0] stream batch 10784/30880: 174,614,528/500,000,000 (38,557 pos/s)
[r1] stream batch 10832/30880: 175,391,744/500,000,000 (38,706 pos/s)
[r0] stream batch 10800/30880: 174,873,600/500,000,000 (38,558 pos/s)
[r1] stream batch 10848/30880: 175,650,816/500,000,000 (38,708 pos/s)
[r0] stream batch 10816/30880: 175,132,672/500,000,000 (38,560 pos/s)
[r1] stream batch 10864/30880: 175,909,888/500,000,000 (38,708 pos/s)
[r0] stream batch 10832/30880: 175,391,744/500,000,000 (38,562 pos/s)
[r1] stream batch 10880/30880: 176,168,960/500,000,000 (38,710 pos/s)
[r0] stream batch 10848/30880: 175,650,816/500,000,000 (38,563 pos/s)
[r1] stream batch 10896/30880: 176,428,032/500,000,000 (38,710 pos/s)
[r0] stream batch 10864/30880: 175,909,888/500,000,000 (38,565 pos/s)
[r1] stream batch 10912/30880: 176,687,104/500,000,000 (38,711 pos/s)
[r0] stream batch 10880/30880: 176,168,960/500,000,000 (38,566 pos/s)
[r1] stream batch 10928/30880: 176,946,176/500,000,000 (38,713 pos/s)
[r0] stream batch 10896/30880: 176,428,032/500,000,000 (38,567 pos/s)
[r1] stream batch 10944/30880: 177,205,248/500,000,000 (38,714 pos/s)
[r0] stream batch 10912/30880: 176,687,104/500,000,000 (38,568 pos/s)
[r1] stream batch 10960/30880: 177,464,320/500,000,000 (38,715 pos/s)
[r0] stream batch 10928/30880: 176,946,176/500,000,000 (38,570 pos/s)
[r1] stream batch 10976/30880: 177,723,392/500,000,000 (38,716 pos/s)
[r0] stream batch 10944/30880: 177,205,248/500,000,000 (38,571 pos/s)
[r1] stream batch 10992/30880: 177,982,464/500,000,000 (38,717 pos/s)
[r0] stream batch 10960/30880: 177,464,320/500,000,000 (38,572 pos/s)
[r1] stream batch 11008/30880: 178,241,536/500,000,000 (38,717 pos/s)
[r0] stream batch 10976/30880: 177,723,392/500,000,000 (38,574 pos/s)
[r1] stream batch 11024/30880: 178,500,608/500,000,000 (38,719 pos/s)
[r0] stream batch 10992/30880: 177,982,464/500,000,000 (38,575 pos/s)
[r1] stream batch 11040/30880: 178,759,680/500,000,000 (38,720 pos/s)
[r0] stream batch 11008/30880: 178,241,536/500,000,000 (38,576 pos/s)
[r1] stream batch 11056/30880: 179,018,752/500,000,000 (38,722 pos/s)
[r0] stream batch 11024/30880: 178,500,608/500,000,000 (38,577 pos/s)
[r1] stream batch 11072/30880: 179,277,824/500,000,000 (38,724 pos/s)
[r0] stream batch 11040/30880: 178,759,680/500,000,000 (38,579 pos/s)
[r1] stream batch 11088/30880: 179,536,896/500,000,000 (38,724 pos/s)
[r0] stream batch 11056/30880: 179,018,752/500,000,000 (38,581 pos/s)
[r1] stream batch 11104/30880: 179,795,968/500,000,000 (38,724 pos/s)
[r0] stream batch 11072/30880: 179,277,824/500,000,000 (38,582 pos/s)
[r1] stream batch 11120/30880: 180,055,040/500,000,000 (38,724 pos/s)
[r0] stream batch 11088/30880: 179,536,896/500,000,000 (38,584 pos/s)
[r1] stream batch 11136/30880: 180,314,112/500,000,000 (38,726 pos/s)
[r0] stream batch 11104/30880: 179,795,968/500,000,000 (38,585 pos/s)
[r1] stream batch 11152/30880: 180,573,184/500,000,000 (38,728 pos/s)
[r0] stream batch 11120/30880: 180,055,040/500,000,000 (38,587 pos/s)
[r1] stream batch 11168/30880: 180,832,256/500,000,000 (38,728 pos/s)
[r0] stream batch 11136/30880: 180,314,112/500,000,000 (38,589 pos/s)
[r1] stream batch 11184/30880: 181,091,328/500,000,000 (38,728 pos/s)
[r0] stream batch 11152/30880: 180,573,184/500,000,000 (38,590 pos/s)
[r1] stream batch 11200/30880: 181,350,400/500,000,000 (38,729 pos/s)
[r0] stream batch 11168/30880: 180,832,256/500,000,000 (38,591 pos/s)
[r1] stream batch 11216/30880: 181,609,472/500,000,000 (38,731 pos/s)
[r0] stream batch 11184/30880: 181,091,328/500,000,000 (38,592 pos/s)
[r1] stream batch 11232/30880: 181,868,544/500,000,000 (38,733 pos/s)
[r0] stream batch 11200/30880: 181,350,400/500,000,000 (38,593 pos/s)
[r1] stream batch 11248/30880: 182,127,616/500,000,000 (38,735 pos/s)
[r0] stream batch 11216/30880: 181,609,472/500,000,000 (38,594 pos/s)
[r1] stream batch 11264/30880: 182,386,688/500,000,000 (38,736 pos/s)
[r0] stream batch 11232/30880: 181,868,544/500,000,000 (38,595 pos/s)
[r1] stream batch 11280/30880: 182,645,760/500,000,000 (38,737 pos/s)
[r0] stream batch 11248/30880: 182,127,616/500,000,000 (38,596 pos/s)
[r1] stream batch 11296/30880: 182,904,832/500,000,000 (38,738 pos/s)
[r0] stream batch 11264/30880: 182,386,688/500,000,000 (38,597 pos/s)
[r1] stream batch 11312/30880: 183,163,904/500,000,000 (38,739 pos/s)
[r0] stream batch 11280/30880: 182,645,760/500,000,000 (38,599 pos/s)
[r1] stream batch 11328/30880: 183,422,976/500,000,000 (38,740 pos/s)
[r0] stream batch 11296/30880: 182,904,832/500,000,000 (38,600 pos/s)
[r1] stream batch 11344/30880: 183,682,048/500,000,000 (38,741 pos/s)
[r0] stream batch 11312/30880: 183,163,904/500,000,000 (38,601 pos/s)
[r1] stream batch 11360/30880: 183,941,120/500,000,000 (38,741 pos/s)
[r0] stream batch 11328/30880: 183,422,976/500,000,000 (38,600 pos/s)
[r1] stream batch 11376/30880: 184,200,192/500,000,000 (38,743 pos/s)
[r0] stream batch 11344/30880: 183,682,048/500,000,000 (38,601 pos/s)
[r1] stream batch 11392/30880: 184,459,264/500,000,000 (38,744 pos/s)
[r0] stream batch 11360/30880: 183,941,120/500,000,000 (38,602 pos/s)
[r1] stream batch 11408/30880: 184,718,336/500,000,000 (38,745 pos/s)
[r0] stream batch 11376/30880: 184,200,192/500,000,000 (38,603 pos/s)
[r1] stream batch 11424/30880: 184,977,408/500,000,000 (38,747 pos/s)
[r0] stream batch 11392/30880: 184,459,264/500,000,000 (38,605 pos/s)
[r1] stream batch 11440/30880: 185,236,480/500,000,000 (38,747 pos/s)
[r0] stream batch 11408/30880: 184,718,336/500,000,000 (38,605 pos/s)
[r1] stream batch 11456/30880: 185,495,552/500,000,000 (38,749 pos/s)
[r0] stream batch 11424/30880: 184,977,408/500,000,000 (38,606 pos/s)
[r1] stream batch 11472/30880: 185,754,624/500,000,000 (38,751 pos/s)
[r0] stream batch 11440/30880: 185,236,480/500,000,000 (38,607 pos/s)
[r1] stream batch 11488/30880: 186,013,696/500,000,000 (38,753 pos/s)
[r0] stream batch 11456/30880: 185,495,552/500,000,000 (38,608 pos/s)
[r1] stream batch 11504/30880: 186,272,768/500,000,000 (38,754 pos/s)
[r0] stream batch 11472/30880: 185,754,624/500,000,000 (38,610 pos/s)
[r1] stream batch 11520/30880: 186,531,840/500,000,000 (38,754 pos/s)
[r0] stream batch 11488/30880: 186,013,696/500,000,000 (38,612 pos/s)
[r1] stream batch 11536/30880: 186,790,912/500,000,000 (38,756 pos/s)
[r0] stream batch 11504/30880: 186,272,768/500,000,000 (38,613 pos/s)
[r1] stream batch 11552/30880: 187,049,984/500,000,000 (38,757 pos/s)
[r0] stream batch 11520/30880: 186,531,840/500,000,000 (38,613 pos/s)
[r1] stream batch 11568/30880: 187,309,056/500,000,000 (38,758 pos/s)
[r0] stream batch 11536/30880: 186,790,912/500,000,000 (38,614 pos/s)
[r1] stream batch 11584/30880: 187,568,128/500,000,000 (38,759 pos/s)
[r0] stream batch 11552/30880: 187,049,984/500,000,000 (38,615 pos/s)
[r1] stream batch 11600/30880: 187,827,200/500,000,000 (38,759 pos/s)
[r0] stream batch 11568/30880: 187,309,056/500,000,000 (38,616 pos/s)
[r1] stream batch 11616/30880: 188,086,272/500,000,000 (38,760 pos/s)
[r0] stream batch 11584/30880: 187,568,128/500,000,000 (38,617 pos/s)
[r1] stream batch 11632/30880: 188,345,344/500,000,000 (38,762 pos/s)
[r0] stream batch 11600/30880: 187,827,200/500,000,000 (38,616 pos/s)
[r1] stream batch 11648/30880: 188,604,416/500,000,000 (38,762 pos/s)
[r0] stream batch 11616/30880: 188,086,272/500,000,000 (38,618 pos/s)
[r1] stream batch 11664/30880: 188,863,488/500,000,000 (38,763 pos/s)
[r0] stream batch 11632/30880: 188,345,344/500,000,000 (38,620 pos/s)
[r1] stream batch 11680/30880: 189,122,560/500,000,000 (38,765 pos/s)
[r0] stream batch 11648/30880: 188,604,416/500,000,000 (38,621 pos/s)
[r1] stream batch 11696/30880: 189,381,632/500,000,000 (38,765 pos/s)
[r0] stream batch 11664/30880: 188,863,488/500,000,000 (38,622 pos/s)
[r1] stream batch 11712/30880: 189,640,704/500,000,000 (38,766 pos/s)
[r0] stream batch 11680/30880: 189,122,560/500,000,000 (38,623 pos/s)
[r1] stream batch 11728/30880: 189,899,776/500,000,000 (38,766 pos/s)
[r0] stream batch 11696/30880: 189,381,632/500,000,000 (38,624 pos/s)
[r1] stream batch 11744/30880: 190,158,848/500,000,000 (38,768 pos/s)
[r0] stream batch 11712/30880: 189,640,704/500,000,000 (38,624 pos/s)
[r1] stream batch 11760/30880: 190,417,920/500,000,000 (38,775 pos/s)
[r0] stream batch 11728/30880: 189,899,776/500,000,000 (38,626 pos/s)
[r1] stream batch 11776/30880: 190,676,992/500,000,000 (38,776 pos/s)
[r0] stream batch 11744/30880: 190,158,848/500,000,000 (38,628 pos/s)
[r1] stream batch 11792/30880: 190,936,064/500,000,000 (38,776 pos/s)
[r0] stream batch 11760/30880: 190,417,920/500,000,000 (38,634 pos/s)
[r1] stream batch 11808/30880: 191,195,136/500,000,000 (38,778 pos/s)
[r0] stream batch 11776/30880: 190,676,992/500,000,000 (38,635 pos/s)
[r1] stream batch 11824/30880: 191,454,208/500,000,000 (38,778 pos/s)
[r0] stream batch 11792/30880: 190,936,064/500,000,000 (38,636 pos/s)
[r1] stream batch 11840/30880: 191,713,280/500,000,000 (38,783 pos/s)
[r0] stream batch 11808/30880: 191,195,136/500,000,000 (38,637 pos/s)
[r1] stream batch 11856/30880: 191,972,352/500,000,000 (38,788 pos/s)
[r0] stream batch 11824/30880: 191,454,208/500,000,000 (38,638 pos/s)
[r1] stream batch 11872/30880: 192,231,424/500,000,000 (38,792 pos/s)
[r0] stream batch 11840/30880: 191,713,280/500,000,000 (38,643 pos/s)
[r1] stream batch 11888/30880: 192,490,496/500,000,000 (38,794 pos/s)
[r0] stream batch 11856/30880: 191,972,352/500,000,000 (38,648 pos/s)
[r1] stream batch 11904/30880: 192,749,568/500,000,000 (38,795 pos/s)
[r0] stream batch 11872/30880: 192,231,424/500,000,000 (38,653 pos/s)
[r1] stream batch 11920/30880: 193,008,640/500,000,000 (38,796 pos/s)
[r0] stream batch 11888/30880: 192,490,496/500,000,000 (38,654 pos/s)
[r1] stream batch 11936/30880: 193,267,712/500,000,000 (38,801 pos/s)
[r0] stream batch 11904/30880: 192,749,568/500,000,000 (38,656 pos/s)
[r1] stream batch 11952/30880: 193,526,784/500,000,000 (38,801 pos/s)
[r0] stream batch 11920/30880: 193,008,640/500,000,000 (38,657 pos/s)
[r1] stream batch 11968/30880: 193,785,856/500,000,000 (38,801 pos/s)
[r0] stream batch 11936/30880: 193,267,712/500,000,000 (38,661 pos/s)
[r1] stream batch 11984/30880: 194,044,928/500,000,000 (38,802 pos/s)
[r0] stream batch 11952/30880: 193,526,784/500,000,000 (38,662 pos/s)
[r1] stream batch 12000/30880: 194,304,000/500,000,000 (38,804 pos/s)
[r0] stream batch 11968/30880: 193,785,856/500,000,000 (38,663 pos/s)
[r1] stream batch 12016/30880: 194,563,072/500,000,000 (38,805 pos/s)
[r0] stream batch 11984/30880: 194,044,928/500,000,000 (38,664 pos/s)
[r1] stream batch 12032/30880: 194,822,144/500,000,000 (38,806 pos/s)
[r0] stream batch 12000/30880: 194,304,000/500,000,000 (38,665 pos/s)
[r1] stream batch 12048/30880: 195,081,216/500,000,000 (38,805 pos/s)
[r0] stream batch 12016/30880: 194,563,072/500,000,000 (38,666 pos/s)
[r1] stream batch 12064/30880: 195,340,288/500,000,000 (38,807 pos/s)
[r0] stream batch 12032/30880: 194,822,144/500,000,000 (38,667 pos/s)
[r1] stream batch 12080/30880: 195,599,360/500,000,000 (38,807 pos/s)
[r0] stream batch 12048/30880: 195,081,216/500,000,000 (38,668 pos/s)
[r1] stream batch 12096/30880: 195,858,432/500,000,000 (38,808 pos/s)
[r0] stream batch 12064/30880: 195,340,288/500,000,000 (38,670 pos/s)
[r1] stream batch 12112/30880: 196,117,504/500,000,000 (38,808 pos/s)
[r0] stream batch 12080/30880: 195,599,360/500,000,000 (38,670 pos/s)
[r1] stream batch 12128/30880: 196,376,576/500,000,000 (38,809 pos/s)
[r0] stream batch 12096/30880: 195,858,432/500,000,000 (38,671 pos/s)
[r1] stream batch 12144/30880: 196,635,648/500,000,000 (38,810 pos/s)
[r0] stream batch 12112/30880: 196,117,504/500,000,000 (38,672 pos/s)
[r1] stream batch 12160/30880: 196,894,720/500,000,000 (38,811 pos/s)
[r0] stream batch 12128/30880: 196,376,576/500,000,000 (38,672 pos/s)
[r1] stream batch 12176/30880: 197,153,792/500,000,000 (38,813 pos/s)
[r0] stream batch 12144/30880: 196,635,648/500,000,000 (38,674 pos/s)
[r1] stream batch 12192/30880: 197,412,864/500,000,000 (38,813 pos/s)
[r0] stream batch 12160/30880: 196,894,720/500,000,000 (38,675 pos/s)
[r1] stream batch 12208/30880: 197,671,936/500,000,000 (38,814 pos/s)
[r0] stream batch 12176/30880: 197,153,792/500,000,000 (38,676 pos/s)
[r1] stream batch 12224/30880: 197,931,008/500,000,000 (38,815 pos/s)
[r0] stream batch 12192/30880: 197,412,864/500,000,000 (38,676 pos/s)
[r1] stream batch 12240/30880: 198,190,080/500,000,000 (38,816 pos/s)
[r0] stream batch 12208/30880: 197,671,936/500,000,000 (38,677 pos/s)
[r1] stream batch 12256/30880: 198,449,152/500,000,000 (38,816 pos/s)
[r0] stream batch 12224/30880: 197,931,008/500,000,000 (38,678 pos/s)
[r1] stream batch 12272/30880: 198,708,224/500,000,000 (38,817 pos/s)
[r0] stream batch 12240/30880: 198,190,080/500,000,000 (38,678 pos/s)
[r1] stream batch 12288/30880: 198,967,296/500,000,000 (38,818 pos/s)
[r0] stream batch 12256/30880: 198,449,152/500,000,000 (38,679 pos/s)
[r1] stream batch 12304/30880: 199,226,368/500,000,000 (38,819 pos/s)
[r0] stream batch 12272/30880: 198,708,224/500,000,000 (38,681 pos/s)
[r1] stream batch 12320/30880: 199,485,440/500,000,000 (38,819 pos/s)
[r0] stream batch 12288/30880: 198,967,296/500,000,000 (38,682 pos/s)
[r1] stream batch 12336/30880: 199,744,512/500,000,000 (38,820 pos/s)
[r0] stream batch 12304/30880: 199,226,368/500,000,000 (38,683 pos/s)
[r1] stream batch 12352/30880: 200,003,584/500,000,000 (38,820 pos/s)
[r0] stream batch 12320/30880: 199,485,440/500,000,000 (38,684 pos/s)
[r1] stream batch 12368/30880: 200,262,656/500,000,000 (38,821 pos/s)
[r0] stream batch 12336/30880: 199,744,512/500,000,000 (38,685 pos/s)
[r1] stream batch 12384/30880: 200,521,728/500,000,000 (38,822 pos/s)
[r0] stream batch 12352/30880: 200,003,584/500,000,000 (38,685 pos/s)
[r1] stream batch 12400/30880: 200,780,800/500,000,000 (38,823 pos/s)
[r0] stream batch 12368/30880: 200,262,656/500,000,000 (38,686 pos/s)
[r1] stream batch 12416/30880: 201,039,872/500,000,000 (38,824 pos/s)
[r0] stream batch 12384/30880: 200,521,728/500,000,000 (38,687 pos/s)
[r1] stream batch 12432/30880: 201,298,944/500,000,000 (38,826 pos/s)
[r0] stream batch 12400/30880: 200,780,800/500,000,000 (38,689 pos/s)
[r1] stream batch 12448/30880: 201,558,016/500,000,000 (38,825 pos/s)
[r0] stream batch 12416/30880: 201,039,872/500,000,000 (38,689 pos/s)
[r1] stream batch 12464/30880: 201,817,088/500,000,000 (38,825 pos/s)
[r0] stream batch 12432/30880: 201,298,944/500,000,000 (38,692 pos/s)
[r1] stream batch 12480/30880: 202,076,160/500,000,000 (38,827 pos/s)
[r0] stream batch 12448/30880: 201,558,016/500,000,000 (38,691 pos/s)
[r1] stream batch 12496/30880: 202,335,232/500,000,000 (38,828 pos/s)
[r0] stream batch 12464/30880: 201,817,088/500,000,000 (38,693 pos/s)
[r1] stream batch 12512/30880: 202,594,304/500,000,000 (38,828 pos/s)
[r0] stream batch 12480/30880: 202,076,160/500,000,000 (38,694 pos/s)
[r1] stream batch 12528/30880: 202,853,376/500,000,000 (38,828 pos/s)
[r0] stream batch 12496/30880: 202,335,232/500,000,000 (38,695 pos/s)
[r1] stream batch 12544/30880: 203,112,448/500,000,000 (38,828 pos/s)
[r0] stream batch 12512/30880: 202,594,304/500,000,000 (38,696 pos/s)
[r1] stream batch 12560/30880: 203,371,520/500,000,000 (38,829 pos/s)
[r0] stream batch 12528/30880: 202,853,376/500,000,000 (38,696 pos/s)
[r1] stream batch 12576/30880: 203,630,592/500,000,000 (38,830 pos/s)
[r0] stream batch 12544/30880: 203,112,448/500,000,000 (38,697 pos/s)
[r1] stream batch 12592/30880: 203,889,664/500,000,000 (38,831 pos/s)
[r0] stream batch 12560/30880: 203,371,520/500,000,000 (38,699 pos/s)
[r1] stream batch 12608/30880: 204,148,736/500,000,000 (38,831 pos/s)
[r0] stream batch 12576/30880: 203,630,592/500,000,000 (38,700 pos/s)
[r1] stream batch 12624/30880: 204,407,808/500,000,000 (38,833 pos/s)
[r0] stream batch 12592/30880: 203,889,664/500,000,000 (38,701 pos/s)
[r1] stream batch 12640/30880: 204,666,880/500,000,000 (38,834 pos/s)
[r0] stream batch 12608/30880: 204,148,736/500,000,000 (38,702 pos/s)
[r1] stream batch 12656/30880: 204,925,952/500,000,000 (38,835 pos/s)
[r0] stream batch 12624/30880: 204,407,808/500,000,000 (38,701 pos/s)
[r1] stream batch 12672/30880: 205,185,024/500,000,000 (38,835 pos/s)
[r0] stream batch 12640/30880: 204,666,880/500,000,000 (38,702 pos/s)
[r1] stream batch 12688/30880: 205,444,096/500,000,000 (38,837 pos/s)
[r0] stream batch 12656/30880: 204,925,952/500,000,000 (38,703 pos/s)
[r1] stream batch 12704/30880: 205,703,168/500,000,000 (38,836 pos/s)
[r0] stream batch 12672/30880: 205,185,024/500,000,000 (38,704 pos/s)
[r1] stream batch 12720/30880: 205,962,240/500,000,000 (38,837 pos/s)
[r0] stream batch 12688/30880: 205,444,096/500,000,000 (38,705 pos/s)
[r1] stream batch 12736/30880: 206,221,312/500,000,000 (38,838 pos/s)
[r0] stream batch 12704/30880: 205,703,168/500,000,000 (38,705 pos/s)
[r1] stream batch 12752/30880: 206,480,384/500,000,000 (38,839 pos/s)
[r0] stream batch 12720/30880: 205,962,240/500,000,000 (38,705 pos/s)
[r1] stream batch 12768/30880: 206,739,456/500,000,000 (38,839 pos/s)
[r0] stream batch 12736/30880: 206,221,312/500,000,000 (38,706 pos/s)
[r1] stream batch 12784/30880: 206,998,528/500,000,000 (38,840 pos/s)
[r0] stream batch 12752/30880: 206,480,384/500,000,000 (38,707 pos/s)
[r1] stream batch 12800/30880: 207,257,600/500,000,000 (38,840 pos/s)
[r0] stream batch 12768/30880: 206,739,456/500,000,000 (38,708 pos/s)
[r1] stream batch 12816/30880: 207,516,672/500,000,000 (38,842 pos/s)
[r0] stream batch 12784/30880: 206,998,528/500,000,000 (38,709 pos/s)
[r1] stream batch 12832/30880: 207,775,744/500,000,000 (38,843 pos/s)
[r0] stream batch 12800/30880: 207,257,600/500,000,000 (38,710 pos/s)
[r1] stream batch 12848/30880: 208,034,816/500,000,000 (38,845 pos/s)
[r0] stream batch 12816/30880: 207,516,672/500,000,000 (38,712 pos/s)
[r1] stream batch 12864/30880: 208,293,888/500,000,000 (38,845 pos/s)
[r0] stream batch 12832/30880: 207,775,744/500,000,000 (38,713 pos/s)
[r1] stream batch 12880/30880: 208,552,960/500,000,000 (38,845 pos/s)
[r0] stream batch 12848/30880: 208,034,816/500,000,000 (38,716 pos/s)
[r1] stream batch 12896/30880: 208,812,032/500,000,000 (38,846 pos/s)
[r0] stream batch 12864/30880: 208,293,888/500,000,000 (38,716 pos/s)
[r1] stream batch 12912/30880: 209,071,104/500,000,000 (38,848 pos/s)
[r0] stream batch 12880/30880: 208,552,960/500,000,000 (38,717 pos/s)
[r1] stream batch 12928/30880: 209,330,176/500,000,000 (38,848 pos/s)
[r0] stream batch 12896/30880: 208,812,032/500,000,000 (38,718 pos/s)
[r1] stream batch 12944/30880: 209,589,248/500,000,000 (38,849 pos/s)
[r0] stream batch 12912/30880: 209,071,104/500,000,000 (38,718 pos/s)
[r1] stream batch 12960/30880: 209,848,320/500,000,000 (38,850 pos/s)
[r0] stream batch 12928/30880: 209,330,176/500,000,000 (38,719 pos/s)
[r1] stream batch 12976/30880: 210,107,392/500,000,000 (38,851 pos/s)
[r0] stream batch 12944/30880: 209,589,248/500,000,000 (38,720 pos/s)
[r1] stream batch 12992/30880: 210,366,464/500,000,000 (38,852 pos/s)
[r0] stream batch 12960/30880: 209,848,320/500,000,000 (38,721 pos/s)
[r1] stream batch 13008/30880: 210,625,536/500,000,000 (38,852 pos/s)
[r0] stream batch 12976/30880: 210,107,392/500,000,000 (38,722 pos/s)
[r1] stream batch 13024/30880: 210,884,608/500,000,000 (38,853 pos/s)
[r0] stream batch 12992/30880: 210,366,464/500,000,000 (38,724 pos/s)
[r1] stream batch 13040/30880: 211,143,680/500,000,000 (38,854 pos/s)
[r0] stream batch 13008/30880: 210,625,536/500,000,000 (38,724 pos/s)
[r1] stream batch 13056/30880: 211,402,752/500,000,000 (38,855 pos/s)
[r0] stream batch 13024/30880: 210,884,608/500,000,000 (38,725 pos/s)
[r1] stream batch 13072/30880: 211,661,824/500,000,000 (38,855 pos/s)
[r0] stream batch 13040/30880: 211,143,680/500,000,000 (38,726 pos/s)
[r1] stream batch 13088/30880: 211,920,896/500,000,000 (38,857 pos/s)
[r0] stream batch 13056/30880: 211,402,752/500,000,000 (38,727 pos/s)
[r1] stream batch 13104/30880: 212,179,968/500,000,000 (38,858 pos/s)
[r0] stream batch 13072/30880: 211,661,824/500,000,000 (38,728 pos/s)
[r1] stream batch 13120/30880: 212,439,040/500,000,000 (38,859 pos/s)
[r0] stream batch 13088/30880: 211,920,896/500,000,000 (38,729 pos/s)
[r1] stream batch 13136/30880: 212,698,112/500,000,000 (38,859 pos/s)
[r0] stream batch 13104/30880: 212,179,968/500,000,000 (38,730 pos/s)
[r1] stream batch 13152/30880: 212,957,184/500,000,000 (38,860 pos/s)
[r0] stream batch 13120/30880: 212,439,040/500,000,000 (38,731 pos/s)
[r1] stream batch 13168/30880: 213,216,256/500,000,000 (38,861 pos/s)
[r0] stream batch 13136/30880: 212,698,112/500,000,000 (38,732 pos/s)
[r1] stream batch 13184/30880: 213,475,328/500,000,000 (38,862 pos/s)
[r0] stream batch 13152/30880: 212,957,184/500,000,000 (38,732 pos/s)
[r1] stream batch 13200/30880: 213,734,400/500,000,000 (38,862 pos/s)
[r0] stream batch 13168/30880: 213,216,256/500,000,000 (38,733 pos/s)
[r1] stream batch 13216/30880: 213,993,472/500,000,000 (38,862 pos/s)
[r0] stream batch 13184/30880: 213,475,328/500,000,000 (38,733 pos/s)
[r1] stream batch 13232/30880: 214,252,544/500,000,000 (38,863 pos/s)
[r0] stream batch 13200/30880: 213,734,400/500,000,000 (38,734 pos/s)
[r1] stream batch 13248/30880: 214,511,616/500,000,000 (38,864 pos/s)
[r0] stream batch 13216/30880: 213,993,472/500,000,000 (38,734 pos/s)
[r1] stream batch 13264/30880: 214,770,688/500,000,000 (38,865 pos/s)
[r0] stream batch 13232/30880: 214,252,544/500,000,000 (38,736 pos/s)
[r1] stream batch 13280/30880: 215,029,760/500,000,000 (38,866 pos/s)
[r0] stream batch 13248/30880: 214,511,616/500,000,000 (38,737 pos/s)
[r1] stream batch 13296/30880: 215,288,832/500,000,000 (38,866 pos/s)
[r0] stream batch 13264/30880: 214,770,688/500,000,000 (38,738 pos/s)
[r1] stream batch 13312/30880: 215,547,904/500,000,000 (38,867 pos/s)
[r0] stream batch 13280/30880: 215,029,760/500,000,000 (38,739 pos/s)
[r1] stream batch 13328/30880: 215,806,976/500,000,000 (38,868 pos/s)
[r0] stream batch 13296/30880: 215,288,832/500,000,000 (38,740 pos/s)
[r1] stream batch 13344/30880: 216,066,048/500,000,000 (38,869 pos/s)
[r0] stream batch 13312/30880: 215,547,904/500,000,000 (38,739 pos/s)
[r1] stream batch 13360/30880: 216,325,120/500,000,000 (38,869 pos/s)
[r0] stream batch 13328/30880: 215,806,976/500,000,000 (38,740 pos/s)
[r1] stream batch 13376/30880: 216,584,192/500,000,000 (38,869 pos/s)
[r0] stream batch 13344/30880: 216,066,048/500,000,000 (38,741 pos/s)
[r1] stream batch 13392/30880: 216,843,264/500,000,000 (38,870 pos/s)
[r0] stream batch 13360/30880: 216,325,120/500,000,000 (38,742 pos/s)
[r1] stream batch 13408/30880: 217,102,336/500,000,000 (38,870 pos/s)
[r0] stream batch 13376/30880: 216,584,192/500,000,000 (38,742 pos/s)
[r1] stream batch 13424/30880: 217,361,408/500,000,000 (38,871 pos/s)
[r0] stream batch 13392/30880: 216,843,264/500,000,000 (38,743 pos/s)
[r1] stream batch 13440/30880: 217,620,480/500,000,000 (38,872 pos/s)
[r0] stream batch 13408/30880: 217,102,336/500,000,000 (38,743 pos/s)
[r1] stream batch 13456/30880: 217,879,552/500,000,000 (38,874 pos/s)
[r0] stream batch 13424/30880: 217,361,408/500,000,000 (38,744 pos/s)
[r1] stream batch 13472/30880: 218,138,624/500,000,000 (38,874 pos/s)
[r0] stream batch 13440/30880: 217,620,480/500,000,000 (38,745 pos/s)
[r1] stream batch 13488/30880: 218,397,696/500,000,000 (38,875 pos/s)
[r0] stream batch 13456/30880: 217,879,552/500,000,000 (38,746 pos/s)
[r1] stream batch 13504/30880: 218,656,768/500,000,000 (38,875 pos/s)
[r0] stream batch 13472/30880: 218,138,624/500,000,000 (38,746 pos/s)
[r1] stream batch 13520/30880: 218,915,840/500,000,000 (38,876 pos/s)
[r0] stream batch 13488/30880: 218,397,696/500,000,000 (38,746 pos/s)
[r1] stream batch 13536/30880: 219,174,912/500,000,000 (38,877 pos/s)
[r0] stream batch 13504/30880: 218,656,768/500,000,000 (38,747 pos/s)
[r1] stream batch 13552/30880: 219,433,984/500,000,000 (38,879 pos/s)
[r0] stream batch 13520/30880: 218,915,840/500,000,000 (38,747 pos/s)
[r1] stream batch 13568/30880: 219,693,056/500,000,000 (38,880 pos/s)
[r0] stream batch 13536/30880: 219,174,912/500,000,000 (38,748 pos/s)
[r1] stream batch 13584/30880: 219,952,128/500,000,000 (38,880 pos/s)
[r0] stream batch 13552/30880: 219,433,984/500,000,000 (38,749 pos/s)
[r1] stream batch 13600/30880: 220,211,200/500,000,000 (38,881 pos/s)
[r0] stream batch 13568/30880: 219,693,056/500,000,000 (38,750 pos/s)
[r1] stream batch 13616/30880: 220,470,272/500,000,000 (38,882 pos/s)
[r0] stream batch 13584/30880: 219,952,128/500,000,000 (38,751 pos/s)
[r1] stream batch 13632/30880: 220,729,344/500,000,000 (38,882 pos/s)
[r0] stream batch 13600/30880: 220,211,200/500,000,000 (38,752 pos/s)
[r1] stream batch 13648/30880: 220,988,416/500,000,000 (38,883 pos/s)
[r0] stream batch 13616/30880: 220,470,272/500,000,000 (38,753 pos/s)
[r1] stream batch 13664/30880: 221,247,488/500,000,000 (38,884 pos/s)
[r0] stream batch 13632/30880: 220,729,344/500,000,000 (38,754 pos/s)
[r1] stream batch 13680/30880: 221,506,560/500,000,000 (38,885 pos/s)
[r0] stream batch 13648/30880: 220,988,416/500,000,000 (38,755 pos/s)
[r1] stream batch 13696/30880: 221,765,632/500,000,000 (38,885 pos/s)
[r0] stream batch 13664/30880: 221,247,488/500,000,000 (38,756 pos/s)
[r1] stream batch 13712/30880: 222,024,704/500,000,000 (38,887 pos/s)
[r0] stream batch 13680/30880: 221,506,560/500,000,000 (38,756 pos/s)
[r1] stream batch 13728/30880: 222,283,776/500,000,000 (38,887 pos/s)
[r0] stream batch 13696/30880: 221,765,632/500,000,000 (38,757 pos/s)
[r1] stream batch 13744/30880: 222,542,848/500,000,000 (38,888 pos/s)
[r0] stream batch 13712/30880: 222,024,704/500,000,000 (38,758 pos/s)
[r1] stream batch 13760/30880: 222,801,920/500,000,000 (38,888 pos/s)
[r0] stream batch 13728/30880: 222,283,776/500,000,000 (38,759 pos/s)
[r1] stream batch 13776/30880: 223,060,992/500,000,000 (38,889 pos/s)
[r0] stream batch 13744/30880: 222,542,848/500,000,000 (38,761 pos/s)
[r1] stream batch 13792/30880: 223,320,064/500,000,000 (38,889 pos/s)
[r0] stream batch 13760/30880: 222,801,920/500,000,000 (38,762 pos/s)
[r1] stream batch 13808/30880: 223,579,136/500,000,000 (38,889 pos/s)
[r0] stream batch 13776/30880: 223,060,992/500,000,000 (38,762 pos/s)
[r1] stream batch 13824/30880: 223,838,208/500,000,000 (38,890 pos/s)
[r0] stream batch 13792/30880: 223,320,064/500,000,000 (38,762 pos/s)
[r1] stream batch 13840/30880: 224,097,280/500,000,000 (38,891 pos/s)
[r0] stream batch 13808/30880: 223,579,136/500,000,000 (38,763 pos/s)
[r1] stream batch 13856/30880: 224,356,352/500,000,000 (38,891 pos/s)
[r0] stream batch 13824/30880: 223,838,208/500,000,000 (38,764 pos/s)
[r1] stream batch 13872/30880: 224,615,424/500,000,000 (38,892 pos/s)
[r0] stream batch 13840/30880: 224,097,280/500,000,000 (38,765 pos/s)
[r1] stream batch 13888/30880: 224,874,496/500,000,000 (38,893 pos/s)
[r0] stream batch 13856/30880: 224,356,352/500,000,000 (38,765 pos/s)
[r1] stream batch 13904/30880: 225,133,568/500,000,000 (38,893 pos/s)
[r0] stream batch 13872/30880: 224,615,424/500,000,000 (38,765 pos/s)
[r1] stream batch 13920/30880: 225,392,640/500,000,000 (38,894 pos/s)
[r0] stream batch 13888/30880: 224,874,496/500,000,000 (38,766 pos/s)
[r1] stream batch 13936/30880: 225,651,712/500,000,000 (38,896 pos/s)
[r0] stream batch 13904/30880: 225,133,568/500,000,000 (38,767 pos/s)
[r1] stream batch 13952/30880: 225,910,784/500,000,000 (38,896 pos/s)
[r0] stream batch 13920/30880: 225,392,640/500,000,000 (38,768 pos/s)
[r1] stream batch 13968/30880: 226,169,856/500,000,000 (38,898 pos/s)
[r0] stream batch 13936/30880: 225,651,712/500,000,000 (38,769 pos/s)
[r1] stream batch 13984/30880: 226,428,928/500,000,000 (38,898 pos/s)
[r0] stream batch 13952/30880: 225,910,784/500,000,000 (38,769 pos/s)
[r1] stream batch 14000/30880: 226,688,000/500,000,000 (38,898 pos/s)
[r0] stream batch 13968/30880: 226,169,856/500,000,000 (38,771 pos/s)
[r1] stream batch 14016/30880: 226,947,072/500,000,000 (38,899 pos/s)
[r0] stream batch 13984/30880: 226,428,928/500,000,000 (38,771 pos/s)
[r1] stream batch 14032/30880: 227,206,144/500,000,000 (38,900 pos/s)
[r0] stream batch 14000/30880: 226,688,000/500,000,000 (38,772 pos/s)
[r1] stream batch 14048/30880: 227,465,216/500,000,000 (38,901 pos/s)
[r0] stream batch 14016/30880: 226,947,072/500,000,000 (38,773 pos/s)
[r1] stream batch 14064/30880: 227,724,288/500,000,000 (38,902 pos/s)
[r0] stream batch 14032/30880: 227,206,144/500,000,000 (38,774 pos/s)
[r1] stream batch 14080/30880: 227,983,360/500,000,000 (38,902 pos/s)
[r0] stream batch 14048/30880: 227,465,216/500,000,000 (38,774 pos/s)
[r1] stream batch 14096/30880: 228,242,432/500,000,000 (38,902 pos/s)
[r0] stream batch 14064/30880: 227,724,288/500,000,000 (38,775 pos/s)
[r1] stream batch 14112/30880: 228,501,504/500,000,000 (38,902 pos/s)
[r0] stream batch 14080/30880: 227,983,360/500,000,000 (38,776 pos/s)
[r1] stream batch 14128/30880: 228,760,576/500,000,000 (38,903 pos/s)
[r0] stream batch 14096/30880: 228,242,432/500,000,000 (38,776 pos/s)
[r1] stream batch 14144/30880: 229,019,648/500,000,000 (38,904 pos/s)
[r0] stream batch 14112/30880: 228,501,504/500,000,000 (38,776 pos/s)
[r1] stream batch 14160/30880: 229,278,720/500,000,000 (38,905 pos/s)
[r0] stream batch 14128/30880: 228,760,576/500,000,000 (38,776 pos/s)
[r1] stream batch 14176/30880: 229,537,792/500,000,000 (38,906 pos/s)
[r0] stream batch 14144/30880: 229,019,648/500,000,000 (38,777 pos/s)
[r1] stream batch 14192/30880: 229,796,864/500,000,000 (38,907 pos/s)
[r0] stream batch 14160/30880: 229,278,720/500,000,000 (38,778 pos/s)
[r1] stream batch 14208/30880: 230,055,936/500,000,000 (38,907 pos/s)
[r0] stream batch 14176/30880: 229,537,792/500,000,000 (38,778 pos/s)
[r1] stream batch 14224/30880: 230,315,008/500,000,000 (38,908 pos/s)
[r0] stream batch 14192/30880: 229,796,864/500,000,000 (38,779 pos/s)
[r1] stream batch 14240/30880: 230,574,080/500,000,000 (38,909 pos/s)
[r0] stream batch 14208/30880: 230,055,936/500,000,000 (38,779 pos/s)
[r1] stream batch 14256/30880: 230,833,152/500,000,000 (38,909 pos/s)
[r0] stream batch 14224/30880: 230,315,008/500,000,000 (38,780 pos/s)
[r1] stream batch 14272/30880: 231,092,224/500,000,000 (38,910 pos/s)
[r0] stream batch 14240/30880: 230,574,080/500,000,000 (38,781 pos/s)
[r1] stream batch 14288/30880: 231,351,296/500,000,000 (38,910 pos/s)
[r0] stream batch 14256/30880: 230,833,152/500,000,000 (38,781 pos/s)
[r1] stream batch 14304/30880: 231,610,368/500,000,000 (38,912 pos/s)
[r0] stream batch 14272/30880: 231,092,224/500,000,000 (38,782 pos/s)
[r1] stream batch 14320/30880: 231,869,440/500,000,000 (38,913 pos/s)
[r0] stream batch 14288/30880: 231,351,296/500,000,000 (38,782 pos/s)
[r1] stream batch 14336/30880: 232,128,512/500,000,000 (38,913 pos/s)
[r0] stream batch 14304/30880: 231,610,368/500,000,000 (38,783 pos/s)
[r1] stream batch 14352/30880: 232,387,584/500,000,000 (38,914 pos/s)
[r0] stream batch 14320/30880: 231,869,440/500,000,000 (38,783 pos/s)
[r1] stream batch 14368/30880: 232,646,656/500,000,000 (38,915 pos/s)
[r0] stream batch 14336/30880: 232,128,512/500,000,000 (38,784 pos/s)
[r1] stream batch 14384/30880: 232,905,728/500,000,000 (38,915 pos/s)
[r0] stream batch 14352/30880: 232,387,584/500,000,000 (38,785 pos/s)
[r1] stream batch 14400/30880: 233,164,800/500,000,000 (38,916 pos/s)
[r1] stream batch 14416/30880: 233,423,872/500,000,000 (38,917 pos/s)
[r0] stream batch 14368/30880: 232,646,656/500,000,000 (38,786 pos/s)
[r0] stream batch 14384/30880: 232,905,728/500,000,000 (38,788 pos/s)
[r1] stream batch 14432/30880: 233,682,944/500,000,000 (38,918 pos/s)
[r0] stream batch 14400/30880: 233,164,800/500,000,000 (38,789 pos/s)
[r1] stream batch 14448/30880: 233,942,016/500,000,000 (38,919 pos/s)
[r0] stream batch 14416/30880: 233,423,872/500,000,000 (38,790 pos/s)
[r1] stream batch 14464/30880: 234,201,088/500,000,000 (38,921 pos/s)
[r1] stream batch 14480/30880: 234,460,160/500,000,000 (38,922 pos/s)
[r0] stream batch 14432/30880: 233,682,944/500,000,000 (38,791 pos/s)
[r1] stream batch 14496/30880: 234,719,232/500,000,000 (38,922 pos/s)
[r0] stream batch 14448/30880: 233,942,016/500,000,000 (38,792 pos/s)
[r0] stream batch 14464/30880: 234,201,088/500,000,000 (38,793 pos/s)
[r1] stream batch 14512/30880: 234,978,304/500,000,000 (38,923 pos/s)
[r0] stream batch 14480/30880: 234,460,160/500,000,000 (38,794 pos/s)
[r1] stream batch 14528/30880: 235,237,376/500,000,000 (38,924 pos/s)
[r0] stream batch 14496/30880: 234,719,232/500,000,000 (38,795 pos/s)
[r1] stream batch 14544/30880: 235,496,448/500,000,000 (38,924 pos/s)
[r0] stream batch 14512/30880: 234,978,304/500,000,000 (38,795 pos/s)
[r1] stream batch 14560/30880: 235,755,520/500,000,000 (38,925 pos/s)
[r0] stream batch 14528/30880: 235,237,376/500,000,000 (38,797 pos/s)
[r1] stream batch 14576/30880: 236,014,592/500,000,000 (38,926 pos/s)
[r0] stream batch 14544/30880: 235,496,448/500,000,000 (38,798 pos/s)
[r1] stream batch 14592/30880: 236,273,664/500,000,000 (38,927 pos/s)
[r1] stream batch 14608/30880: 236,532,736/500,000,000 (38,928 pos/s)
[r0] stream batch 14560/30880: 235,755,520/500,000,000 (38,798 pos/s)
[r0] stream batch 14576/30880: 236,014,592/500,000,000 (38,800 pos/s)
[r1] stream batch 14624/30880: 236,791,808/500,000,000 (38,929 pos/s)
[r0] stream batch 14592/30880: 236,273,664/500,000,000 (38,800 pos/s)
[r1] stream batch 14640/30880: 237,050,880/500,000,000 (38,929 pos/s)
[r0] stream batch 14608/30880: 236,532,736/500,000,000 (38,801 pos/s)
[r1] stream batch 14656/30880: 237,309,952/500,000,000 (38,930 pos/s)
[r0] stream batch 14624/30880: 236,791,808/500,000,000 (38,802 pos/s)
[r1] stream batch 14672/30880: 237,569,024/500,000,000 (38,930 pos/s)
[r1] stream batch 14688/30880: 237,828,096/500,000,000 (38,932 pos/s)
[r0] stream batch 14640/30880: 237,050,880/500,000,000 (38,802 pos/s)
[r1] stream batch 14704/30880: 238,087,168/500,000,000 (38,932 pos/s)
[r0] stream batch 14656/30880: 237,309,952/500,000,000 (38,803 pos/s)
[r1] stream batch 14720/30880: 238,346,240/500,000,000 (38,933 pos/s)
[r0] stream batch 14672/30880: 237,569,024/500,000,000 (38,804 pos/s)
[r1] stream batch 14736/30880: 238,605,312/500,000,000 (38,933 pos/s)
[r0] stream batch 14688/30880: 237,828,096/500,000,000 (38,805 pos/s)
[r1] stream batch 14752/30880: 238,864,384/500,000,000 (38,934 pos/s)
[r0] stream batch 14704/30880: 238,087,168/500,000,000 (38,805 pos/s)
[r1] stream batch 14768/30880: 239,123,456/500,000,000 (38,935 pos/s)
[r0] stream batch 14720/30880: 238,346,240/500,000,000 (38,806 pos/s)
[r1] stream batch 14784/30880: 239,382,528/500,000,000 (38,936 pos/s)
[r0] stream batch 14736/30880: 238,605,312/500,000,000 (38,807 pos/s)
[r1] stream batch 14800/30880: 239,641,600/500,000,000 (38,938 pos/s)
[r0] stream batch 14752/30880: 238,864,384/500,000,000 (38,808 pos/s)
[r1] stream batch 14816/30880: 239,900,672/500,000,000 (38,938 pos/s)
[r0] stream batch 14768/30880: 239,123,456/500,000,000 (38,809 pos/s)
[r1] stream batch 14832/30880: 240,159,744/500,000,000 (38,939 pos/s)
[r0] stream batch 14784/30880: 239,382,528/500,000,000 (38,810 pos/s)
[r1] stream batch 14848/30880: 240,418,816/500,000,000 (38,940 pos/s)
[r0] stream batch 14800/30880: 239,641,600/500,000,000 (38,812 pos/s)
[r1] stream batch 14864/30880: 240,677,888/500,000,000 (38,941 pos/s)
[r0] stream batch 14816/30880: 239,900,672/500,000,000 (38,813 pos/s)
[r1] stream batch 14880/30880: 240,936,960/500,000,000 (38,941 pos/s)
[r0] stream batch 14832/30880: 240,159,744/500,000,000 (38,814 pos/s)
[r0] stream batch 14848/30880: 240,418,816/500,000,000 (38,815 pos/s)
[r1] stream batch 14896/30880: 241,196,032/500,000,000 (38,942 pos/s)
[r1] stream batch 14912/30880: 241,455,104/500,000,000 (38,943 pos/s)
[r0] stream batch 14864/30880: 240,677,888/500,000,000 (38,816 pos/s)
[r1] stream batch 14928/30880: 241,714,176/500,000,000 (38,945 pos/s)
[r0] stream batch 14880/30880: 240,936,960/500,000,000 (38,817 pos/s)
[r1] stream batch 14944/30880: 241,973,248/500,000,000 (38,945 pos/s)
[r0] stream batch 14896/30880: 241,196,032/500,000,000 (38,817 pos/s)
[r1] stream batch 14960/30880: 242,232,320/500,000,000 (38,946 pos/s)
[r0] stream batch 14912/30880: 241,455,104/500,000,000 (38,819 pos/s)
[r1] stream batch 14976/30880: 242,491,392/500,000,000 (38,946 pos/s)
[r0] stream batch 14928/30880: 241,714,176/500,000,000 (38,820 pos/s)
[r0] stream batch 14944/30880: 241,973,248/500,000,000 (38,820 pos/s)
[r1] stream batch 14992/30880: 242,750,464/500,000,000 (38,946 pos/s)
[r0] stream batch 14960/30880: 242,232,320/500,000,000 (38,821 pos/s)
[r1] stream batch 15008/30880: 243,009,536/500,000,000 (38,947 pos/s)
[r1] stream batch 15024/30880: 243,268,608/500,000,000 (38,949 pos/s)
[r0] stream batch 14976/30880: 242,491,392/500,000,000 (38,822 pos/s)
[r1] stream batch 15040/30880: 243,527,680/500,000,000 (38,950 pos/s)
[r0] stream batch 14992/30880: 242,750,464/500,000,000 (38,823 pos/s)
[r1] stream batch 15056/30880: 243,786,752/500,000,000 (38,950 pos/s)
[r0] stream batch 15008/30880: 243,009,536/500,000,000 (38,824 pos/s)
[r1] stream batch 15072/30880: 244,045,824/500,000,000 (38,951 pos/s)
[r0] stream batch 15024/30880: 243,268,608/500,000,000 (38,825 pos/s)
[r1] stream batch 15088/30880: 244,304,896/500,000,000 (38,952 pos/s)
[r0] stream batch 15040/30880: 243,527,680/500,000,000 (38,825 pos/s)
[r1] stream batch 15104/30880: 244,563,968/500,000,000 (38,953 pos/s)
[r0] stream batch 15056/30880: 243,786,752/500,000,000 (38,826 pos/s)
[r1] stream batch 15120/30880: 244,823,040/500,000,000 (38,953 pos/s)
[r0] stream batch 15072/30880: 244,045,824/500,000,000 (38,826 pos/s)
[r1] stream batch 15136/30880: 245,082,112/500,000,000 (38,954 pos/s)
[r0] stream batch 15088/30880: 244,304,896/500,000,000 (38,827 pos/s)
[r1] stream batch 15152/30880: 245,341,184/500,000,000 (38,954 pos/s)
[r0] stream batch 15104/30880: 244,563,968/500,000,000 (38,828 pos/s)
[r1] stream batch 15168/30880: 245,600,256/500,000,000 (38,955 pos/s)
[r0] stream batch 15120/30880: 244,823,040/500,000,000 (38,827 pos/s)
[r1] stream batch 15184/30880: 245,859,328/500,000,000 (38,955 pos/s)
[r0] stream batch 15136/30880: 245,082,112/500,000,000 (38,828 pos/s)
[r1] stream batch 15200/30880: 246,118,400/500,000,000 (38,957 pos/s)
[r0] stream batch 15152/30880: 245,341,184/500,000,000 (38,829 pos/s)
[r1] stream batch 15216/30880: 246,377,472/500,000,000 (38,957 pos/s)
[r0] stream batch 15168/30880: 245,600,256/500,000,000 (38,830 pos/s)
[r1] stream batch 15232/30880: 246,636,544/500,000,000 (38,957 pos/s)
[r0] stream batch 15184/30880: 245,859,328/500,000,000 (38,832 pos/s)
[r1] stream batch 15248/30880: 246,895,616/500,000,000 (38,957 pos/s)
[r0] stream batch 15200/30880: 246,118,400/500,000,000 (38,833 pos/s)
[r1] stream batch 15264/30880: 247,154,688/500,000,000 (38,958 pos/s)
[r0] stream batch 15216/30880: 246,377,472/500,000,000 (38,833 pos/s)
[r1] stream batch 15280/30880: 247,413,760/500,000,000 (38,958 pos/s)
[r0] stream batch 15232/30880: 246,636,544/500,000,000 (38,833 pos/s)
[r1] stream batch 15296/30880: 247,672,832/500,000,000 (38,958 pos/s)
[r0] stream batch 15248/30880: 246,895,616/500,000,000 (38,834 pos/s)
[r1] stream batch 15312/30880: 247,931,904/500,000,000 (38,959 pos/s)
[r0] stream batch 15264/30880: 247,154,688/500,000,000 (38,834 pos/s)
[r1] stream batch 15328/30880: 248,190,976/500,000,000 (38,960 pos/s)
[r0] stream batch 15280/30880: 247,413,760/500,000,000 (38,834 pos/s)
[r1] stream batch 15344/30880: 248,450,048/500,000,000 (38,960 pos/s)
[r0] stream batch 15296/30880: 247,672,832/500,000,000 (38,835 pos/s)
[r1] stream batch 15360/30880: 248,709,120/500,000,000 (38,961 pos/s)
[r0] stream batch 15312/30880: 247,931,904/500,000,000 (38,836 pos/s)
[r1] stream batch 15376/30880: 248,968,192/500,000,000 (38,961 pos/s)
[r0] stream batch 15328/30880: 248,190,976/500,000,000 (38,836 pos/s)
[r1] stream batch 15392/30880: 249,227,264/500,000,000 (38,964 pos/s)
[r0] stream batch 15344/30880: 248,450,048/500,000,000 (38,837 pos/s)
[r1] stream batch 15408/30880: 249,486,336/500,000,000 (38,966 pos/s)
[r0] stream batch 15360/30880: 248,709,120/500,000,000 (38,837 pos/s)
[r1] stream batch 15424/30880: 249,745,408/500,000,000 (38,966 pos/s)
[r0] stream batch 15376/30880: 248,968,192/500,000,000 (38,838 pos/s)
[r1] stream batch 15440/30880: 250,004,480/500,000,000 (38,967 pos/s)
[r0] stream batch 15392/30880: 249,227,264/500,000,000 (38,840 pos/s)
[r1] stream batch 15456/30880: 250,263,552/500,000,000 (38,967 pos/s)
[r0] stream batch 15408/30880: 249,486,336/500,000,000 (38,841 pos/s)
[r1] stream batch 15472/30880: 250,522,624/500,000,000 (38,968 pos/s)
[r0] stream batch 15424/30880: 249,745,408/500,000,000 (38,841 pos/s)
[r1] stream batch 15488/30880: 250,781,696/500,000,000 (38,969 pos/s)
[r0] stream batch 15440/30880: 250,004,480/500,000,000 (38,842 pos/s)
[r1] stream batch 15504/30880: 251,040,768/500,000,000 (38,970 pos/s)
[r0] stream batch 15456/30880: 250,263,552/500,000,000 (38,843 pos/s)
[r1] stream batch 15520/30880: 251,299,840/500,000,000 (38,970 pos/s)
[r0] stream batch 15472/30880: 250,522,624/500,000,000 (38,843 pos/s)
[r1] stream batch 15536/30880: 251,558,912/500,000,000 (38,971 pos/s)
[r0] stream batch 15488/30880: 250,781,696/500,000,000 (38,843 pos/s)
[r1] stream batch 15552/30880: 251,817,984/500,000,000 (38,971 pos/s)
[r0] stream batch 15504/30880: 251,040,768/500,000,000 (38,844 pos/s)
[r1] stream batch 15568/30880: 252,077,056/500,000,000 (38,972 pos/s)
[r0] stream batch 15520/30880: 251,299,840/500,000,000 (38,844 pos/s)
[r1] stream batch 15584/30880: 252,336,128/500,000,000 (38,973 pos/s)
[r0] stream batch 15536/30880: 251,558,912/500,000,000 (38,844 pos/s)
[r1] stream batch 15600/30880: 252,595,200/500,000,000 (38,974 pos/s)
[r0] stream batch 15552/30880: 251,817,984/500,000,000 (38,844 pos/s)
[r1] stream batch 15616/30880: 252,854,272/500,000,000 (38,975 pos/s)
[r0] stream batch 15568/30880: 252,077,056/500,000,000 (38,845 pos/s)
[r1] stream batch 15632/30880: 253,113,344/500,000,000 (38,975 pos/s)
[r0] stream batch 15584/30880: 252,336,128/500,000,000 (38,846 pos/s)
[r1] stream batch 15648/30880: 253,372,416/500,000,000 (38,976 pos/s)
[r0] stream batch 15600/30880: 252,595,200/500,000,000 (38,847 pos/s)
[r1] stream batch 15664/30880: 253,631,488/500,000,000 (38,976 pos/s)
[r0] stream batch 15616/30880: 252,854,272/500,000,000 (38,848 pos/s)
[r1] stream batch 15680/30880: 253,890,560/500,000,000 (38,976 pos/s)
[r0] stream batch 15632/30880: 253,113,344/500,000,000 (38,849 pos/s)
[r1] stream batch 15696/30880: 254,149,632/500,000,000 (38,976 pos/s)
[r0] stream batch 15648/30880: 253,372,416/500,000,000 (38,850 pos/s)
[r1] stream batch 15712/30880: 254,408,704/500,000,000 (38,977 pos/s)
[r0] stream batch 15664/30880: 253,631,488/500,000,000 (38,851 pos/s)
[r1] stream batch 15728/30880: 254,667,776/500,000,000 (38,978 pos/s)
[r0] stream batch 15680/30880: 253,890,560/500,000,000 (38,851 pos/s)
[r1] stream batch 15744/30880: 254,926,848/500,000,000 (38,978 pos/s)
[r0] stream batch 15696/30880: 254,149,632/500,000,000 (38,851 pos/s)
[r1] stream batch 15760/30880: 255,185,920/500,000,000 (38,979 pos/s)
[r0] stream batch 15712/30880: 254,408,704/500,000,000 (38,851 pos/s)
[r1] stream batch 15776/30880: 255,444,992/500,000,000 (38,980 pos/s)
[r0] stream batch 15728/30880: 254,667,776/500,000,000 (38,852 pos/s)
[r1] stream batch 15792/30880: 255,704,064/500,000,000 (38,980 pos/s)
[r0] stream batch 15744/30880: 254,926,848/500,000,000 (38,853 pos/s)
[r1] stream batch 15808/30880: 255,963,136/500,000,000 (38,981 pos/s)
[r0] stream batch 15760/30880: 255,185,920/500,000,000 (38,854 pos/s)
[r1] stream batch 15824/30880: 256,222,208/500,000,000 (38,981 pos/s)
[r0] stream batch 15776/30880: 255,444,992/500,000,000 (38,856 pos/s)
[r1] stream batch 15840/30880: 256,481,280/500,000,000 (38,981 pos/s)
[r0] stream batch 15792/30880: 255,704,064/500,000,000 (38,856 pos/s)
[r1] stream batch 15856/30880: 256,740,352/500,000,000 (38,984 pos/s)
[r0] stream batch 15808/30880: 255,963,136/500,000,000 (38,857 pos/s)
[r1] stream batch 15872/30880: 256,999,424/500,000,000 (38,985 pos/s)
[r0] stream batch 15824/30880: 256,222,208/500,000,000 (38,857 pos/s)
[r1] stream batch 15888/30880: 257,258,496/500,000,000 (38,985 pos/s)
[r0] stream batch 15840/30880: 256,481,280/500,000,000 (38,857 pos/s)
[r1] stream batch 15904/30880: 257,517,568/500,000,000 (38,985 pos/s)
[r0] stream batch 15856/30880: 256,740,352/500,000,000 (38,859 pos/s)
[r1] stream batch 15920/30880: 257,776,640/500,000,000 (38,985 pos/s)
[r0] stream batch 15872/30880: 256,999,424/500,000,000 (38,860 pos/s)
[r1] stream batch 15936/30880: 258,035,712/500,000,000 (38,986 pos/s)
[r0] stream batch 15888/30880: 257,258,496/500,000,000 (38,860 pos/s)
[r1] stream batch 15952/30880: 258,294,784/500,000,000 (38,985 pos/s)
[r0] stream batch 15904/30880: 257,517,568/500,000,000 (38,861 pos/s)
[r1] stream batch 15968/30880: 258,553,856/500,000,000 (38,986 pos/s)
[r0] stream batch 15920/30880: 257,776,640/500,000,000 (38,861 pos/s)
[r1] stream batch 15984/30880: 258,812,928/500,000,000 (38,988 pos/s)
[r0] stream batch 15936/30880: 258,035,712/500,000,000 (38,862 pos/s)
[r1] stream batch 16000/30880: 259,072,000/500,000,000 (38,988 pos/s)
[r0] stream batch 15952/30880: 258,294,784/500,000,000 (38,862 pos/s)
[r1] stream batch 16016/30880: 259,331,072/500,000,000 (38,989 pos/s)
[r0] stream batch 15968/30880: 258,553,856/500,000,000 (38,862 pos/s)
[r1] stream batch 16032/30880: 259,590,144/500,000,000 (38,990 pos/s)
[r0] stream batch 15984/30880: 258,812,928/500,000,000 (38,864 pos/s)
[r1] stream batch 16048/30880: 259,849,216/500,000,000 (38,990 pos/s)
[r0] stream batch 16000/30880: 259,072,000/500,000,000 (38,864 pos/s)
[r1] stream batch 16064/30880: 260,108,288/500,000,000 (38,991 pos/s)
[r0] stream batch 16016/30880: 259,331,072/500,000,000 (38,865 pos/s)
[r1] stream batch 16080/30880: 260,367,360/500,000,000 (38,992 pos/s)
[r0] stream batch 16032/30880: 259,590,144/500,000,000 (38,866 pos/s)
[r1] stream batch 16096/30880: 260,626,432/500,000,000 (38,992 pos/s)
[r0] stream batch 16048/30880: 259,849,216/500,000,000 (38,866 pos/s)
[r1] stream batch 16112/30880: 260,885,504/500,000,000 (38,993 pos/s)
[r0] stream batch 16064/30880: 260,108,288/500,000,000 (38,867 pos/s)
[r1] stream batch 16128/30880: 261,144,576/500,000,000 (38,993 pos/s)
[r0] stream batch 16080/30880: 260,367,360/500,000,000 (38,867 pos/s)
[r1] stream batch 16144/30880: 261,403,648/500,000,000 (38,993 pos/s)
[r0] stream batch 16096/30880: 260,626,432/500,000,000 (38,868 pos/s)
[r1] stream batch 16160/30880: 261,662,720/500,000,000 (38,993 pos/s)
[r0] stream batch 16112/30880: 260,885,504/500,000,000 (38,869 pos/s)
[r1] stream batch 16176/30880: 261,921,792/500,000,000 (38,994 pos/s)
[r0] stream batch 16128/30880: 261,144,576/500,000,000 (38,868 pos/s)
[r1] stream batch 16192/30880: 262,180,864/500,000,000 (38,994 pos/s)
[r0] stream batch 16144/30880: 261,403,648/500,000,000 (38,869 pos/s)
[r1] stream batch 16208/30880: 262,439,936/500,000,000 (38,994 pos/s)
[r0] stream batch 16160/30880: 261,662,720/500,000,000 (38,869 pos/s)
[r1] stream batch 16224/30880: 262,699,008/500,000,000 (38,996 pos/s)
[r0] stream batch 16176/30880: 261,921,792/500,000,000 (38,870 pos/s)
[r1] stream batch 16240/30880: 262,958,080/500,000,000 (38,996 pos/s)
[r0] stream batch 16192/30880: 262,180,864/500,000,000 (38,871 pos/s)
[r1] stream batch 16256/30880: 263,217,152/500,000,000 (38,998 pos/s)
[r0] stream batch 16208/30880: 262,439,936/500,000,000 (38,871 pos/s)
[r1] stream batch 16272/30880: 263,476,224/500,000,000 (38,999 pos/s)
[r0] stream batch 16224/30880: 262,699,008/500,000,000 (38,872 pos/s)
[r1] stream batch 16288/30880: 263,735,296/500,000,000 (39,001 pos/s)
[r0] stream batch 16240/30880: 262,958,080/500,000,000 (38,873 pos/s)
[r1] stream batch 16304/30880: 263,994,368/500,000,000 (39,001 pos/s)
[r0] stream batch 16256/30880: 263,217,152/500,000,000 (38,875 pos/s)
[r1] stream batch 16320/30880: 264,253,440/500,000,000 (39,001 pos/s)
[r0] stream batch 16272/30880: 263,476,224/500,000,000 (38,877 pos/s)
[r1] stream batch 16336/30880: 264,512,512/500,000,000 (39,002 pos/s)
[r0] stream batch 16288/30880: 263,735,296/500,000,000 (38,879 pos/s)
[r1] stream batch 16352/30880: 264,771,584/500,000,000 (39,003 pos/s)
[r0] stream batch 16304/30880: 263,994,368/500,000,000 (38,880 pos/s)
[r1] stream batch 16368/30880: 265,030,656/500,000,000 (39,003 pos/s)
[r0] stream batch 16320/30880: 264,253,440/500,000,000 (38,880 pos/s)
[r1] stream batch 16384/30880: 265,289,728/500,000,000 (39,004 pos/s)
[r0] stream batch 16336/30880: 264,512,512/500,000,000 (38,881 pos/s)
[r1] stream batch 16400/30880: 265,548,800/500,000,000 (39,006 pos/s)
[r0] stream batch 16352/30880: 264,771,584/500,000,000 (38,882 pos/s)
[r1] stream batch 16416/30880: 265,807,872/500,000,000 (39,006 pos/s)
[r0] stream batch 16368/30880: 265,030,656/500,000,000 (38,882 pos/s)
[r1] stream batch 16432/30880: 266,066,944/500,000,000 (39,007 pos/s)
[r0] stream batch 16384/30880: 265,289,728/500,000,000 (38,883 pos/s)
[r1] stream batch 16448/30880: 266,326,016/500,000,000 (39,007 pos/s)
[r0] stream batch 16400/30880: 265,548,800/500,000,000 (38,883 pos/s)
[r1] stream batch 16464/30880: 266,585,088/500,000,000 (39,008 pos/s)
[r0] stream batch 16416/30880: 265,807,872/500,000,000 (38,884 pos/s)
[r1] stream batch 16480/30880: 266,844,160/500,000,000 (39,009 pos/s)
[r0] stream batch 16432/30880: 266,066,944/500,000,000 (38,885 pos/s)
[r1] stream batch 16496/30880: 267,103,232/500,000,000 (39,009 pos/s)
[r0] stream batch 16448/30880: 266,326,016/500,000,000 (38,885 pos/s)
[r1] stream batch 16512/30880: 267,362,304/500,000,000 (39,014 pos/s)
[r0] stream batch 16464/30880: 266,585,088/500,000,000 (38,885 pos/s)
[r1] stream batch 16528/30880: 267,621,376/500,000,000 (39,019 pos/s)
[r0] stream batch 16480/30880: 266,844,160/500,000,000 (38,886 pos/s)
[r1] stream batch 16544/30880: 267,880,448/500,000,000 (39,024 pos/s)
[r0] stream batch 16496/30880: 267,103,232/500,000,000 (38,887 pos/s)
[r1] stream batch 16560/30880: 268,139,520/500,000,000 (39,029 pos/s)
[r0] stream batch 16512/30880: 267,362,304/500,000,000 (38,892 pos/s)
[r1] stream batch 16576/30880: 268,398,592/500,000,000 (39,032 pos/s)
[r0] stream batch 16528/30880: 267,621,376/500,000,000 (38,897 pos/s)
[r1] stream batch 16592/30880: 268,657,664/500,000,000 (39,032 pos/s)
[r0] stream batch 16544/30880: 267,880,448/500,000,000 (38,901 pos/s)
[r1] stream batch 16608/30880: 268,916,736/500,000,000 (39,034 pos/s)
[r0] stream batch 16560/30880: 268,139,520/500,000,000 (38,906 pos/s)
[r1] stream batch 16624/30880: 269,175,808/500,000,000 (39,034 pos/s)
[r0] stream batch 16576/30880: 268,398,592/500,000,000 (38,909 pos/s)
[r1] stream batch 16640/30880: 269,434,880/500,000,000 (39,035 pos/s)
[r0] stream batch 16592/30880: 268,657,664/500,000,000 (38,910 pos/s)
[r1] stream batch 16656/30880: 269,693,952/500,000,000 (39,036 pos/s)
[r0] stream batch 16608/30880: 268,916,736/500,000,000 (38,910 pos/s)
[r1] stream batch 16672/30880: 269,953,024/500,000,000 (39,036 pos/s)
[r0] stream batch 16624/30880: 269,175,808/500,000,000 (38,911 pos/s)
[r1] stream batch 16688/30880: 270,212,096/500,000,000 (39,038 pos/s)
[r0] stream batch 16640/30880: 269,434,880/500,000,000 (38,913 pos/s)
[r1] stream batch 16704/30880: 270,471,168/500,000,000 (39,038 pos/s)
[r0] stream batch 16656/30880: 269,693,952/500,000,000 (38,913 pos/s)
[r1] stream batch 16720/30880: 270,730,240/500,000,000 (39,039 pos/s)
[r0] stream batch 16672/30880: 269,953,024/500,000,000 (38,913 pos/s)
[r1] stream batch 16736/30880: 270,989,312/500,000,000 (39,039 pos/s)
[r0] stream batch 16688/30880: 270,212,096/500,000,000 (38,914 pos/s)
[r1] stream batch 16752/30880: 271,248,384/500,000,000 (39,038 pos/s)
[r0] stream batch 16704/30880: 270,471,168/500,000,000 (38,915 pos/s)
[r1] stream batch 16768/30880: 271,507,456/500,000,000 (39,038 pos/s)
[r0] stream batch 16720/30880: 270,730,240/500,000,000 (38,916 pos/s)
[r1] stream batch 16784/30880: 271,766,528/500,000,000 (39,039 pos/s)
[r0] stream batch 16736/30880: 270,989,312/500,000,000 (38,916 pos/s)
[r1] stream batch 16800/30880: 272,025,600/500,000,000 (39,042 pos/s)
[r0] stream batch 16752/30880: 271,248,384/500,000,000 (38,917 pos/s)
[r1] stream batch 16816/30880: 272,284,672/500,000,000 (39,042 pos/s)
[r0] stream batch 16768/30880: 271,507,456/500,000,000 (38,917 pos/s)
[r1] stream batch 16832/30880: 272,543,744/500,000,000 (39,043 pos/s)
[r0] stream batch 16784/30880: 271,766,528/500,000,000 (38,918 pos/s)
[r1] stream batch 16848/30880: 272,802,816/500,000,000 (39,044 pos/s)
[r0] stream batch 16800/30880: 272,025,600/500,000,000 (38,920 pos/s)
[r1] stream batch 16864/30880: 273,061,888/500,000,000 (39,044 pos/s)
[r0] stream batch 16816/30880: 272,284,672/500,000,000 (38,921 pos/s)
[r1] stream batch 16880/30880: 273,320,960/500,000,000 (39,045 pos/s)
[r0] stream batch 16832/30880: 272,543,744/500,000,000 (38,922 pos/s)
[r1] stream batch 16896/30880: 273,580,032/500,000,000 (39,046 pos/s)
[r0] stream batch 16848/30880: 272,802,816/500,000,000 (38,923 pos/s)
[r1] stream batch 16912/30880: 273,839,104/500,000,000 (39,046 pos/s)
[r0] stream batch 16864/30880: 273,061,888/500,000,000 (38,924 pos/s)
[r1] stream batch 16928/30880: 274,098,176/500,000,000 (39,047 pos/s)
[r0] stream batch 16880/30880: 273,320,960/500,000,000 (38,925 pos/s)
[r1] stream batch 16944/30880: 274,357,248/500,000,000 (39,047 pos/s)
[r0] stream batch 16896/30880: 273,580,032/500,000,000 (38,926 pos/s)
[r1] stream batch 16960/30880: 274,616,320/500,000,000 (39,047 pos/s)
[r0] stream batch 16912/30880: 273,839,104/500,000,000 (38,926 pos/s)
[r1] stream batch 16976/30880: 274,875,392/500,000,000 (39,047 pos/s)
[r0] stream batch 16928/30880: 274,098,176/500,000,000 (38,927 pos/s)
[r1] stream batch 16992/30880: 275,134,464/500,000,000 (39,047 pos/s)
[r0] stream batch 16944/30880: 274,357,248/500,000,000 (38,928 pos/s)
[r1] stream batch 17008/30880: 275,393,536/500,000,000 (39,048 pos/s)
[r0] stream batch 16960/30880: 274,616,320/500,000,000 (38,928 pos/s)
[r1] stream batch 17024/30880: 275,652,608/500,000,000 (39,048 pos/s)
[r0] stream batch 16976/30880: 274,875,392/500,000,000 (38,929 pos/s)
[r1] stream batch 17040/30880: 275,911,680/500,000,000 (39,049 pos/s)
[r0] stream batch 16992/30880: 275,134,464/500,000,000 (38,929 pos/s)
[r1] stream batch 17056/30880: 276,170,752/500,000,000 (39,050 pos/s)
[r0] stream batch 17008/30880: 275,393,536/500,000,000 (38,930 pos/s)
[r1] stream batch 17072/30880: 276,429,824/500,000,000 (39,050 pos/s)
[r0] stream batch 17024/30880: 275,652,608/500,000,000 (38,931 pos/s)
[r1] stream batch 17088/30880: 276,688,896/500,000,000 (39,052 pos/s)
[r0] stream batch 17040/30880: 275,911,680/500,000,000 (38,931 pos/s)
[r1] stream batch 17104/30880: 276,947,968/500,000,000 (39,053 pos/s)
[r0] stream batch 17056/30880: 276,170,752/500,000,000 (38,933 pos/s)
[r1] stream batch 17120/30880: 277,207,040/500,000,000 (39,053 pos/s)
[r0] stream batch 17072/30880: 276,429,824/500,000,000 (38,933 pos/s)
[r1] stream batch 17136/30880: 277,466,112/500,000,000 (39,053 pos/s)
[r0] stream batch 17088/30880: 276,688,896/500,000,000 (38,934 pos/s)
[r1] stream batch 17152/30880: 277,725,184/500,000,000 (39,053 pos/s)
[r0] stream batch 17104/30880: 276,947,968/500,000,000 (38,934 pos/s)
[r1] stream batch 17168/30880: 277,984,256/500,000,000 (39,054 pos/s)
[r0] stream batch 17120/30880: 277,207,040/500,000,000 (38,934 pos/s)
[r1] stream batch 17184/30880: 278,243,328/500,000,000 (39,055 pos/s)
[r0] stream batch 17136/30880: 277,466,112/500,000,000 (38,935 pos/s)
[r1] stream batch 17200/30880: 278,502,400/500,000,000 (39,055 pos/s)
[r0] stream batch 17152/30880: 277,725,184/500,000,000 (38,936 pos/s)
[r1] stream batch 17216/30880: 278,761,472/500,000,000 (39,056 pos/s)
[r0] stream batch 17168/30880: 277,984,256/500,000,000 (38,936 pos/s)
[r1] stream batch 17232/30880: 279,020,544/500,000,000 (39,056 pos/s)
[r0] stream batch 17184/30880: 278,243,328/500,000,000 (38,937 pos/s)
[r1] stream batch 17248/30880: 279,279,616/500,000,000 (39,056 pos/s)
[r0] stream batch 17200/30880: 278,502,400/500,000,000 (38,937 pos/s)
[r1] stream batch 17264/30880: 279,538,688/500,000,000 (39,056 pos/s)
[r0] stream batch 17216/30880: 278,761,472/500,000,000 (38,938 pos/s)
[r1] stream batch 17280/30880: 279,797,760/500,000,000 (39,056 pos/s)
[r0] stream batch 17232/30880: 279,020,544/500,000,000 (38,938 pos/s)
[r1] stream batch 17296/30880: 280,056,832/500,000,000 (39,057 pos/s)
[r0] stream batch 17248/30880: 279,279,616/500,000,000 (38,938 pos/s)
[r1] stream batch 17312/30880: 280,315,904/500,000,000 (39,057 pos/s)
[r0] stream batch 17264/30880: 279,538,688/500,000,000 (38,938 pos/s)
[r1] stream batch 17328/30880: 280,574,976/500,000,000 (39,058 pos/s)
[r0] stream batch 17280/30880: 279,797,760/500,000,000 (38,939 pos/s)
[r1] stream batch 17344/30880: 280,834,048/500,000,000 (39,059 pos/s)
[r0] stream batch 17296/30880: 280,056,832/500,000,000 (38,940 pos/s)
[r1] stream batch 17360/30880: 281,093,120/500,000,000 (39,059 pos/s)
[r0] stream batch 17312/30880: 280,315,904/500,000,000 (38,941 pos/s)
[r1] stream batch 17376/30880: 281,352,192/500,000,000 (39,060 pos/s)
[r0] stream batch 17328/30880: 280,574,976/500,000,000 (38,941 pos/s)
[r1] stream batch 17392/30880: 281,611,264/500,000,000 (39,060 pos/s)
[r0] stream batch 17344/30880: 280,834,048/500,000,000 (38,942 pos/s)
[r1] stream batch 17408/30880: 281,870,336/500,000,000 (39,061 pos/s)
[r0] stream batch 17360/30880: 281,093,120/500,000,000 (38,942 pos/s)
[r1] stream batch 17424/30880: 282,129,408/500,000,000 (39,062 pos/s)
[r0] stream batch 17376/30880: 281,352,192/500,000,000 (38,944 pos/s)
[r1] stream batch 17440/30880: 282,388,480/500,000,000 (39,062 pos/s)
[r0] stream batch 17392/30880: 281,611,264/500,000,000 (38,944 pos/s)
[r1] stream batch 17456/30880: 282,647,552/500,000,000 (39,063 pos/s)
[r0] stream batch 17408/30880: 281,870,336/500,000,000 (38,945 pos/s)
[r1] stream batch 17472/30880: 282,906,624/500,000,000 (39,063 pos/s)
[r0] stream batch 17424/30880: 282,129,408/500,000,000 (38,945 pos/s)
[r1] stream batch 17488/30880: 283,165,696/500,000,000 (39,063 pos/s)
[r0] stream batch 17440/30880: 282,388,480/500,000,000 (38,946 pos/s)
[r1] stream batch 17504/30880: 283,424,768/500,000,000 (39,063 pos/s)
[r0] stream batch 17456/30880: 282,647,552/500,000,000 (38,946 pos/s)
[r1] stream batch 17520/30880: 283,683,840/500,000,000 (39,064 pos/s)
[r0] stream batch 17472/30880: 282,906,624/500,000,000 (38,946 pos/s)
[r1] stream batch 17536/30880: 283,942,912/500,000,000 (39,064 pos/s)
[r0] stream batch 17488/30880: 283,165,696/500,000,000 (38,947 pos/s)
[r1] stream batch 17552/30880: 284,201,984/500,000,000 (39,065 pos/s)
[r0] stream batch 17504/30880: 283,424,768/500,000,000 (38,947 pos/s)
[r1] stream batch 17568/30880: 284,461,056/500,000,000 (39,065 pos/s)
[r0] stream batch 17520/30880: 283,683,840/500,000,000 (38,948 pos/s)
[r1] stream batch 17584/30880: 284,720,128/500,000,000 (39,065 pos/s)
[r0] stream batch 17536/30880: 283,942,912/500,000,000 (38,948 pos/s)
[r1] stream batch 17600/30880: 284,979,200/500,000,000 (39,065 pos/s)
[r0] stream batch 17552/30880: 284,201,984/500,000,000 (38,949 pos/s)
[r1] stream batch 17616/30880: 285,238,272/500,000,000 (39,065 pos/s)
[r0] stream batch 17568/30880: 284,461,056/500,000,000 (38,949 pos/s)
[r1] stream batch 17632/30880: 285,497,344/500,000,000 (39,066 pos/s)
[r0] stream batch 17584/30880: 284,720,128/500,000,000 (38,949 pos/s)
[r1] stream batch 17648/30880: 285,756,416/500,000,000 (39,066 pos/s)
[r0] stream batch 17600/30880: 284,979,200/500,000,000 (38,950 pos/s)
[r1] stream batch 17664/30880: 286,015,488/500,000,000 (39,066 pos/s)
[r0] stream batch 17616/30880: 285,238,272/500,000,000 (38,950 pos/s)
[r1] stream batch 17680/30880: 286,274,560/500,000,000 (39,066 pos/s)
[r0] stream batch 17632/30880: 285,497,344/500,000,000 (38,950 pos/s)
[r1] stream batch 17696/30880: 286,533,632/500,000,000 (39,067 pos/s)
[r0] stream batch 17648/30880: 285,756,416/500,000,000 (38,950 pos/s)
[r1] stream batch 17712/30880: 286,792,704/500,000,000 (39,067 pos/s)
[r0] stream batch 17664/30880: 286,015,488/500,000,000 (38,950 pos/s)
[r1] stream batch 17728/30880: 287,051,776/500,000,000 (39,067 pos/s)
[r0] stream batch 17680/30880: 286,274,560/500,000,000 (38,951 pos/s)
[r1] stream batch 17744/30880: 287,310,848/500,000,000 (39,066 pos/s)
[r0] stream batch 17696/30880: 286,533,632/500,000,000 (38,950 pos/s)
[r1] stream batch 17760/30880: 287,569,920/500,000,000 (39,065 pos/s)
[r0] stream batch 17712/30880: 286,792,704/500,000,000 (38,950 pos/s)
[r1] stream batch 17776/30880: 287,828,992/500,000,000 (39,065 pos/s)
[r0] stream batch 17728/30880: 287,051,776/500,000,000 (38,950 pos/s)
[r1] stream batch 17792/30880: 288,088,064/500,000,000 (39,065 pos/s)
[r0] stream batch 17744/30880: 287,310,848/500,000,000 (38,950 pos/s)
[r1] stream batch 17808/30880: 288,347,136/500,000,000 (39,065 pos/s)
[r0] stream batch 17760/30880: 287,569,920/500,000,000 (38,951 pos/s)
[r1] stream batch 17824/30880: 288,606,208/500,000,000 (39,065 pos/s)
[r0] stream batch 17776/30880: 287,828,992/500,000,000 (38,951 pos/s)
[r1] stream batch 17840/30880: 288,865,280/500,000,000 (39,066 pos/s)
[r0] stream batch 17792/30880: 288,088,064/500,000,000 (38,952 pos/s)
[r1] stream batch 17856/30880: 289,124,352/500,000,000 (39,068 pos/s)
[r0] stream batch 17808/30880: 288,347,136/500,000,000 (38,952 pos/s)
[r1] stream batch 17872/30880: 289,383,424/500,000,000 (39,068 pos/s)
[r0] stream batch 17824/30880: 288,606,208/500,000,000 (38,953 pos/s)
[r1] stream batch 17888/30880: 289,642,496/500,000,000 (39,068 pos/s)
[r0] stream batch 17840/30880: 288,865,280/500,000,000 (38,953 pos/s)
[r1] stream batch 17904/30880: 289,901,568/500,000,000 (39,069 pos/s)
[r0] stream batch 17856/30880: 289,124,352/500,000,000 (38,955 pos/s)
[r1] stream batch 17920/30880: 290,160,640/500,000,000 (39,069 pos/s)
[r0] stream batch 17872/30880: 289,383,424/500,000,000 (38,955 pos/s)
[r1] stream batch 17936/30880: 290,419,712/500,000,000 (39,070 pos/s)
[r0] stream batch 17888/30880: 289,642,496/500,000,000 (38,956 pos/s)
[r1] stream batch 17952/30880: 290,678,784/500,000,000 (39,070 pos/s)
[r0] stream batch 17904/30880: 289,901,568/500,000,000 (38,957 pos/s)
[r1] stream batch 17968/30880: 290,937,856/500,000,000 (39,070 pos/s)
[r0] stream batch 17920/30880: 290,160,640/500,000,000 (38,958 pos/s)
[r1] stream batch 17984/30880: 291,196,928/500,000,000 (39,071 pos/s)
[r0] stream batch 17936/30880: 290,419,712/500,000,000 (38,958 pos/s)
[r1] stream batch 18000/30880: 291,456,000/500,000,000 (39,071 pos/s)
[r0] stream batch 17952/30880: 290,678,784/500,000,000 (38,959 pos/s)
[r1] stream batch 18016/30880: 291,715,072/500,000,000 (39,072 pos/s)
[r0] stream batch 17968/30880: 290,937,856/500,000,000 (38,960 pos/s)
[r1] stream batch 18032/30880: 291,974,144/500,000,000 (39,072 pos/s)
[r0] stream batch 17984/30880: 291,196,928/500,000,000 (38,961 pos/s)
[r1] stream batch 18048/30880: 292,233,216/500,000,000 (39,073 pos/s)
[r0] stream batch 18000/30880: 291,456,000/500,000,000 (38,962 pos/s)
[r1] stream batch 18064/30880: 292,492,288/500,000,000 (39,074 pos/s)
[r0] stream batch 18016/30880: 291,715,072/500,000,000 (38,962 pos/s)
[r1] stream batch 18080/30880: 292,751,360/500,000,000 (39,074 pos/s)
[r0] stream batch 18032/30880: 291,974,144/500,000,000 (38,963 pos/s)
[r1] stream batch 18096/30880: 293,010,432/500,000,000 (39,075 pos/s)
[r0] stream batch 18048/30880: 292,233,216/500,000,000 (38,964 pos/s)
[r1] stream batch 18112/30880: 293,269,504/500,000,000 (39,075 pos/s)
[r0] stream batch 18064/30880: 292,492,288/500,000,000 (38,965 pos/s)
[r1] stream batch 18128/30880: 293,528,576/500,000,000 (39,076 pos/s)
[r0] stream batch 18080/30880: 292,751,360/500,000,000 (38,965 pos/s)
[r1] stream batch 18144/30880: 293,787,648/500,000,000 (39,076 pos/s)
[r0] stream batch 18096/30880: 293,010,432/500,000,000 (38,966 pos/s)
[r1] stream batch 18160/30880: 294,046,720/500,000,000 (39,077 pos/s)
[r0] stream batch 18112/30880: 293,269,504/500,000,000 (38,966 pos/s)
[r1] stream batch 18176/30880: 294,305,792/500,000,000 (39,077 pos/s)
[r0] stream batch 18128/30880: 293,528,576/500,000,000 (38,967 pos/s)
[r1] stream batch 18192/30880: 294,564,864/500,000,000 (39,078 pos/s)
[r0] stream batch 18144/30880: 293,787,648/500,000,000 (38,968 pos/s)
[r1] stream batch 18208/30880: 294,823,936/500,000,000 (39,079 pos/s)
[r0] stream batch 18160/30880: 294,046,720/500,000,000 (38,968 pos/s)
[r1] stream batch 18224/30880: 295,083,008/500,000,000 (39,080 pos/s)
[r0] stream batch 18176/30880: 294,305,792/500,000,000 (38,969 pos/s)
[r1] stream batch 18240/30880: 295,342,080/500,000,000 (39,081 pos/s)
[r0] stream batch 18192/30880: 294,564,864/500,000,000 (38,968 pos/s)
[r1] stream batch 18256/30880: 295,601,152/500,000,000 (39,082 pos/s)
[r0] stream batch 18208/30880: 294,823,936/500,000,000 (38,967 pos/s)
[r1] stream batch 18272/30880: 295,860,224/500,000,000 (39,082 pos/s)
[r0] stream batch 18224/30880: 295,083,008/500,000,000 (38,967 pos/s)
[r1] stream batch 18288/30880: 296,119,296/500,000,000 (39,083 pos/s)
[r0] stream batch 18240/30880: 295,342,080/500,000,000 (38,968 pos/s)
[r1] stream batch 18304/30880: 296,378,368/500,000,000 (39,083 pos/s)
[r0] stream batch 18256/30880: 295,601,152/500,000,000 (38,969 pos/s)
[r1] stream batch 18320/30880: 296,637,440/500,000,000 (39,084 pos/s)
[r0] stream batch 18272/30880: 295,860,224/500,000,000 (38,969 pos/s)
[r1] stream batch 18336/30880: 296,896,512/500,000,000 (39,084 pos/s)
[r0] stream batch 18288/30880: 296,119,296/500,000,000 (38,969 pos/s)
[r1] stream batch 18352/30880: 297,155,584/500,000,000 (39,084 pos/s)
[r0] stream batch 18304/30880: 296,378,368/500,000,000 (38,970 pos/s)
[r1] stream batch 18368/30880: 297,414,656/500,000,000 (39,084 pos/s)
[r0] stream batch 18320/30880: 296,637,440/500,000,000 (38,971 pos/s)
[r1] stream batch 18384/30880: 297,673,728/500,000,000 (39,085 pos/s)
[r0] stream batch 18336/30880: 296,896,512/500,000,000 (38,971 pos/s)
[r1] stream batch 18400/30880: 297,932,800/500,000,000 (39,086 pos/s)
[r0] stream batch 18352/30880: 297,155,584/500,000,000 (38,971 pos/s)
[r1] stream batch 18416/30880: 298,191,872/500,000,000 (39,087 pos/s)
[r0] stream batch 18368/30880: 297,414,656/500,000,000 (38,971 pos/s)
[r1] stream batch 18432/30880: 298,450,944/500,000,000 (39,089 pos/s)
[r0] stream batch 18384/30880: 297,673,728/500,000,000 (38,971 pos/s)
[r1] stream batch 18448/30880: 298,710,016/500,000,000 (39,090 pos/s)
[r0] stream batch 18400/30880: 297,932,800/500,000,000 (38,972 pos/s)
[r1] stream batch 18464/30880: 298,969,088/500,000,000 (39,091 pos/s)
[r0] stream batch 18416/30880: 298,191,872/500,000,000 (38,973 pos/s)
[r1] stream batch 18480/30880: 299,228,160/500,000,000 (39,092 pos/s)
[r0] stream batch 18432/30880: 298,450,944/500,000,000 (38,974 pos/s)
[r1] stream batch 18496/30880: 299,487,232/500,000,000 (39,092 pos/s)
[r0] stream batch 18448/30880: 298,710,016/500,000,000 (38,974 pos/s)
[r1] stream batch 18512/30880: 299,746,304/500,000,000 (39,093 pos/s)
[r0] stream batch 18464/30880: 298,969,088/500,000,000 (38,975 pos/s)
[r1] stream batch 18528/30880: 300,005,376/500,000,000 (39,093 pos/s)
[r0] stream batch 18480/30880: 299,228,160/500,000,000 (38,977 pos/s)
[r1] stream batch 18544/30880: 300,264,448/500,000,000 (39,094 pos/s)
[r0] stream batch 18496/30880: 299,487,232/500,000,000 (38,977 pos/s)
[r1] stream batch 18560/30880: 300,523,520/500,000,000 (39,094 pos/s)
[r0] stream batch 18512/30880: 299,746,304/500,000,000 (38,977 pos/s)
[r1] stream batch 18576/30880: 300,782,592/500,000,000 (39,094 pos/s)
[r0] stream batch 18528/30880: 300,005,376/500,000,000 (38,977 pos/s)
[r1] stream batch 18592/30880: 301,041,664/500,000,000 (39,095 pos/s)
[r0] stream batch 18544/30880: 300,264,448/500,000,000 (38,978 pos/s)
[r1] stream batch 18608/30880: 301,300,736/500,000,000 (39,096 pos/s)
[r0] stream batch 18560/30880: 300,523,520/500,000,000 (38,978 pos/s)
[r1] stream batch 18624/30880: 301,559,808/500,000,000 (39,096 pos/s)
[r0] stream batch 18576/30880: 300,782,592/500,000,000 (38,979 pos/s)
[r1] stream batch 18640/30880: 301,818,880/500,000,000 (39,098 pos/s)
[r0] stream batch 18592/30880: 301,041,664/500,000,000 (38,980 pos/s)
[r1] stream batch 18656/30880: 302,077,952/500,000,000 (39,099 pos/s)
[r0] stream batch 18608/30880: 301,300,736/500,000,000 (38,980 pos/s)
[r1] stream batch 18672/30880: 302,337,024/500,000,000 (39,100 pos/s)
[r0] stream batch 18624/30880: 301,559,808/500,000,000 (38,981 pos/s)
[r1] stream batch 18688/30880: 302,596,096/500,000,000 (39,100 pos/s)
[r0] stream batch 18640/30880: 301,818,880/500,000,000 (38,982 pos/s)
[r1] stream batch 18704/30880: 302,855,168/500,000,000 (39,101 pos/s)
[r0] stream batch 18656/30880: 302,077,952/500,000,000 (38,982 pos/s)
[r1] stream batch 18720/30880: 303,114,240/500,000,000 (39,102 pos/s)
[r0] stream batch 18672/30880: 302,337,024/500,000,000 (38,983 pos/s)
[r1] stream batch 18736/30880: 303,373,312/500,000,000 (39,103 pos/s)
[r0] stream batch 18688/30880: 302,596,096/500,000,000 (38,984 pos/s)
[r1] stream batch 18752/30880: 303,632,384/500,000,000 (39,103 pos/s)
[r0] stream batch 18704/30880: 302,855,168/500,000,000 (38,984 pos/s)
[r1] stream batch 18768/30880: 303,891,456/500,000,000 (39,104 pos/s)
[r0] stream batch 18720/30880: 303,114,240/500,000,000 (38,985 pos/s)
[r1] stream batch 18784/30880: 304,150,528/500,000,000 (39,104 pos/s)
[r0] stream batch 18736/30880: 303,373,312/500,000,000 (38,985 pos/s)
[r1] stream batch 18800/30880: 304,409,600/500,000,000 (39,106 pos/s)
[r0] stream batch 18752/30880: 303,632,384/500,000,000 (38,986 pos/s)
[r1] stream batch 18816/30880: 304,668,672/500,000,000 (39,106 pos/s)
[r0] stream batch 18768/30880: 303,891,456/500,000,000 (38,987 pos/s)
[r1] stream batch 18832/30880: 304,927,744/500,000,000 (39,107 pos/s)
[r0] stream batch 18784/30880: 304,150,528/500,000,000 (38,988 pos/s)
[r1] stream batch 18848/30880: 305,186,816/500,000,000 (39,107 pos/s)
[r0] stream batch 18800/30880: 304,409,600/500,000,000 (38,989 pos/s)
[r1] stream batch 18864/30880: 305,445,888/500,000,000 (39,108 pos/s)
[r0] stream batch 18816/30880: 304,668,672/500,000,000 (38,990 pos/s)
[r1] stream batch 18880/30880: 305,704,960/500,000,000 (39,109 pos/s)
[r0] stream batch 18832/30880: 304,927,744/500,000,000 (38,990 pos/s)
[r1] stream batch 18896/30880: 305,964,032/500,000,000 (39,109 pos/s)
[r0] stream batch 18848/30880: 305,186,816/500,000,000 (38,991 pos/s)
[r1] stream batch 18912/30880: 306,223,104/500,000,000 (39,111 pos/s)
[r0] stream batch 18864/30880: 305,445,888/500,000,000 (38,992 pos/s)
[r1] stream batch 18928/30880: 306,482,176/500,000,000 (39,112 pos/s)
[r0] stream batch 18880/30880: 305,704,960/500,000,000 (38,993 pos/s)
[r1] stream batch 18944/30880: 306,741,248/500,000,000 (39,113 pos/s)
[r0] stream batch 18896/30880: 305,964,032/500,000,000 (38,994 pos/s)
[r1] stream batch 18960/30880: 307,000,320/500,000,000 (39,114 pos/s)
[r0] stream batch 18912/30880: 306,223,104/500,000,000 (38,995 pos/s)
[r1] stream batch 18976/30880: 307,259,392/500,000,000 (39,114 pos/s)
[r0] stream batch 18928/30880: 306,482,176/500,000,000 (38,995 pos/s)
[r1] stream batch 18992/30880: 307,518,464/500,000,000 (39,114 pos/s)
[r0] stream batch 18944/30880: 306,741,248/500,000,000 (38,996 pos/s)
[r1] stream batch 19008/30880: 307,777,536/500,000,000 (39,116 pos/s)
[r0] stream batch 18960/30880: 307,000,320/500,000,000 (38,995 pos/s)
[r1] stream batch 19024/30880: 308,036,608/500,000,000 (39,117 pos/s)
[r0] stream batch 18976/30880: 307,259,392/500,000,000 (38,993 pos/s)
[r1] stream batch 19040/30880: 308,295,680/500,000,000 (39,117 pos/s)
[r0] stream batch 18992/30880: 307,518,464/500,000,000 (38,993 pos/s)
[r1] stream batch 19056/30880: 308,554,752/500,000,000 (39,118 pos/s)
[r0] stream batch 19008/30880: 307,777,536/500,000,000 (38,994 pos/s)
[r1] stream batch 19072/30880: 308,813,824/500,000,000 (39,117 pos/s)
[r0] stream batch 19024/30880: 308,036,608/500,000,000 (38,995 pos/s)
[r1] stream batch 19088/30880: 309,072,896/500,000,000 (39,118 pos/s)
[r0] stream batch 19040/30880: 308,295,680/500,000,000 (38,995 pos/s)
[r1] stream batch 19104/30880: 309,331,968/500,000,000 (39,118 pos/s)
[r0] stream batch 19056/30880: 308,554,752/500,000,000 (38,995 pos/s)
[r1] stream batch 19120/30880: 309,591,040/500,000,000 (39,118 pos/s)
[r0] stream batch 19072/30880: 308,813,824/500,000,000 (38,996 pos/s)
[r1] stream batch 19136/30880: 309,850,112/500,000,000 (39,118 pos/s)
[r0] stream batch 19088/30880: 309,072,896/500,000,000 (38,996 pos/s)
[r1] stream batch 19152/30880: 310,109,184/500,000,000 (39,119 pos/s)
[r0] stream batch 19104/30880: 309,331,968/500,000,000 (38,997 pos/s)
[r1] stream batch 19168/30880: 310,368,256/500,000,000 (39,120 pos/s)
[r0] stream batch 19120/30880: 309,591,040/500,000,000 (38,996 pos/s)
[r1] stream batch 19184/30880: 310,627,328/500,000,000 (39,121 pos/s)
[r0] stream batch 19136/30880: 309,850,112/500,000,000 (38,996 pos/s)
[r1] stream batch 19200/30880: 310,886,400/500,000,000 (39,122 pos/s)
[r0] stream batch 19152/30880: 310,109,184/500,000,000 (38,997 pos/s)
[r1] stream batch 19216/30880: 311,145,472/500,000,000 (39,122 pos/s)
[r0] stream batch 19168/30880: 310,368,256/500,000,000 (38,999 pos/s)
[r1] stream batch 19232/30880: 311,404,544/500,000,000 (39,122 pos/s)
[r0] stream batch 19184/30880: 310,627,328/500,000,000 (38,999 pos/s)
[r1] stream batch 19248/30880: 311,663,616/500,000,000 (39,123 pos/s)
[r0] stream batch 19200/30880: 310,886,400/500,000,000 (39,000 pos/s)
[r1] stream batch 19264/30880: 311,922,688/500,000,000 (39,124 pos/s)
[r0] stream batch 19216/30880: 311,145,472/500,000,000 (39,000 pos/s)
[r1] stream batch 19280/30880: 312,181,760/500,000,000 (39,124 pos/s)
[r0] stream batch 19232/30880: 311,404,544/500,000,000 (39,001 pos/s)
[r1] stream batch 19296/30880: 312,440,832/500,000,000 (39,124 pos/s)
[r0] stream batch 19248/30880: 311,663,616/500,000,000 (39,002 pos/s)
[r1] stream batch 19312/30880: 312,699,904/500,000,000 (39,125 pos/s)
[r0] stream batch 19264/30880: 311,922,688/500,000,000 (39,002 pos/s)
[r1] stream batch 19328/30880: 312,958,976/500,000,000 (39,125 pos/s)
[r0] stream batch 19280/30880: 312,181,760/500,000,000 (39,002 pos/s)
[r1] stream batch 19344/30880: 313,218,048/500,000,000 (39,126 pos/s)
[r0] stream batch 19296/30880: 312,440,832/500,000,000 (39,002 pos/s)
[r1] stream batch 19360/30880: 313,477,120/500,000,000 (39,127 pos/s)
[r0] stream batch 19312/30880: 312,699,904/500,000,000 (39,003 pos/s)
[r1] stream batch 19376/30880: 313,736,192/500,000,000 (39,127 pos/s)
[r0] stream batch 19328/30880: 312,958,976/500,000,000 (39,003 pos/s)
[r1] stream batch 19392/30880: 313,995,264/500,000,000 (39,127 pos/s)
[r0] stream batch 19344/30880: 313,218,048/500,000,000 (39,004 pos/s)
[r1] stream batch 19408/30880: 314,254,336/500,000,000 (39,128 pos/s)
[r0] stream batch 19360/30880: 313,477,120/500,000,000 (39,004 pos/s)
[r1] stream batch 19424/30880: 314,513,408/500,000,000 (39,128 pos/s)
[r0] stream batch 19376/30880: 313,736,192/500,000,000 (39,005 pos/s)
[r1] stream batch 19440/30880: 314,772,480/500,000,000 (39,128 pos/s)
[r0] stream batch 19392/30880: 313,995,264/500,000,000 (39,005 pos/s)
[r1] stream batch 19456/30880: 315,031,552/500,000,000 (39,128 pos/s)
[r0] stream batch 19408/30880: 314,254,336/500,000,000 (39,005 pos/s)
[r1] stream batch 19472/30880: 315,290,624/500,000,000 (39,130 pos/s)
[r0] stream batch 19424/30880: 314,513,408/500,000,000 (39,006 pos/s)
[r1] stream batch 19488/30880: 315,549,696/500,000,000 (39,130 pos/s)
[r0] stream batch 19440/30880: 314,772,480/500,000,000 (39,007 pos/s)
[r1] stream batch 19504/30880: 315,808,768/500,000,000 (39,132 pos/s)
[r0] stream batch 19456/30880: 315,031,552/500,000,000 (39,007 pos/s)
[r1] stream batch 19520/30880: 316,067,840/500,000,000 (39,132 pos/s)
[r0] stream batch 19472/30880: 315,290,624/500,000,000 (39,009 pos/s)
[r1] stream batch 19536/30880: 316,326,912/500,000,000 (39,132 pos/s)
[r0] stream batch 19488/30880: 315,549,696/500,000,000 (39,009 pos/s)
[r1] stream batch 19552/30880: 316,585,984/500,000,000 (39,133 pos/s)
[r0] stream batch 19504/30880: 315,808,768/500,000,000 (39,010 pos/s)
[r1] stream batch 19568/30880: 316,845,056/500,000,000 (39,133 pos/s)
[r0] stream batch 19520/30880: 316,067,840/500,000,000 (39,011 pos/s)
[r1] stream batch 19584/30880: 317,104,128/500,000,000 (39,133 pos/s)
[r0] stream batch 19536/30880: 316,326,912/500,000,000 (39,011 pos/s)
[r1] stream batch 19600/30880: 317,363,200/500,000,000 (39,134 pos/s)
[r0] stream batch 19552/30880: 316,585,984/500,000,000 (39,012 pos/s)
[r1] stream batch 19616/30880: 317,622,272/500,000,000 (39,135 pos/s)
[r0] stream batch 19568/30880: 316,845,056/500,000,000 (39,012 pos/s)
[r1] stream batch 19632/30880: 317,881,344/500,000,000 (39,135 pos/s)
[r0] stream batch 19584/30880: 317,104,128/500,000,000 (39,013 pos/s)
[r1] stream batch 19648/30880: 318,140,416/500,000,000 (39,136 pos/s)
[r0] stream batch 19600/30880: 317,363,200/500,000,000 (39,014 pos/s)
[r1] stream batch 19664/30880: 318,399,488/500,000,000 (39,136 pos/s)
[r0] stream batch 19616/30880: 317,622,272/500,000,000 (39,015 pos/s)
[r1] stream batch 19680/30880: 318,658,560/500,000,000 (39,137 pos/s)
[r0] stream batch 19632/30880: 317,881,344/500,000,000 (39,015 pos/s)
[r1] stream batch 19696/30880: 318,917,632/500,000,000 (39,137 pos/s)
[r0] stream batch 19648/30880: 318,140,416/500,000,000 (39,016 pos/s)
[r1] stream batch 19712/30880: 319,176,704/500,000,000 (39,137 pos/s)
[r0] stream batch 19664/30880: 318,399,488/500,000,000 (39,016 pos/s)
[r1] stream batch 19728/30880: 319,435,776/500,000,000 (39,137 pos/s)
[r0] stream batch 19680/30880: 318,658,560/500,000,000 (39,017 pos/s)
[r1] stream batch 19744/30880: 319,694,848/500,000,000 (39,138 pos/s)
[r0] stream batch 19696/30880: 318,917,632/500,000,000 (39,017 pos/s)
[r1] stream batch 19760/30880: 319,953,920/500,000,000 (39,139 pos/s)
[r0] stream batch 19712/30880: 319,176,704/500,000,000 (39,018 pos/s)
[r1] stream batch 19776/30880: 320,212,992/500,000,000 (39,139 pos/s)
[r0] stream batch 19728/30880: 319,435,776/500,000,000 (39,018 pos/s)
[r1] stream batch 19792/30880: 320,472,064/500,000,000 (39,139 pos/s)
[r0] stream batch 19744/30880: 319,694,848/500,000,000 (39,020 pos/s)
[r1] stream batch 19808/30880: 320,731,136/500,000,000 (39,140 pos/s)
[r0] stream batch 19760/30880: 319,953,920/500,000,000 (39,020 pos/s)
[r1] stream batch 19824/30880: 320,990,208/500,000,000 (39,140 pos/s)
[r0] stream batch 19776/30880: 320,212,992/500,000,000 (39,021 pos/s)
[r1] stream batch 19840/30880: 321,249,280/500,000,000 (39,141 pos/s)
[r0] stream batch 19792/30880: 320,472,064/500,000,000 (39,022 pos/s)
[r1] stream batch 19856/30880: 321,508,352/500,000,000 (39,141 pos/s)
[r0] stream batch 19808/30880: 320,731,136/500,000,000 (39,022 pos/s)
[r1] stream batch 19872/30880: 321,767,424/500,000,000 (39,142 pos/s)
[r0] stream batch 19824/30880: 320,990,208/500,000,000 (39,023 pos/s)
[r1] stream batch 19888/30880: 322,026,496/500,000,000 (39,142 pos/s)
[r0] stream batch 19840/30880: 321,249,280/500,000,000 (39,024 pos/s)
[r1] stream batch 19904/30880: 322,285,568/500,000,000 (39,142 pos/s)
[r0] stream batch 19856/30880: 321,508,352/500,000,000 (39,024 pos/s)
[r1] stream batch 19920/30880: 322,544,640/500,000,000 (39,142 pos/s)
[r0] stream batch 19872/30880: 321,767,424/500,000,000 (39,024 pos/s)
[r1] stream batch 19936/30880: 322,803,712/500,000,000 (39,142 pos/s)
[r0] stream batch 19888/30880: 322,026,496/500,000,000 (39,025 pos/s)
[r1] stream batch 19952/30880: 323,062,784/500,000,000 (39,143 pos/s)
[r0] stream batch 19904/30880: 322,285,568/500,000,000 (39,025 pos/s)
[r1] stream batch 19968/30880: 323,321,856/500,000,000 (39,144 pos/s)
[r0] stream batch 19920/30880: 322,544,640/500,000,000 (39,025 pos/s)
[r1] stream batch 19984/30880: 323,580,928/500,000,000 (39,144 pos/s)
[r0] stream batch 19936/30880: 322,803,712/500,000,000 (39,025 pos/s)
[r1] stream batch 20000/30880: 323,840,000/500,000,000 (39,142 pos/s)
[r0] stream batch 19952/30880: 323,062,784/500,000,000 (39,026 pos/s)
[r1] stream batch 20016/30880: 324,099,072/500,000,000 (39,142 pos/s)
[r0] stream batch 19968/30880: 323,321,856/500,000,000 (39,025 pos/s)
[r1] stream batch 20032/30880: 324,358,144/500,000,000 (39,142 pos/s)
[r0] stream batch 19984/30880: 323,580,928/500,000,000 (39,024 pos/s)
[r1] stream batch 20048/30880: 324,617,216/500,000,000 (39,142 pos/s)
[r0] stream batch 20000/30880: 323,840,000/500,000,000 (39,024 pos/s)
[r1] stream batch 20064/30880: 324,876,288/500,000,000 (39,142 pos/s)
[r0] stream batch 20016/30880: 324,099,072/500,000,000 (39,023 pos/s)
[r1] stream batch 20080/30880: 325,135,360/500,000,000 (39,142 pos/s)
[r0] stream batch 20032/30880: 324,358,144/500,000,000 (39,023 pos/s)
[r1] stream batch 20096/30880: 325,394,432/500,000,000 (39,142 pos/s)
[r0] stream batch 20048/30880: 324,617,216/500,000,000 (39,024 pos/s)
[r1] stream batch 20112/30880: 325,653,504/500,000,000 (39,142 pos/s)
[r0] stream batch 20064/30880: 324,876,288/500,000,000 (39,024 pos/s)
[r1] stream batch 20128/30880: 325,912,576/500,000,000 (39,143 pos/s)
[r0] stream batch 20080/30880: 325,135,360/500,000,000 (39,025 pos/s)
[r1] stream batch 20144/30880: 326,171,648/500,000,000 (39,144 pos/s)
[r0] stream batch 20096/30880: 325,394,432/500,000,000 (39,025 pos/s)
[r1] stream batch 20160/30880: 326,430,720/500,000,000 (39,144 pos/s)
[r0] stream batch 20112/30880: 325,653,504/500,000,000 (39,026 pos/s)
[r1] stream batch 20176/30880: 326,689,792/500,000,000 (39,145 pos/s)
[r0] stream batch 20128/30880: 325,912,576/500,000,000 (39,026 pos/s)
[r1] stream batch 20192/30880: 326,948,864/500,000,000 (39,145 pos/s)
[r0] stream batch 20144/30880: 326,171,648/500,000,000 (39,027 pos/s)
[r1] stream batch 20208/30880: 327,207,936/500,000,000 (39,146 pos/s)
[r0] stream batch 20160/30880: 326,430,720/500,000,000 (39,027 pos/s)
[r1] stream batch 20224/30880: 327,467,008/500,000,000 (39,146 pos/s)
[r0] stream batch 20176/30880: 326,689,792/500,000,000 (39,028 pos/s)
[r1] stream batch 20240/30880: 327,726,080/500,000,000 (39,147 pos/s)
[r0] stream batch 20192/30880: 326,948,864/500,000,000 (39,028 pos/s)
[r1] stream batch 20256/30880: 327,985,152/500,000,000 (39,147 pos/s)
[r0] stream batch 20208/30880: 327,207,936/500,000,000 (39,029 pos/s)
[r1] stream batch 20272/30880: 328,244,224/500,000,000 (39,148 pos/s)
[r0] stream batch 20224/30880: 327,467,008/500,000,000 (39,029 pos/s)
[r1] stream batch 20288/30880: 328,503,296/500,000,000 (39,149 pos/s)
[r0] stream batch 20240/30880: 327,726,080/500,000,000 (39,029 pos/s)
[r1] stream batch 20304/30880: 328,762,368/500,000,000 (39,150 pos/s)
[r0] stream batch 20256/30880: 327,985,152/500,000,000 (39,030 pos/s)
[r1] stream batch 20320/30880: 329,021,440/500,000,000 (39,151 pos/s)
[r0] stream batch 20272/30880: 328,244,224/500,000,000 (39,031 pos/s)
[r1] stream batch 20336/30880: 329,280,512/500,000,000 (39,151 pos/s)
[r0] stream batch 20288/30880: 328,503,296/500,000,000 (39,032 pos/s)
[r1] stream batch 20352/30880: 329,539,584/500,000,000 (39,152 pos/s)
[r0] stream batch 20304/30880: 328,762,368/500,000,000 (39,033 pos/s)
[r1] stream batch 20368/30880: 329,798,656/500,000,000 (39,152 pos/s)
[r0] stream batch 20320/30880: 329,021,440/500,000,000 (39,034 pos/s)
[r1] stream batch 20384/30880: 330,057,728/500,000,000 (39,153 pos/s)
[r0] stream batch 20336/30880: 329,280,512/500,000,000 (39,034 pos/s)
[r1] stream batch 20400/30880: 330,316,800/500,000,000 (39,153 pos/s)
[r0] stream batch 20352/30880: 329,539,584/500,000,000 (39,034 pos/s)
[r1] stream batch 20416/30880: 330,575,872/500,000,000 (39,153 pos/s)
[r0] stream batch 20368/30880: 329,798,656/500,000,000 (39,034 pos/s)
[r1] stream batch 20432/30880: 330,834,944/500,000,000 (39,154 pos/s)
[r0] stream batch 20384/30880: 330,057,728/500,000,000 (39,035 pos/s)
[r1] stream batch 20448/30880: 331,094,016/500,000,000 (39,153 pos/s)
[r0] stream batch 20400/30880: 330,316,800/500,000,000 (39,036 pos/s)
[r1] stream batch 20464/30880: 331,353,088/500,000,000 (39,154 pos/s)
[r0] stream batch 20416/30880: 330,575,872/500,000,000 (39,037 pos/s)
[r1] stream batch 20480/30880: 331,612,160/500,000,000 (39,154 pos/s)
[r0] stream batch 20432/30880: 330,834,944/500,000,000 (39,037 pos/s)
[r1] stream batch 20496/30880: 331,871,232/500,000,000 (39,155 pos/s)
[r0] stream batch 20448/30880: 331,094,016/500,000,000 (39,036 pos/s)
[r1] stream batch 20512/30880: 332,130,304/500,000,000 (39,155 pos/s)
[r0] stream batch 20464/30880: 331,353,088/500,000,000 (39,035 pos/s)
[r1] stream batch 20528/30880: 332,389,376/500,000,000 (39,156 pos/s)
[r0] stream batch 20480/30880: 331,612,160/500,000,000 (39,035 pos/s)
[r1] stream batch 20544/30880: 332,648,448/500,000,000 (39,156 pos/s)
[r0] stream batch 20496/30880: 331,871,232/500,000,000 (39,036 pos/s)
[r1] stream batch 20560/30880: 332,907,520/500,000,000 (39,156 pos/s)
[r0] stream batch 20512/30880: 332,130,304/500,000,000 (39,036 pos/s)
[r1] stream batch 20576/30880: 333,166,592/500,000,000 (39,155 pos/s)
[r0] stream batch 20528/30880: 332,389,376/500,000,000 (39,036 pos/s)
[r1] stream batch 20592/30880: 333,425,664/500,000,000 (39,155 pos/s)
[r0] stream batch 20544/30880: 332,648,448/500,000,000 (39,036 pos/s)
[r1] stream batch 20608/30880: 333,684,736/500,000,000 (39,156 pos/s)
[r0] stream batch 20560/30880: 332,907,520/500,000,000 (39,036 pos/s)
[r1] stream batch 20624/30880: 333,943,808/500,000,000 (39,156 pos/s)
[r0] stream batch 20576/30880: 333,166,592/500,000,000 (39,037 pos/s)
[r1] stream batch 20640/30880: 334,202,880/500,000,000 (39,156 pos/s)
[r0] stream batch 20592/30880: 333,425,664/500,000,000 (39,037 pos/s)
[r1] stream batch 20656/30880: 334,461,952/500,000,000 (39,157 pos/s)
[r0] stream batch 20608/30880: 333,684,736/500,000,000 (39,038 pos/s)
[r1] stream batch 20672/30880: 334,721,024/500,000,000 (39,158 pos/s)
[r0] stream batch 20624/30880: 333,943,808/500,000,000 (39,038 pos/s)
[r1] stream batch 20688/30880: 334,980,096/500,000,000 (39,158 pos/s)
[r0] stream batch 20640/30880: 334,202,880/500,000,000 (39,039 pos/s)
[r1] stream batch 20704/30880: 335,239,168/500,000,000 (39,158 pos/s)
[r0] stream batch 20656/30880: 334,461,952/500,000,000 (39,038 pos/s)
[r1] stream batch 20720/30880: 335,498,240/500,000,000 (39,158 pos/s)
[r0] stream batch 20672/30880: 334,721,024/500,000,000 (39,039 pos/s)
[r1] stream batch 20736/30880: 335,757,312/500,000,000 (39,158 pos/s)
[r0] stream batch 20688/30880: 334,980,096/500,000,000 (39,039 pos/s)
[r1] stream batch 20752/30880: 336,016,384/500,000,000 (39,157 pos/s)
[r0] stream batch 20704/30880: 335,239,168/500,000,000 (39,039 pos/s)
[r1] stream batch 20768/30880: 336,275,456/500,000,000 (39,158 pos/s)
[r0] stream batch 20720/30880: 335,498,240/500,000,000 (39,040 pos/s)
[r1] stream batch 20784/30880: 336,534,528/500,000,000 (39,158 pos/s)
[r0] stream batch 20736/30880: 335,757,312/500,000,000 (39,040 pos/s)
[r1] stream batch 20800/30880: 336,793,600/500,000,000 (39,158 pos/s)
[r0] stream batch 20752/30880: 336,016,384/500,000,000 (39,041 pos/s)
[r1] stream batch 20816/30880: 337,052,672/500,000,000 (39,158 pos/s)
[r0] stream batch 20768/30880: 336,275,456/500,000,000 (39,042 pos/s)
[r1] stream batch 20832/30880: 337,311,744/500,000,000 (39,159 pos/s)
[r0] stream batch 20784/30880: 336,534,528/500,000,000 (39,042 pos/s)
[r1] stream batch 20848/30880: 337,570,816/500,000,000 (39,159 pos/s)
[r0] stream batch 20800/30880: 336,793,600/500,000,000 (39,042 pos/s)
[r1] stream batch 20864/30880: 337,829,888/500,000,000 (39,159 pos/s)
[r0] stream batch 20816/30880: 337,052,672/500,000,000 (39,043 pos/s)
[r1] stream batch 20880/30880: 338,088,960/500,000,000 (39,159 pos/s)
[r0] stream batch 20832/30880: 337,311,744/500,000,000 (39,043 pos/s)
[r1] stream batch 20896/30880: 338,348,032/500,000,000 (39,159 pos/s)
[r0] stream batch 20848/30880: 337,570,816/500,000,000 (39,044 pos/s)
[r1] stream batch 20912/30880: 338,607,104/500,000,000 (39,160 pos/s)
[r0] stream batch 20864/30880: 337,829,888/500,000,000 (39,045 pos/s)
[r1] stream batch 20928/30880: 338,866,176/500,000,000 (39,160 pos/s)
[r0] stream batch 20880/30880: 338,088,960/500,000,000 (39,045 pos/s)
[r1] stream batch 20944/30880: 339,125,248/500,000,000 (39,160 pos/s)
[r0] stream batch 20896/30880: 338,348,032/500,000,000 (39,046 pos/s)
[r1] stream batch 20960/30880: 339,384,320/500,000,000 (39,161 pos/s)
[r0] stream batch 20912/30880: 338,607,104/500,000,000 (39,046 pos/s)
[r1] stream batch 20976/30880: 339,643,392/500,000,000 (39,161 pos/s)
[r0] stream batch 20928/30880: 338,866,176/500,000,000 (39,046 pos/s)
[r1] stream batch 20992/30880: 339,902,464/500,000,000 (39,161 pos/s)
[r0] stream batch 20944/30880: 339,125,248/500,000,000 (39,046 pos/s)
[r1] stream batch 21008/30880: 340,161,536/500,000,000 (39,163 pos/s)
[r0] stream batch 20960/30880: 339,384,320/500,000,000 (39,047 pos/s)
[r1] stream batch 21024/30880: 340,420,608/500,000,000 (39,163 pos/s)
[r0] stream batch 20976/30880: 339,643,392/500,000,000 (39,047 pos/s)
[r1] stream batch 21040/30880: 340,679,680/500,000,000 (39,163 pos/s)
[r0] stream batch 20992/30880: 339,902,464/500,000,000 (39,048 pos/s)
[r1] stream batch 21056/30880: 340,938,752/500,000,000 (39,164 pos/s)
[r0] stream batch 21008/30880: 340,161,536/500,000,000 (39,049 pos/s)
[r1] stream batch 21072/30880: 341,197,824/500,000,000 (39,165 pos/s)
[r0] stream batch 21024/30880: 340,420,608/500,000,000 (39,050 pos/s)
[r1] stream batch 21088/30880: 341,456,896/500,000,000 (39,165 pos/s)
[r0] stream batch 21040/30880: 340,679,680/500,000,000 (39,050 pos/s)
[r1] stream batch 21104/30880: 341,715,968/500,000,000 (39,165 pos/s)
[r0] stream batch 21056/30880: 340,938,752/500,000,000 (39,051 pos/s)
[r1] stream batch 21120/30880: 341,975,040/500,000,000 (39,165 pos/s)
[r0] stream batch 21072/30880: 341,197,824/500,000,000 (39,052 pos/s)
[r1] stream batch 21136/30880: 342,234,112/500,000,000 (39,166 pos/s)
[r0] stream batch 21088/30880: 341,456,896/500,000,000 (39,052 pos/s)
[r1] stream batch 21152/30880: 342,493,184/500,000,000 (39,166 pos/s)
[r0] stream batch 21104/30880: 341,715,968/500,000,000 (39,052 pos/s)
[r1] stream batch 21168/30880: 342,752,256/500,000,000 (39,166 pos/s)
[r0] stream batch 21120/30880: 341,975,040/500,000,000 (39,053 pos/s)
[r1] stream batch 21184/30880: 343,011,328/500,000,000 (39,166 pos/s)
[r0] stream batch 21136/30880: 342,234,112/500,000,000 (39,053 pos/s)
[r1] stream batch 21200/30880: 343,270,400/500,000,000 (39,166 pos/s)
[r0] stream batch 21152/30880: 342,493,184/500,000,000 (39,051 pos/s)
[r1] stream batch 21216/30880: 343,529,472/500,000,000 (39,166 pos/s)
[r0] stream batch 21168/30880: 342,752,256/500,000,000 (39,050 pos/s)
[r1] stream batch 21232/30880: 343,788,544/500,000,000 (39,166 pos/s)
[r0] stream batch 21184/30880: 343,011,328/500,000,000 (39,050 pos/s)
[r1] stream batch 21248/30880: 344,047,616/500,000,000 (39,165 pos/s)
[r0] stream batch 21200/30880: 343,270,400/500,000,000 (39,050 pos/s)
[r1] stream batch 21264/30880: 344,306,688/500,000,000 (39,165 pos/s)
[r0] stream batch 21216/30880: 343,529,472/500,000,000 (39,050 pos/s)
[r1] stream batch 21280/30880: 344,565,760/500,000,000 (39,165 pos/s)
[r0] stream batch 21232/30880: 343,788,544/500,000,000 (39,050 pos/s)
[r1] stream batch 21296/30880: 344,824,832/500,000,000 (39,167 pos/s)
[r0] stream batch 21248/30880: 344,047,616/500,000,000 (39,050 pos/s)
[r1] stream batch 21312/30880: 345,083,904/500,000,000 (39,167 pos/s)
[r0] stream batch 21264/30880: 344,306,688/500,000,000 (39,050 pos/s)
[r1] stream batch 21328/30880: 345,342,976/500,000,000 (39,167 pos/s)
[r0] stream batch 21280/30880: 344,565,760/500,000,000 (39,051 pos/s)
[r1] stream batch 21344/30880: 345,602,048/500,000,000 (39,168 pos/s)
[r0] stream batch 21296/30880: 344,824,832/500,000,000 (39,052 pos/s)
[r1] stream batch 21360/30880: 345,861,120/500,000,000 (39,168 pos/s)
[r0] stream batch 21312/30880: 345,083,904/500,000,000 (39,053 pos/s)
[r1] stream batch 21376/30880: 346,120,192/500,000,000 (39,169 pos/s)
[r0] stream batch 21328/30880: 345,342,976/500,000,000 (39,053 pos/s)
[r1] stream batch 21392/30880: 346,379,264/500,000,000 (39,169 pos/s)
[r0] stream batch 21344/30880: 345,602,048/500,000,000 (39,054 pos/s)
[r1] stream batch 21408/30880: 346,638,336/500,000,000 (39,170 pos/s)
[r0] stream batch 21360/30880: 345,861,120/500,000,000 (39,054 pos/s)
[r1] stream batch 21424/30880: 346,897,408/500,000,000 (39,169 pos/s)
[r0] stream batch 21376/30880: 346,120,192/500,000,000 (39,055 pos/s)
[r1] stream batch 21440/30880: 347,156,480/500,000,000 (39,170 pos/s)
[r0] stream batch 21392/30880: 346,379,264/500,000,000 (39,055 pos/s)
[r1] stream batch 21456/30880: 347,415,552/500,000,000 (39,172 pos/s)
[r0] stream batch 21408/30880: 346,638,336/500,000,000 (39,056 pos/s)
[r1] stream batch 21472/30880: 347,674,624/500,000,000 (39,172 pos/s)
[r0] stream batch 21424/30880: 346,897,408/500,000,000 (39,056 pos/s)
[r1] stream batch 21488/30880: 347,933,696/500,000,000 (39,172 pos/s)
[r0] stream batch 21440/30880: 347,156,480/500,000,000 (39,057 pos/s)
[r1] stream batch 21504/30880: 348,192,768/500,000,000 (39,173 pos/s)
[r0] stream batch 21456/30880: 347,415,552/500,000,000 (39,058 pos/s)
[r1] stream batch 21520/30880: 348,451,840/500,000,000 (39,174 pos/s)
[r0] stream batch 21472/30880: 347,674,624/500,000,000 (39,059 pos/s)
[r1] stream batch 21536/30880: 348,710,912/500,000,000 (39,174 pos/s)
[r0] stream batch 21488/30880: 347,933,696/500,000,000 (39,059 pos/s)
[r1] stream batch 21552/30880: 348,969,984/500,000,000 (39,175 pos/s)
[r0] stream batch 21504/30880: 348,192,768/500,000,000 (39,060 pos/s)
[r1] stream batch 21568/30880: 349,229,056/500,000,000 (39,175 pos/s)
[r0] stream batch 21520/30880: 348,451,840/500,000,000 (39,060 pos/s)
[r1] stream batch 21584/30880: 349,488,128/500,000,000 (39,175 pos/s)
[r0] stream batch 21536/30880: 348,710,912/500,000,000 (39,061 pos/s)
[r1] stream batch 21600/30880: 349,747,200/500,000,000 (39,176 pos/s)
[r0] stream batch 21552/30880: 348,969,984/500,000,000 (39,061 pos/s)
[r1] stream batch 21616/30880: 350,006,272/500,000,000 (39,177 pos/s)
[r0] stream batch 21568/30880: 349,229,056/500,000,000 (39,061 pos/s)
[r1] stream batch 21632/30880: 350,265,344/500,000,000 (39,178 pos/s)
[r0] stream batch 21584/30880: 349,488,128/500,000,000 (39,062 pos/s)
[r1] stream batch 21648/30880: 350,524,416/500,000,000 (39,179 pos/s)
[r1] stream batch 21664/30880: 350,783,488/500,000,000 (39,179 pos/s)
[r0] stream batch 21600/30880: 349,747,200/500,000,000 (39,062 pos/s)
[r0] stream batch 21616/30880: 350,006,272/500,000,000 (39,063 pos/s)
[r1] stream batch 21680/30880: 351,042,560/500,000,000 (39,179 pos/s)
[r0] stream batch 21632/30880: 350,265,344/500,000,000 (39,064 pos/s)
[r1] stream batch 21696/30880: 351,301,632/500,000,000 (39,179 pos/s)
[r0] stream batch 21648/30880: 350,524,416/500,000,000 (39,065 pos/s)
[r1] stream batch 21712/30880: 351,560,704/500,000,000 (39,180 pos/s)
[r0] stream batch 21664/30880: 350,783,488/500,000,000 (39,065 pos/s)
[r1] stream batch 21728/30880: 351,819,776/500,000,000 (39,180 pos/s)
[r0] stream batch 21680/30880: 351,042,560/500,000,000 (39,065 pos/s)
[r1] stream batch 21744/30880: 352,078,848/500,000,000 (39,180 pos/s)
[r0] stream batch 21696/30880: 351,301,632/500,000,000 (39,066 pos/s)
[r1] stream batch 21760/30880: 352,337,920/500,000,000 (39,181 pos/s)
[r0] stream batch 21712/30880: 351,560,704/500,000,000 (39,066 pos/s)
[r1] stream batch 21776/30880: 352,596,992/500,000,000 (39,180 pos/s)
[r0] stream batch 21728/30880: 351,819,776/500,000,000 (39,066 pos/s)
[r1] stream batch 21792/30880: 352,856,064/500,000,000 (39,181 pos/s)
[r0] stream batch 21744/30880: 352,078,848/500,000,000 (39,067 pos/s)
[r1] stream batch 21808/30880: 353,115,136/500,000,000 (39,181 pos/s)
[r0] stream batch 21760/30880: 352,337,920/500,000,000 (39,067 pos/s)
[r1] stream batch 21824/30880: 353,374,208/500,000,000 (39,181 pos/s)
[r0] stream batch 21776/30880: 352,596,992/500,000,000 (39,067 pos/s)
[r1] stream batch 21840/30880: 353,633,280/500,000,000 (39,182 pos/s)
[r0] stream batch 21792/30880: 352,856,064/500,000,000 (39,067 pos/s)
[r1] stream batch 21856/30880: 353,892,352/500,000,000 (39,183 pos/s)
[r1] stream batch 21872/30880: 354,151,424/500,000,000 (39,184 pos/s)
[r0] stream batch 21808/30880: 353,115,136/500,000,000 (39,068 pos/s)
[r1] stream batch 21888/30880: 354,410,496/500,000,000 (39,185 pos/s)
[r0] stream batch 21824/30880: 353,374,208/500,000,000 (39,068 pos/s)
[r1] stream batch 21904/30880: 354,669,568/500,000,000 (39,186 pos/s)
[r0] stream batch 21840/30880: 353,633,280/500,000,000 (39,068 pos/s)
[r1] stream batch 21920/30880: 354,928,640/500,000,000 (39,186 pos/s)
[r0] stream batch 21856/30880: 353,892,352/500,000,000 (39,069 pos/s)
[r1] stream batch 21936/30880: 355,187,712/500,000,000 (39,187 pos/s)
[r0] stream batch 21872/30880: 354,151,424/500,000,000 (39,070 pos/s)
[r1] stream batch 21952/30880: 355,446,784/500,000,000 (39,187 pos/s)
[r0] stream batch 21888/30880: 354,410,496/500,000,000 (39,070 pos/s)
[r1] stream batch 21968/30880: 355,705,856/500,000,000 (39,188 pos/s)
[r0] stream batch 21904/30880: 354,669,568/500,000,000 (39,070 pos/s)
[r1] stream batch 21984/30880: 355,964,928/500,000,000 (39,189 pos/s)
[r0] stream batch 21920/30880: 354,928,640/500,000,000 (39,071 pos/s)
[r1] stream batch 22000/30880: 356,224,000/500,000,000 (39,189 pos/s)
[r0] stream batch 21936/30880: 355,187,712/500,000,000 (39,072 pos/s)
[r1] stream batch 22016/30880: 356,483,072/500,000,000 (39,189 pos/s)
[r0] stream batch 21952/30880: 355,446,784/500,000,000 (39,072 pos/s)
[r1] stream batch 22032/30880: 356,742,144/500,000,000 (39,190 pos/s)
[r0] stream batch 21968/30880: 355,705,856/500,000,000 (39,074 pos/s)
[r1] stream batch 22048/30880: 357,001,216/500,000,000 (39,191 pos/s)
[r0] stream batch 21984/30880: 355,964,928/500,000,000 (39,075 pos/s)
[r1] stream batch 22064/30880: 357,260,288/500,000,000 (39,192 pos/s)
[r0] stream batch 22000/30880: 356,224,000/500,000,000 (39,076 pos/s)
[r1] stream batch 22080/30880: 357,519,360/500,000,000 (39,192 pos/s)
[r0] stream batch 22016/30880: 356,483,072/500,000,000 (39,076 pos/s)
[r1] stream batch 22096/30880: 357,778,432/500,000,000 (39,193 pos/s)
[r0] stream batch 22032/30880: 356,742,144/500,000,000 (39,076 pos/s)
[r1] stream batch 22112/30880: 358,037,504/500,000,000 (39,193 pos/s)
[r0] stream batch 22048/30880: 357,001,216/500,000,000 (39,077 pos/s)
[r1] stream batch 22128/30880: 358,296,576/500,000,000 (39,194 pos/s)
[r0] stream batch 22064/30880: 357,260,288/500,000,000 (39,077 pos/s)
[r1] stream batch 22144/30880: 358,555,648/500,000,000 (39,194 pos/s)
[r0] stream batch 22080/30880: 357,519,360/500,000,000 (39,078 pos/s)
[r1] stream batch 22160/30880: 358,814,720/500,000,000 (39,194 pos/s)
[r0] stream batch 22096/30880: 357,778,432/500,000,000 (39,078 pos/s)
[r1] stream batch 22176/30880: 359,073,792/500,000,000 (39,195 pos/s)
[r0] stream batch 22112/30880: 358,037,504/500,000,000 (39,078 pos/s)
[r1] stream batch 22192/30880: 359,332,864/500,000,000 (39,195 pos/s)
[r0] stream batch 22128/30880: 358,296,576/500,000,000 (39,078 pos/s)
[r1] stream batch 22208/30880: 359,591,936/500,000,000 (39,196 pos/s)
[r0] stream batch 22144/30880: 358,555,648/500,000,000 (39,079 pos/s)
[r1] stream batch 22224/30880: 359,851,008/500,000,000 (39,196 pos/s)
[r0] stream batch 22160/30880: 358,814,720/500,000,000 (39,079 pos/s)
[r1] stream batch 22240/30880: 360,110,080/500,000,000 (39,197 pos/s)
[r0] stream batch 22176/30880: 359,073,792/500,000,000 (39,080 pos/s)
[r1] stream batch 22256/30880: 360,369,152/500,000,000 (39,197 pos/s)
[r0] stream batch 22192/30880: 359,332,864/500,000,000 (39,080 pos/s)
[r1] stream batch 22272/30880: 360,628,224/500,000,000 (39,197 pos/s)
[r0] stream batch 22208/30880: 359,591,936/500,000,000 (39,081 pos/s)
[r1] stream batch 22288/30880: 360,887,296/500,000,000 (39,198 pos/s)
[r0] stream batch 22224/30880: 359,851,008/500,000,000 (39,081 pos/s)
[r1] stream batch 22304/30880: 361,146,368/500,000,000 (39,198 pos/s)
[r0] stream batch 22240/30880: 360,110,080/500,000,000 (39,080 pos/s)
[r1] stream batch 22320/30880: 361,405,440/500,000,000 (39,197 pos/s)
[r0] stream batch 22256/30880: 360,369,152/500,000,000 (39,081 pos/s)
[r1] stream batch 22336/30880: 361,664,512/500,000,000 (39,197 pos/s)
[r0] stream batch 22272/30880: 360,628,224/500,000,000 (39,080 pos/s)
[r1] stream batch 22352/30880: 361,923,584/500,000,000 (39,197 pos/s)
[r0] stream batch 22288/30880: 360,887,296/500,000,000 (39,080 pos/s)
[r1] stream batch 22368/30880: 362,182,656/500,000,000 (39,198 pos/s)
[r0] stream batch 22304/30880: 361,146,368/500,000,000 (39,081 pos/s)
[r1] stream batch 22384/30880: 362,441,728/500,000,000 (39,198 pos/s)
[r0] stream batch 22320/30880: 361,405,440/500,000,000 (39,081 pos/s)
[r1] stream batch 22400/30880: 362,700,800/500,000,000 (39,198 pos/s)
[r0] stream batch 22336/30880: 361,664,512/500,000,000 (39,081 pos/s)
[r1] stream batch 22416/30880: 362,959,872/500,000,000 (39,198 pos/s)
[r0] stream batch 22352/30880: 361,923,584/500,000,000 (39,081 pos/s)
[r1] stream batch 22432/30880: 363,218,944/500,000,000 (39,199 pos/s)
[r0] stream batch 22368/30880: 362,182,656/500,000,000 (39,082 pos/s)
[r1] stream batch 22448/30880: 363,478,016/500,000,000 (39,200 pos/s)
[r0] stream batch 22384/30880: 362,441,728/500,000,000 (39,083 pos/s)
[r1] stream batch 22464/30880: 363,737,088/500,000,000 (39,200 pos/s)
[r0] stream batch 22400/30880: 362,700,800/500,000,000 (39,083 pos/s)
[r1] stream batch 22480/30880: 363,996,160/500,000,000 (39,201 pos/s)
[r0] stream batch 22416/30880: 362,959,872/500,000,000 (39,083 pos/s)
[r1] stream batch 22496/30880: 364,255,232/500,000,000 (39,202 pos/s)
[r0] stream batch 22432/30880: 363,218,944/500,000,000 (39,085 pos/s)
[r1] stream batch 22512/30880: 364,514,304/500,000,000 (39,202 pos/s)
[r0] stream batch 22448/30880: 363,478,016/500,000,000 (39,086 pos/s)
[r1] stream batch 22528/30880: 364,773,376/500,000,000 (39,202 pos/s)
[r0] stream batch 22464/30880: 363,737,088/500,000,000 (39,086 pos/s)
[r1] stream batch 22544/30880: 365,032,448/500,000,000 (39,203 pos/s)
[r0] stream batch 22480/30880: 363,996,160/500,000,000 (39,087 pos/s)
[r1] stream batch 22560/30880: 365,291,520/500,000,000 (39,204 pos/s)
[r0] stream batch 22496/30880: 364,255,232/500,000,000 (39,087 pos/s)
[r1] stream batch 22576/30880: 365,550,592/500,000,000 (39,204 pos/s)
[r0] stream batch 22512/30880: 364,514,304/500,000,000 (39,088 pos/s)
[r1] stream batch 22592/30880: 365,809,664/500,000,000 (39,206 pos/s)
[r0] stream batch 22528/30880: 364,773,376/500,000,000 (39,088 pos/s)
[r1] stream batch 22608/30880: 366,068,736/500,000,000 (39,207 pos/s)
[r0] stream batch 22544/30880: 365,032,448/500,000,000 (39,089 pos/s)
[r1] stream batch 22624/30880: 366,327,808/500,000,000 (39,208 pos/s)
[r0] stream batch 22560/30880: 365,291,520/500,000,000 (39,090 pos/s)
[r1] stream batch 22640/30880: 366,586,880/500,000,000 (39,209 pos/s)
[r0] stream batch 22576/30880: 365,550,592/500,000,000 (39,091 pos/s)
[r1] stream batch 22656/30880: 366,845,952/500,000,000 (39,210 pos/s)
[r0] stream batch 22592/30880: 365,809,664/500,000,000 (39,092 pos/s)
[r1] stream batch 22672/30880: 367,105,024/500,000,000 (39,210 pos/s)
[r0] stream batch 22608/30880: 366,068,736/500,000,000 (39,093 pos/s)
[r1] stream batch 22688/30880: 367,364,096/500,000,000 (39,211 pos/s)
[r0] stream batch 22624/30880: 366,327,808/500,000,000 (39,094 pos/s)
[r1] stream batch 22704/30880: 367,623,168/500,000,000 (39,211 pos/s)
[r0] stream batch 22640/30880: 366,586,880/500,000,000 (39,095 pos/s)
[r1] stream batch 22720/30880: 367,882,240/500,000,000 (39,211 pos/s)
[r0] stream batch 22656/30880: 366,845,952/500,000,000 (39,095 pos/s)
[r1] stream batch 22736/30880: 368,141,312/500,000,000 (39,211 pos/s)
[r0] stream batch 22672/30880: 367,105,024/500,000,000 (39,094 pos/s)
[r1] stream batch 22752/30880: 368,400,384/500,000,000 (39,211 pos/s)
[r0] stream batch 22688/30880: 367,364,096/500,000,000 (39,094 pos/s)
[r1] stream batch 22768/30880: 368,659,456/500,000,000 (39,212 pos/s)
[r0] stream batch 22704/30880: 367,623,168/500,000,000 (39,093 pos/s)
[r1] stream batch 22784/30880: 368,918,528/500,000,000 (39,212 pos/s)
[r0] stream batch 22720/30880: 367,882,240/500,000,000 (39,093 pos/s)
[r1] stream batch 22800/30880: 369,177,600/500,000,000 (39,213 pos/s)
[r0] stream batch 22736/30880: 368,141,312/500,000,000 (39,093 pos/s)
[r1] stream batch 22816/30880: 369,436,672/500,000,000 (39,213 pos/s)
[r0] stream batch 22752/30880: 368,400,384/500,000,000 (39,093 pos/s)
[r1] stream batch 22832/30880: 369,695,744/500,000,000 (39,213 pos/s)
[r0] stream batch 22768/30880: 368,659,456/500,000,000 (39,094 pos/s)
[r1] stream batch 22848/30880: 369,954,816/500,000,000 (39,213 pos/s)
[r0] stream batch 22784/30880: 368,918,528/500,000,000 (39,095 pos/s)
[r1] stream batch 22864/30880: 370,213,888/500,000,000 (39,214 pos/s)
[r0] stream batch 22800/30880: 369,177,600/500,000,000 (39,095 pos/s)
[r1] stream batch 22880/30880: 370,472,960/500,000,000 (39,215 pos/s)
[r0] stream batch 22816/30880: 369,436,672/500,000,000 (39,096 pos/s)
[r1] stream batch 22896/30880: 370,732,032/500,000,000 (39,215 pos/s)
[r0] stream batch 22832/30880: 369,695,744/500,000,000 (39,096 pos/s)
[r1] stream batch 22912/30880: 370,991,104/500,000,000 (39,216 pos/s)
[r0] stream batch 22848/30880: 369,954,816/500,000,000 (39,096 pos/s)
[r1] stream batch 22928/30880: 371,250,176/500,000,000 (39,216 pos/s)
[r0] stream batch 22864/30880: 370,213,888/500,000,000 (39,097 pos/s)
[r1] stream batch 22944/30880: 371,509,248/500,000,000 (39,216 pos/s)
[r0] stream batch 22880/30880: 370,472,960/500,000,000 (39,098 pos/s)
[r1] stream batch 22960/30880: 371,768,320/500,000,000 (39,217 pos/s)
[r0] stream batch 22896/30880: 370,732,032/500,000,000 (39,098 pos/s)
[r1] stream batch 22976/30880: 372,027,392/500,000,000 (39,217 pos/s)
[r0] stream batch 22912/30880: 370,991,104/500,000,000 (39,099 pos/s)
[r1] stream batch 22992/30880: 372,286,464/500,000,000 (39,217 pos/s)
[r0] stream batch 22928/30880: 371,250,176/500,000,000 (39,099 pos/s)
[r1] stream batch 23008/30880: 372,545,536/500,000,000 (39,218 pos/s)
[r0] stream batch 22944/30880: 371,509,248/500,000,000 (39,100 pos/s)
[r1] stream batch 23024/30880: 372,804,608/500,000,000 (39,218 pos/s)
[r0] stream batch 22960/30880: 371,768,320/500,000,000 (39,100 pos/s)
[r1] stream batch 23040/30880: 373,063,680/500,000,000 (39,218 pos/s)
[r0] stream batch 22976/30880: 372,027,392/500,000,000 (39,101 pos/s)
[r1] stream batch 23056/30880: 373,322,752/500,000,000 (39,218 pos/s)
[r0] stream batch 22992/30880: 372,286,464/500,000,000 (39,102 pos/s)
[r1] stream batch 23072/30880: 373,581,824/500,000,000 (39,220 pos/s)
[r0] stream batch 23008/30880: 372,545,536/500,000,000 (39,102 pos/s)
[r1] stream batch 23088/30880: 373,840,896/500,000,000 (39,220 pos/s)
[r0] stream batch 23024/30880: 372,804,608/500,000,000 (39,102 pos/s)
[r1] stream batch 23104/30880: 374,099,968/500,000,000 (39,219 pos/s)
[r0] stream batch 23040/30880: 373,063,680/500,000,000 (39,101 pos/s)
[r1] stream batch 23120/30880: 374,359,040/500,000,000 (39,220 pos/s)
[r0] stream batch 23056/30880: 373,322,752/500,000,000 (39,100 pos/s)
[r1] stream batch 23136/30880: 374,618,112/500,000,000 (39,220 pos/s)
[r0] stream batch 23072/30880: 373,581,824/500,000,000 (39,102 pos/s)
[r1] stream batch 23152/30880: 374,877,184/500,000,000 (39,220 pos/s)
[r0] stream batch 23088/30880: 373,840,896/500,000,000 (39,101 pos/s)
[r1] stream batch 23168/30880: 375,136,256/500,000,000 (39,220 pos/s)
[r0] stream batch 23104/30880: 374,099,968/500,000,000 (39,101 pos/s)
[r1] stream batch 23184/30880: 375,395,328/500,000,000 (39,220 pos/s)
[r0] stream batch 23120/30880: 374,359,040/500,000,000 (39,102 pos/s)
[r1] stream batch 23200/30880: 375,654,400/500,000,000 (39,221 pos/s)
[r0] stream batch 23136/30880: 374,618,112/500,000,000 (39,102 pos/s)
[r1] stream batch 23216/30880: 375,913,472/500,000,000 (39,221 pos/s)
[r0] stream batch 23152/30880: 374,877,184/500,000,000 (39,103 pos/s)
[r1] stream batch 23232/30880: 376,172,544/500,000,000 (39,221 pos/s)
[r0] stream batch 23168/30880: 375,136,256/500,000,000 (39,103 pos/s)
[r1] stream batch 23248/30880: 376,431,616/500,000,000 (39,221 pos/s)
[r0] stream batch 23184/30880: 375,395,328/500,000,000 (39,104 pos/s)
[r1] stream batch 23264/30880: 376,690,688/500,000,000 (39,221 pos/s)
[r0] stream batch 23200/30880: 375,654,400/500,000,000 (39,103 pos/s)
[r1] stream batch 23280/30880: 376,949,760/500,000,000 (39,221 pos/s)
[r0] stream batch 23216/30880: 375,913,472/500,000,000 (39,104 pos/s)
[r1] stream batch 23296/30880: 377,208,832/500,000,000 (39,221 pos/s)
[r0] stream batch 23232/30880: 376,172,544/500,000,000 (39,104 pos/s)
[r1] stream batch 23312/30880: 377,467,904/500,000,000 (39,223 pos/s)
[r0] stream batch 23248/30880: 376,431,616/500,000,000 (39,105 pos/s)
[r1] stream batch 23328/30880: 377,726,976/500,000,000 (39,224 pos/s)
[r0] stream batch 23264/30880: 376,690,688/500,000,000 (39,105 pos/s)
[r1] stream batch 23344/30880: 377,986,048/500,000,000 (39,224 pos/s)
[r0] stream batch 23280/30880: 376,949,760/500,000,000 (39,106 pos/s)
[r1] stream batch 23360/30880: 378,245,120/500,000,000 (39,224 pos/s)
[r0] stream batch 23296/30880: 377,208,832/500,000,000 (39,106 pos/s)
[r1] stream batch 23376/30880: 378,504,192/500,000,000 (39,224 pos/s)
[r0] stream batch 23312/30880: 377,467,904/500,000,000 (39,107 pos/s)
[r1] stream batch 23392/30880: 378,763,264/500,000,000 (39,225 pos/s)
[r0] stream batch 23328/30880: 377,726,976/500,000,000 (39,107 pos/s)
[r1] stream batch 23408/30880: 379,022,336/500,000,000 (39,225 pos/s)
[r0] stream batch 23344/30880: 377,986,048/500,000,000 (39,109 pos/s)
[r1] stream batch 23424/30880: 379,281,408/500,000,000 (39,225 pos/s)
[r0] stream batch 23360/30880: 378,245,120/500,000,000 (39,109 pos/s)
[r1] stream batch 23440/30880: 379,540,480/500,000,000 (39,226 pos/s)
[r0] stream batch 23376/30880: 378,504,192/500,000,000 (39,109 pos/s)
[r1] stream batch 23456/30880: 379,799,552/500,000,000 (39,227 pos/s)
[r0] stream batch 23392/30880: 378,763,264/500,000,000 (39,110 pos/s)
[r1] stream batch 23472/30880: 380,058,624/500,000,000 (39,228 pos/s)
[r0] stream batch 23408/30880: 379,022,336/500,000,000 (39,110 pos/s)
[r1] stream batch 23488/30880: 380,317,696/500,000,000 (39,228 pos/s)
[r0] stream batch 23424/30880: 379,281,408/500,000,000 (39,111 pos/s)
[r1] stream batch 23504/30880: 380,576,768/500,000,000 (39,228 pos/s)
[r0] stream batch 23440/30880: 379,540,480/500,000,000 (39,112 pos/s)
[r1] stream batch 23520/30880: 380,835,840/500,000,000 (39,228 pos/s)
[r0] stream batch 23456/30880: 379,799,552/500,000,000 (39,113 pos/s)
[r1] stream batch 23536/30880: 381,094,912/500,000,000 (39,229 pos/s)
[r0] stream batch 23472/30880: 380,058,624/500,000,000 (39,114 pos/s)
[r1] stream batch 23552/30880: 381,353,984/500,000,000 (39,229 pos/s)
[r0] stream batch 23488/30880: 380,317,696/500,000,000 (39,113 pos/s)
[r1] stream batch 23568/30880: 381,613,056/500,000,000 (39,229 pos/s)
[r0] stream batch 23504/30880: 380,576,768/500,000,000 (39,114 pos/s)
[r1] stream batch 23584/30880: 381,872,128/500,000,000 (39,229 pos/s)
[r0] stream batch 23520/30880: 380,835,840/500,000,000 (39,114 pos/s)
[r1] stream batch 23600/30880: 382,131,200/500,000,000 (39,230 pos/s)
[r0] stream batch 23536/30880: 381,094,912/500,000,000 (39,114 pos/s)
[r1] stream batch 23616/30880: 382,390,272/500,000,000 (39,230 pos/s)
[r0] stream batch 23552/30880: 381,353,984/500,000,000 (39,115 pos/s)
[r1] stream batch 23632/30880: 382,649,344/500,000,000 (39,231 pos/s)
[r0] stream batch 23568/30880: 381,613,056/500,000,000 (39,115 pos/s)
[r1] stream batch 23648/30880: 382,908,416/500,000,000 (39,231 pos/s)
[r0] stream batch 23584/30880: 381,872,128/500,000,000 (39,116 pos/s)
[r1] stream batch 23664/30880: 383,167,488/500,000,000 (39,231 pos/s)
[r0] stream batch 23600/30880: 382,131,200/500,000,000 (39,116 pos/s)
[r1] stream batch 23680/30880: 383,426,560/500,000,000 (39,232 pos/s)
[r0] stream batch 23616/30880: 382,390,272/500,000,000 (39,116 pos/s)
[r1] stream batch 23696/30880: 383,685,632/500,000,000 (39,232 pos/s)
[r0] stream batch 23632/30880: 382,649,344/500,000,000 (39,115 pos/s)
[r1] stream batch 23712/30880: 383,944,704/500,000,000 (39,233 pos/s)
[r0] stream batch 23648/30880: 382,908,416/500,000,000 (39,115 pos/s)
[r1] stream batch 23728/30880: 384,203,776/500,000,000 (39,233 pos/s)
[r0] stream batch 23664/30880: 383,167,488/500,000,000 (39,115 pos/s)
[r1] stream batch 23744/30880: 384,462,848/500,000,000 (39,234 pos/s)
[r0] stream batch 23680/30880: 383,426,560/500,000,000 (39,115 pos/s)
[r1] stream batch 23760/30880: 384,721,920/500,000,000 (39,234 pos/s)
[r0] stream batch 23696/30880: 383,685,632/500,000,000 (39,116 pos/s)
[r1] stream batch 23776/30880: 384,980,992/500,000,000 (39,234 pos/s)
[r0] stream batch 23712/30880: 383,944,704/500,000,000 (39,116 pos/s)
[r1] stream batch 23792/30880: 385,240,064/500,000,000 (39,234 pos/s)
[r0] stream batch 23728/30880: 384,203,776/500,000,000 (39,116 pos/s)
[r1] stream batch 23808/30880: 385,499,136/500,000,000 (39,234 pos/s)
[r0] stream batch 23744/30880: 384,462,848/500,000,000 (39,116 pos/s)
[r1] stream batch 23824/30880: 385,758,208/500,000,000 (39,235 pos/s)
[r0] stream batch 23760/30880: 384,721,920/500,000,000 (39,116 pos/s)
[r1] stream batch 23840/30880: 386,017,280/500,000,000 (39,235 pos/s)
[r0] stream batch 23776/30880: 384,980,992/500,000,000 (39,116 pos/s)
[r1] stream batch 23856/30880: 386,276,352/500,000,000 (39,235 pos/s)
[r0] stream batch 23792/30880: 385,240,064/500,000,000 (39,116 pos/s)
[r1] stream batch 23872/30880: 386,535,424/500,000,000 (39,236 pos/s)
[r0] stream batch 23808/30880: 385,499,136/500,000,000 (39,117 pos/s)
[r1] stream batch 23888/30880: 386,794,496/500,000,000 (39,237 pos/s)
[r0] stream batch 23824/30880: 385,758,208/500,000,000 (39,117 pos/s)
[r1] stream batch 23904/30880: 387,053,568/500,000,000 (39,237 pos/s)
[r0] stream batch 23840/30880: 386,017,280/500,000,000 (39,117 pos/s)
[r1] stream batch 23920/30880: 387,312,640/500,000,000 (39,237 pos/s)
[r0] stream batch 23856/30880: 386,276,352/500,000,000 (39,117 pos/s)
[r1] stream batch 23936/30880: 387,571,712/500,000,000 (39,237 pos/s)
[r0] stream batch 23872/30880: 386,535,424/500,000,000 (39,118 pos/s)
[r1] stream batch 23952/30880: 387,830,784/500,000,000 (39,238 pos/s)
[r0] stream batch 23888/30880: 386,794,496/500,000,000 (39,118 pos/s)
[r1] stream batch 23968/30880: 388,089,856/500,000,000 (39,238 pos/s)
[r0] stream batch 23904/30880: 387,053,568/500,000,000 (39,118 pos/s)
[r1] stream batch 23984/30880: 388,348,928/500,000,000 (39,239 pos/s)
[r0] stream batch 23920/30880: 387,312,640/500,000,000 (39,118 pos/s)
[r1] stream batch 24000/30880: 388,608,000/500,000,000 (39,239 pos/s)
[r0] stream batch 23936/30880: 387,571,712/500,000,000 (39,118 pos/s)
[r1] stream batch 24016/30880: 388,867,072/500,000,000 (39,240 pos/s)
[r0] stream batch 23952/30880: 387,830,784/500,000,000 (39,119 pos/s)
[r1] stream batch 24032/30880: 389,126,144/500,000,000 (39,240 pos/s)
[r0] stream batch 23968/30880: 388,089,856/500,000,000 (39,120 pos/s)
[r1] stream batch 24048/30880: 389,385,216/500,000,000 (39,240 pos/s)
[r0] stream batch 23984/30880: 388,348,928/500,000,000 (39,120 pos/s)
[r1] stream batch 24064/30880: 389,644,288/500,000,000 (39,240 pos/s)
[r0] stream batch 24000/30880: 388,608,000/500,000,000 (39,120 pos/s)
[r1] stream batch 24080/30880: 389,903,360/500,000,000 (39,241 pos/s)
[r0] stream batch 24016/30880: 388,867,072/500,000,000 (39,120 pos/s)
[r1] stream batch 24096/30880: 390,162,432/500,000,000 (39,241 pos/s)
[r0] stream batch 24032/30880: 389,126,144/500,000,000 (39,120 pos/s)
[r1] stream batch 24112/30880: 390,421,504/500,000,000 (39,242 pos/s)
[r0] stream batch 24048/30880: 389,385,216/500,000,000 (39,121 pos/s)
[r1] stream batch 24128/30880: 390,680,576/500,000,000 (39,242 pos/s)
[r0] stream batch 24064/30880: 389,644,288/500,000,000 (39,121 pos/s)
[r1] stream batch 24144/30880: 390,939,648/500,000,000 (39,242 pos/s)
[r0] stream batch 24080/30880: 389,903,360/500,000,000 (39,122 pos/s)
[r1] stream batch 24160/30880: 391,198,720/500,000,000 (39,243 pos/s)
[r0] stream batch 24096/30880: 390,162,432/500,000,000 (39,122 pos/s)
[r1] stream batch 24176/30880: 391,457,792/500,000,000 (39,243 pos/s)
[r0] stream batch 24112/30880: 390,421,504/500,000,000 (39,123 pos/s)
[r1] stream batch 24192/30880: 391,716,864/500,000,000 (39,243 pos/s)
[r0] stream batch 24128/30880: 390,680,576/500,000,000 (39,123 pos/s)
[r1] stream batch 24208/30880: 391,975,936/500,000,000 (39,243 pos/s)
[r0] stream batch 24144/30880: 390,939,648/500,000,000 (39,124 pos/s)
[r1] stream batch 24224/30880: 392,235,008/500,000,000 (39,243 pos/s)
[r0] stream batch 24160/30880: 391,198,720/500,000,000 (39,124 pos/s)
[r1] stream batch 24240/30880: 392,494,080/500,000,000 (39,244 pos/s)
[r0] stream batch 24176/30880: 391,457,792/500,000,000 (39,124 pos/s)
[r1] stream batch 24256/30880: 392,753,152/500,000,000 (39,245 pos/s)
[r0] stream batch 24192/30880: 391,716,864/500,000,000 (39,125 pos/s)
[r1] stream batch 24272/30880: 393,012,224/500,000,000 (39,244 pos/s)
[r0] stream batch 24208/30880: 391,975,936/500,000,000 (39,125 pos/s)
[r1] stream batch 24288/30880: 393,271,296/500,000,000 (39,245 pos/s)
[r0] stream batch 24224/30880: 392,235,008/500,000,000 (39,125 pos/s)
[r1] stream batch 24304/30880: 393,530,368/500,000,000 (39,245 pos/s)
[r0] stream batch 24240/30880: 392,494,080/500,000,000 (39,126 pos/s)
[r1] stream batch 24320/30880: 393,789,440/500,000,000 (39,246 pos/s)
[r0] stream batch 24256/30880: 392,753,152/500,000,000 (39,126 pos/s)
[r1] stream batch 24336/30880: 394,048,512/500,000,000 (39,246 pos/s)
[r0] stream batch 24272/30880: 393,012,224/500,000,000 (39,127 pos/s)
[r1] stream batch 24352/30880: 394,307,584/500,000,000 (39,246 pos/s)
[r0] stream batch 24288/30880: 393,271,296/500,000,000 (39,127 pos/s)
[r1] stream batch 24368/30880: 394,566,656/500,000,000 (39,246 pos/s)
[r0] stream batch 24304/30880: 393,530,368/500,000,000 (39,127 pos/s)
[r1] stream batch 24384/30880: 394,825,728/500,000,000 (39,247 pos/s)
[r0] stream batch 24320/30880: 393,789,440/500,000,000 (39,128 pos/s)
[r1] stream batch 24400/30880: 395,084,800/500,000,000 (39,248 pos/s)
[r0] stream batch 24336/30880: 394,048,512/500,000,000 (39,128 pos/s)
[r1] stream batch 24416/30880: 395,343,872/500,000,000 (39,248 pos/s)
[r0] stream batch 24352/30880: 394,307,584/500,000,000 (39,129 pos/s)
[r1] stream batch 24432/30880: 395,602,944/500,000,000 (39,249 pos/s)
[r0] stream batch 24368/30880: 394,566,656/500,000,000 (39,129 pos/s)
[r1] stream batch 24448/30880: 395,862,016/500,000,000 (39,249 pos/s)
[r0] stream batch 24384/30880: 394,825,728/500,000,000 (39,130 pos/s)
[r1] stream batch 24464/30880: 396,121,088/500,000,000 (39,250 pos/s)
[r0] stream batch 24400/30880: 395,084,800/500,000,000 (39,131 pos/s)
[r1] stream batch 24480/30880: 396,380,160/500,000,000 (39,250 pos/s)
[r0] stream batch 24416/30880: 395,343,872/500,000,000 (39,132 pos/s)
[r1] stream batch 24496/30880: 396,639,232/500,000,000 (39,251 pos/s)
[r0] stream batch 24432/30880: 395,602,944/500,000,000 (39,132 pos/s)
[r1] stream batch 24512/30880: 396,898,304/500,000,000 (39,252 pos/s)
[r0] stream batch 24448/30880: 395,862,016/500,000,000 (39,131 pos/s)
[r1] stream batch 24528/30880: 397,157,376/500,000,000 (39,252 pos/s)
[r0] stream batch 24464/30880: 396,121,088/500,000,000 (39,132 pos/s)
[r1] stream batch 24544/30880: 397,416,448/500,000,000 (39,252 pos/s)
[r0] stream batch 24480/30880: 396,380,160/500,000,000 (39,133 pos/s)
[r1] stream batch 24560/30880: 397,675,520/500,000,000 (39,252 pos/s)
[r0] stream batch 24496/30880: 396,639,232/500,000,000 (39,133 pos/s)
[r1] stream batch 24576/30880: 397,934,592/500,000,000 (39,252 pos/s)
[r0] stream batch 24512/30880: 396,898,304/500,000,000 (39,133 pos/s)
[r1] stream batch 24592/30880: 398,193,664/500,000,000 (39,253 pos/s)
[r0] stream batch 24528/30880: 397,157,376/500,000,000 (39,133 pos/s)
[r1] stream batch 24608/30880: 398,452,736/500,000,000 (39,253 pos/s)
[r0] stream batch 24544/30880: 397,416,448/500,000,000 (39,134 pos/s)
[r1] stream batch 24624/30880: 398,711,808/500,000,000 (39,254 pos/s)
[r0] stream batch 24560/30880: 397,675,520/500,000,000 (39,134 pos/s)
[r1] stream batch 24640/30880: 398,970,880/500,000,000 (39,254 pos/s)
[r0] stream batch 24576/30880: 397,934,592/500,000,000 (39,134 pos/s)
[r1] stream batch 24656/30880: 399,229,952/500,000,000 (39,254 pos/s)
[r0] stream batch 24592/30880: 398,193,664/500,000,000 (39,134 pos/s)
[r1] stream batch 24672/30880: 399,489,024/500,000,000 (39,255 pos/s)
[r0] stream batch 24608/30880: 398,452,736/500,000,000 (39,135 pos/s)
[r1] stream batch 24688/30880: 399,748,096/500,000,000 (39,255 pos/s)
[r0] stream batch 24624/30880: 398,711,808/500,000,000 (39,135 pos/s)
[r1] stream batch 24704/30880: 400,007,168/500,000,000 (39,255 pos/s)
[r0] stream batch 24640/30880: 398,970,880/500,000,000 (39,134 pos/s)
[r1] stream batch 24720/30880: 400,266,240/500,000,000 (39,255 pos/s)
[r0] stream batch 24656/30880: 399,229,952/500,000,000 (39,134 pos/s)
[r1] stream batch 24736/30880: 400,525,312/500,000,000 (39,255 pos/s)
[r0] stream batch 24672/30880: 399,489,024/500,000,000 (39,135 pos/s)
[r1] stream batch 24752/30880: 400,784,384/500,000,000 (39,255 pos/s)
[r0] stream batch 24688/30880: 399,748,096/500,000,000 (39,135 pos/s)
[r1] stream batch 24768/30880: 401,043,456/500,000,000 (39,256 pos/s)
[r0] stream batch 24704/30880: 400,007,168/500,000,000 (39,135 pos/s)
[r1] stream batch 24784/30880: 401,302,528/500,000,000 (39,256 pos/s)
[r0] stream batch 24720/30880: 400,266,240/500,000,000 (39,136 pos/s)
[r1] stream batch 24800/30880: 401,561,600/500,000,000 (39,258 pos/s)
[r0] stream batch 24736/30880: 400,525,312/500,000,000 (39,136 pos/s)
[r1] stream batch 24816/30880: 401,820,672/500,000,000 (39,258 pos/s)
[r0] stream batch 24752/30880: 400,784,384/500,000,000 (39,136 pos/s)
[r1] stream batch 24832/30880: 402,079,744/500,000,000 (39,258 pos/s)
[r0] stream batch 24768/30880: 401,043,456/500,000,000 (39,136 pos/s)
[r1] stream batch 24848/30880: 402,338,816/500,000,000 (39,259 pos/s)
[r0] stream batch 24784/30880: 401,302,528/500,000,000 (39,137 pos/s)
[r1] stream batch 24864/30880: 402,597,888/500,000,000 (39,259 pos/s)
[r0] stream batch 24800/30880: 401,561,600/500,000,000 (39,138 pos/s)
[r1] stream batch 24880/30880: 402,856,960/500,000,000 (39,260 pos/s)
[r0] stream batch 24816/30880: 401,820,672/500,000,000 (39,138 pos/s)
[r1] stream batch 24896/30880: 403,116,032/500,000,000 (39,260 pos/s)
[r0] stream batch 24832/30880: 402,079,744/500,000,000 (39,138 pos/s)
[r1] stream batch 24912/30880: 403,375,104/500,000,000 (39,260 pos/s)
[r0] stream batch 24848/30880: 402,338,816/500,000,000 (39,139 pos/s)
[r1] stream batch 24928/30880: 403,634,176/500,000,000 (39,261 pos/s)
[r0] stream batch 24864/30880: 402,597,888/500,000,000 (39,139 pos/s)
[r1] stream batch 24944/30880: 403,893,248/500,000,000 (39,261 pos/s)
[r0] stream batch 24880/30880: 402,856,960/500,000,000 (39,139 pos/s)
[r1] stream batch 24960/30880: 404,152,320/500,000,000 (39,261 pos/s)
[r0] stream batch 24896/30880: 403,116,032/500,000,000 (39,140 pos/s)
[r1] stream batch 24976/30880: 404,411,392/500,000,000 (39,262 pos/s)
[r0] stream batch 24912/30880: 403,375,104/500,000,000 (39,140 pos/s)
[r1] stream batch 24992/30880: 404,670,464/500,000,000 (39,262 pos/s)
[r0] stream batch 24928/30880: 403,634,176/500,000,000 (39,140 pos/s)
[r1] stream batch 25008/30880: 404,929,536/500,000,000 (39,262 pos/s)
[r0] stream batch 24944/30880: 403,893,248/500,000,000 (39,141 pos/s)
[r1] stream batch 25024/30880: 405,188,608/500,000,000 (39,262 pos/s)
[r0] stream batch 24960/30880: 404,152,320/500,000,000 (39,141 pos/s)
[r1] stream batch 25040/30880: 405,447,680/500,000,000 (39,263 pos/s)
[r0] stream batch 24976/30880: 404,411,392/500,000,000 (39,141 pos/s)
[r1] stream batch 25056/30880: 405,706,752/500,000,000 (39,263 pos/s)
[r0] stream batch 24992/30880: 404,670,464/500,000,000 (39,142 pos/s)
[r1] stream batch 25072/30880: 405,965,824/500,000,000 (39,264 pos/s)
[r0] stream batch 25008/30880: 404,929,536/500,000,000 (39,142 pos/s)
[r1] stream batch 25088/30880: 406,224,896/500,000,000 (39,264 pos/s)
[r0] stream batch 25024/30880: 405,188,608/500,000,000 (39,142 pos/s)
[r1] stream batch 25104/30880: 406,483,968/500,000,000 (39,264 pos/s)
[r0] stream batch 25040/30880: 405,447,680/500,000,000 (39,142 pos/s)
[r1] stream batch 25120/30880: 406,743,040/500,000,000 (39,265 pos/s)
[r0] stream batch 25056/30880: 405,706,752/500,000,000 (39,143 pos/s)
[r1] stream batch 25136/30880: 407,002,112/500,000,000 (39,265 pos/s)
[r0] stream batch 25072/30880: 405,965,824/500,000,000 (39,143 pos/s)
[r1] stream batch 25152/30880: 407,261,184/500,000,000 (39,266 pos/s)
[r0] stream batch 25088/30880: 406,224,896/500,000,000 (39,144 pos/s)
[r1] stream batch 25168/30880: 407,520,256/500,000,000 (39,267 pos/s)
[r0] stream batch 25104/30880: 406,483,968/500,000,000 (39,145 pos/s)
[r1] stream batch 25184/30880: 407,779,328/500,000,000 (39,267 pos/s)
[r0] stream batch 25120/30880: 406,743,040/500,000,000 (39,145 pos/s)
[r1] stream batch 25200/30880: 408,038,400/500,000,000 (39,267 pos/s)
[r0] stream batch 25136/30880: 407,002,112/500,000,000 (39,146 pos/s)
[r1] stream batch 25216/30880: 408,297,472/500,000,000 (39,267 pos/s)
[r0] stream batch 25152/30880: 407,261,184/500,000,000 (39,147 pos/s)
[r1] stream batch 25232/30880: 408,556,544/500,000,000 (39,267 pos/s)
[r0] stream batch 25168/30880: 407,520,256/500,000,000 (39,147 pos/s)
[r1] stream batch 25248/30880: 408,815,616/500,000,000 (39,268 pos/s)
[r0] stream batch 25184/30880: 407,779,328/500,000,000 (39,147 pos/s)
[r1] stream batch 25264/30880: 409,074,688/500,000,000 (39,267 pos/s)
[r0] stream batch 25200/30880: 408,038,400/500,000,000 (39,147 pos/s)
[r1] stream batch 25280/30880: 409,333,760/500,000,000 (39,268 pos/s)
[r0] stream batch 25216/30880: 408,297,472/500,000,000 (39,148 pos/s)
[r1] stream batch 25296/30880: 409,592,832/500,000,000 (39,268 pos/s)
[r0] stream batch 25232/30880: 408,556,544/500,000,000 (39,148 pos/s)
[r1] stream batch 25312/30880: 409,851,904/500,000,000 (39,269 pos/s)
[r0] stream batch 25248/30880: 408,815,616/500,000,000 (39,149 pos/s)
[r1] stream batch 25328/30880: 410,110,976/500,000,000 (39,269 pos/s)
[r0] stream batch 25264/30880: 409,074,688/500,000,000 (39,149 pos/s)
[r1] stream batch 25344/30880: 410,370,048/500,000,000 (39,269 pos/s)
[r0] stream batch 25280/30880: 409,333,760/500,000,000 (39,149 pos/s)
[r1] stream batch 25360/30880: 410,629,120/500,000,000 (39,269 pos/s)
[r0] stream batch 25296/30880: 409,592,832/500,000,000 (39,150 pos/s)
[r1] stream batch 25376/30880: 410,888,192/500,000,000 (39,269 pos/s)
[r0] stream batch 25312/30880: 409,851,904/500,000,000 (39,149 pos/s)
[r1] stream batch 25392/30880: 411,147,264/500,000,000 (39,270 pos/s)
[r0] stream batch 25328/30880: 410,110,976/500,000,000 (39,149 pos/s)
[r1] stream batch 25408/30880: 411,406,336/500,000,000 (39,272 pos/s)
[r0] stream batch 25344/30880: 410,370,048/500,000,000 (39,149 pos/s)
[r1] stream batch 25424/30880: 411,665,408/500,000,000 (39,273 pos/s)
[r0] stream batch 25360/30880: 410,629,120/500,000,000 (39,150 pos/s)
[r1] stream batch 25440/30880: 411,924,480/500,000,000 (39,274 pos/s)
[r0] stream batch 25376/30880: 410,888,192/500,000,000 (39,150 pos/s)
[r1] stream batch 25456/30880: 412,183,552/500,000,000 (39,274 pos/s)
[r0] stream batch 25392/30880: 411,147,264/500,000,000 (39,151 pos/s)
[r1] stream batch 25472/30880: 412,442,624/500,000,000 (39,275 pos/s)
[r0] stream batch 25408/30880: 411,406,336/500,000,000 (39,153 pos/s)
[r1] stream batch 25488/30880: 412,701,696/500,000,000 (39,275 pos/s)
[r0] stream batch 25424/30880: 411,665,408/500,000,000 (39,155 pos/s)
[r1] stream batch 25504/30880: 412,960,768/500,000,000 (39,275 pos/s)
[r0] stream batch 25440/30880: 411,924,480/500,000,000 (39,155 pos/s)
[r1] stream batch 25520/30880: 413,219,840/500,000,000 (39,276 pos/s)
[r0] stream batch 25456/30880: 412,183,552/500,000,000 (39,155 pos/s)
[r1] stream batch 25536/30880: 413,478,912/500,000,000 (39,277 pos/s)
[r0] stream batch 25472/30880: 412,442,624/500,000,000 (39,156 pos/s)
[r1] stream batch 25552/30880: 413,737,984/500,000,000 (39,279 pos/s)
[r1] stream batch 25568/30880: 413,997,056/500,000,000 (39,283 pos/s)
[r0] stream batch 25488/30880: 412,701,696/500,000,000 (39,156 pos/s)
[r1] stream batch 25584/30880: 414,256,128/500,000,000 (39,286 pos/s)
[r0] stream batch 25504/30880: 412,960,768/500,000,000 (39,157 pos/s)
[r1] stream batch 25600/30880: 414,515,200/500,000,000 (39,288 pos/s)
[r0] stream batch 25520/30880: 413,219,840/500,000,000 (39,158 pos/s)
[r1] stream batch 25616/30880: 414,774,272/500,000,000 (39,288 pos/s)
[r0] stream batch 25536/30880: 413,478,912/500,000,000 (39,158 pos/s)
[r1] stream batch 25632/30880: 415,033,344/500,000,000 (39,289 pos/s)
[r0] stream batch 25552/30880: 413,737,984/500,000,000 (39,161 pos/s)
[r1] stream batch 25648/30880: 415,292,416/500,000,000 (39,289 pos/s)
[r0] stream batch 25568/30880: 413,997,056/500,000,000 (39,164 pos/s)
[r0] stream batch 25584/30880: 414,256,128/500,000,000 (39,167 pos/s)
[r1] stream batch 25664/30880: 415,551,488/500,000,000 (39,289 pos/s)
[r0] stream batch 25600/30880: 414,515,200/500,000,000 (39,169 pos/s)
[r1] stream batch 25680/30880: 415,810,560/500,000,000 (39,289 pos/s)
[r0] stream batch 25616/30880: 414,774,272/500,000,000 (39,169 pos/s)
[r1] stream batch 25696/30880: 416,069,632/500,000,000 (39,290 pos/s)
[r0] stream batch 25632/30880: 415,033,344/500,000,000 (39,169 pos/s)
[r1] stream batch 25712/30880: 416,328,704/500,000,000 (39,290 pos/s)
[r0] stream batch 25648/30880: 415,292,416/500,000,000 (39,169 pos/s)
[r1] stream batch 25728/30880: 416,587,776/500,000,000 (39,291 pos/s)
[r0] stream batch 25664/30880: 415,551,488/500,000,000 (39,170 pos/s)
[r1] stream batch 25744/30880: 416,846,848/500,000,000 (39,291 pos/s)
[r0] stream batch 25680/30880: 415,810,560/500,000,000 (39,170 pos/s)
[r1] stream batch 25760/30880: 417,105,920/500,000,000 (39,291 pos/s)
[r0] stream batch 25696/30880: 416,069,632/500,000,000 (39,171 pos/s)
[r1] stream batch 25776/30880: 417,364,992/500,000,000 (39,290 pos/s)
[r0] stream batch 25712/30880: 416,328,704/500,000,000 (39,171 pos/s)
[r1] stream batch 25792/30880: 417,624,064/500,000,000 (39,291 pos/s)
[r0] stream batch 25728/30880: 416,587,776/500,000,000 (39,171 pos/s)
[r1] stream batch 25808/30880: 417,883,136/500,000,000 (39,291 pos/s)
[r0] stream batch 25744/30880: 416,846,848/500,000,000 (39,171 pos/s)
[r1] stream batch 25824/30880: 418,142,208/500,000,000 (39,291 pos/s)
[r0] stream batch 25760/30880: 417,105,920/500,000,000 (39,171 pos/s)
[r1] stream batch 25840/30880: 418,401,280/500,000,000 (39,291 pos/s)
[r1] stream batch 25856/30880: 418,660,352/500,000,000 (39,293 pos/s)
[r0] stream batch 25776/30880: 417,364,992/500,000,000 (39,170 pos/s)
[r0] stream batch 25792/30880: 417,624,064/500,000,000 (39,171 pos/s)
[r1] stream batch 25872/30880: 418,919,424/500,000,000 (39,293 pos/s)
[r0] stream batch 25808/30880: 417,883,136/500,000,000 (39,171 pos/s)
[r1] stream batch 25888/30880: 419,178,496/500,000,000 (39,293 pos/s)
[r0] stream batch 25824/30880: 418,142,208/500,000,000 (39,172 pos/s)
[r1] stream batch 25904/30880: 419,437,568/500,000,000 (39,294 pos/s)
[r1] stream batch 25920/30880: 419,696,640/500,000,000 (39,294 pos/s)
[r0] stream batch 25840/30880: 418,401,280/500,000,000 (39,172 pos/s)
[r0] stream batch 25856/30880: 418,660,352/500,000,000 (39,174 pos/s)
[r1] stream batch 25936/30880: 419,955,712/500,000,000 (39,295 pos/s)
[r0] stream batch 25872/30880: 418,919,424/500,000,000 (39,174 pos/s)
[r1] stream batch 25952/30880: 420,214,784/500,000,000 (39,295 pos/s)
[r0] stream batch 25888/30880: 419,178,496/500,000,000 (39,174 pos/s)
[r1] stream batch 25968/30880: 420,473,856/500,000,000 (39,296 pos/s)
[r0] stream batch 25904/30880: 419,437,568/500,000,000 (39,175 pos/s)
[r1] stream batch 25984/30880: 420,732,928/500,000,000 (39,296 pos/s)
[r1] stream batch 26000/30880: 420,992,000/500,000,000 (39,297 pos/s)
[r0] stream batch 25920/30880: 419,696,640/500,000,000 (39,175 pos/s)
[r1] stream batch 26016/30880: 421,251,072/500,000,000 (39,297 pos/s)
[r0] stream batch 25936/30880: 419,955,712/500,000,000 (39,175 pos/s)
[r1] stream batch 26032/30880: 421,510,144/500,000,000 (39,298 pos/s)
[r0] stream batch 25952/30880: 420,214,784/500,000,000 (39,175 pos/s)
[r1] stream batch 26048/30880: 421,769,216/500,000,000 (39,298 pos/s)
[r0] stream batch 25968/30880: 420,473,856/500,000,000 (39,175 pos/s)
[r1] stream batch 26064/30880: 422,028,288/500,000,000 (39,298 pos/s)
[r0] stream batch 25984/30880: 420,732,928/500,000,000 (39,175 pos/s)
[r1] stream batch 26080/30880: 422,287,360/500,000,000 (39,298 pos/s)
[r0] stream batch 26000/30880: 420,992,000/500,000,000 (39,176 pos/s)
[r0] stream batch 26016/30880: 421,251,072/500,000,000 (39,177 pos/s)
[r1] stream batch 26096/30880: 422,546,432/500,000,000 (39,298 pos/s)
[r0] stream batch 26032/30880: 421,510,144/500,000,000 (39,176 pos/s)
[r1] stream batch 26112/30880: 422,805,504/500,000,000 (39,297 pos/s)
[r0] stream batch 26048/30880: 421,769,216/500,000,000 (39,177 pos/s)
[r1] stream batch 26128/30880: 423,064,576/500,000,000 (39,297 pos/s)
[r0] stream batch 26064/30880: 422,028,288/500,000,000 (39,177 pos/s)
[r1] stream batch 26144/30880: 423,323,648/500,000,000 (39,297 pos/s)
[r0] stream batch 26080/30880: 422,287,360/500,000,000 (39,177 pos/s)
[r1] stream batch 26160/30880: 423,582,720/500,000,000 (39,297 pos/s)
[r0] stream batch 26096/30880: 422,546,432/500,000,000 (39,177 pos/s)
[r1] stream batch 26176/30880: 423,841,792/500,000,000 (39,298 pos/s)
[r0] stream batch 26112/30880: 422,805,504/500,000,000 (39,177 pos/s)
[r1] stream batch 26192/30880: 424,100,864/500,000,000 (39,298 pos/s)
[r1] stream batch 26208/30880: 424,359,936/500,000,000 (39,298 pos/s)
[r0] stream batch 26128/30880: 423,064,576/500,000,000 (39,177 pos/s)
[r1] stream batch 26224/30880: 424,619,008/500,000,000 (39,299 pos/s)
[r0] stream batch 26144/30880: 423,323,648/500,000,000 (39,178 pos/s)
[r1] stream batch 26240/30880: 424,878,080/500,000,000 (39,300 pos/s)
[r0] stream batch 26160/30880: 423,582,720/500,000,000 (39,178 pos/s)
[r1] stream batch 26256/30880: 425,137,152/500,000,000 (39,300 pos/s)
[r0] stream batch 26176/30880: 423,841,792/500,000,000 (39,179 pos/s)
[r0] stream batch 26192/30880: 424,100,864/500,000,000 (39,179 pos/s)
[r1] stream batch 26272/30880: 425,396,224/500,000,000 (39,300 pos/s)
[r0] stream batch 26208/30880: 424,359,936/500,000,000 (39,180 pos/s)
[r1] stream batch 26288/30880: 425,655,296/500,000,000 (39,300 pos/s)
[r0] stream batch 26224/30880: 424,619,008/500,000,000 (39,181 pos/s)
[r1] stream batch 26304/30880: 425,914,368/500,000,000 (39,300 pos/s)
[r0] stream batch 26240/30880: 424,878,080/500,000,000 (39,181 pos/s)
[r1] stream batch 26320/30880: 426,173,440/500,000,000 (39,301 pos/s)
[r0] stream batch 26256/30880: 425,137,152/500,000,000 (39,181 pos/s)
[r1] stream batch 26336/30880: 426,432,512/500,000,000 (39,301 pos/s)
[r0] stream batch 26272/30880: 425,396,224/500,000,000 (39,181 pos/s)
[r1] stream batch 26352/30880: 426,691,584/500,000,000 (39,301 pos/s)
[r0] stream batch 26288/30880: 425,655,296/500,000,000 (39,182 pos/s)
[r1] stream batch 26368/30880: 426,950,656/500,000,000 (39,301 pos/s)
[r0] stream batch 26304/30880: 425,914,368/500,000,000 (39,182 pos/s)
[r1] stream batch 26384/30880: 427,209,728/500,000,000 (39,302 pos/s)
[r0] stream batch 26320/30880: 426,173,440/500,000,000 (39,182 pos/s)
[r1] stream batch 26400/30880: 427,468,800/500,000,000 (39,302 pos/s)
[r1] stream batch 26416/30880: 427,727,872/500,000,000 (39,303 pos/s)
[r0] stream batch 26336/30880: 426,432,512/500,000,000 (39,183 pos/s)
[r1] stream batch 26432/30880: 427,986,944/500,000,000 (39,303 pos/s)
[r0] stream batch 26352/30880: 426,691,584/500,000,000 (39,183 pos/s)
[r1] stream batch 26448/30880: 428,246,016/500,000,000 (39,303 pos/s)
[r0] stream batch 26368/30880: 426,950,656/500,000,000 (39,183 pos/s)
[r1] stream batch 26464/30880: 428,505,088/500,000,000 (39,305 pos/s)
[r0] stream batch 26384/30880: 427,209,728/500,000,000 (39,183 pos/s)
[r1] stream batch 26480/30880: 428,764,160/500,000,000 (39,305 pos/s)
[r0] stream batch 26400/30880: 427,468,800/500,000,000 (39,184 pos/s)
[r1] stream batch 26496/30880: 429,023,232/500,000,000 (39,305 pos/s)
[r0] stream batch 26416/30880: 427,727,872/500,000,000 (39,184 pos/s)
[r1] stream batch 26512/30880: 429,282,304/500,000,000 (39,306 pos/s)
[r0] stream batch 26432/30880: 427,986,944/500,000,000 (39,184 pos/s)
[r1] stream batch 26528/30880: 429,541,376/500,000,000 (39,306 pos/s)
[r0] stream batch 26448/30880: 428,246,016/500,000,000 (39,185 pos/s)
[r1] stream batch 26544/30880: 429,800,448/500,000,000 (39,306 pos/s)
[r0] stream batch 26464/30880: 428,505,088/500,000,000 (39,187 pos/s)
[r1] stream batch 26560/30880: 430,059,520/500,000,000 (39,306 pos/s)
[r0] stream batch 26480/30880: 428,764,160/500,000,000 (39,187 pos/s)
[r1] stream batch 26576/30880: 430,318,592/500,000,000 (39,307 pos/s)
[r0] stream batch 26496/30880: 429,023,232/500,000,000 (39,187 pos/s)
[r1] stream batch 26592/30880: 430,577,664/500,000,000 (39,307 pos/s)
[r0] stream batch 26512/30880: 429,282,304/500,000,000 (39,187 pos/s)
[r1] stream batch 26608/30880: 430,836,736/500,000,000 (39,307 pos/s)
[r0] stream batch 26528/30880: 429,541,376/500,000,000 (39,187 pos/s)
[r1] stream batch 26624/30880: 431,095,808/500,000,000 (39,308 pos/s)
[r0] stream batch 26544/30880: 429,800,448/500,000,000 (39,187 pos/s)
[r1] stream batch 26640/30880: 431,354,880/500,000,000 (39,308 pos/s)
[r0] stream batch 26560/30880: 430,059,520/500,000,000 (39,187 pos/s)
[r1] stream batch 26656/30880: 431,613,952/500,000,000 (39,309 pos/s)
[r0] stream batch 26576/30880: 430,318,592/500,000,000 (39,188 pos/s)
[r1] stream batch 26672/30880: 431,873,024/500,000,000 (39,310 pos/s)
[r0] stream batch 26592/30880: 430,577,664/500,000,000 (39,188 pos/s)
[r1] stream batch 26688/30880: 432,132,096/500,000,000 (39,310 pos/s)
[r0] stream batch 26608/30880: 430,836,736/500,000,000 (39,188 pos/s)
[r1] stream batch 26704/30880: 432,391,168/500,000,000 (39,310 pos/s)
[r0] stream batch 26624/30880: 431,095,808/500,000,000 (39,188 pos/s)
[r1] stream batch 26720/30880: 432,650,240/500,000,000 (39,311 pos/s)
[r0] stream batch 26640/30880: 431,354,880/500,000,000 (39,189 pos/s)
[r1] stream batch 26736/30880: 432,909,312/500,000,000 (39,311 pos/s)
[r0] stream batch 26656/30880: 431,613,952/500,000,000 (39,190 pos/s)
[r1] stream batch 26752/30880: 433,168,384/500,000,000 (39,312 pos/s)
[r0] stream batch 26672/30880: 431,873,024/500,000,000 (39,190 pos/s)
[r1] stream batch 26768/30880: 433,427,456/500,000,000 (39,312 pos/s)
[r0] stream batch 26688/30880: 432,132,096/500,000,000 (39,190 pos/s)
[r1] stream batch 26784/30880: 433,686,528/500,000,000 (39,313 pos/s)
[r0] stream batch 26704/30880: 432,391,168/500,000,000 (39,190 pos/s)
[r1] stream batch 26800/30880: 433,945,600/500,000,000 (39,313 pos/s)
[r0] stream batch 26720/30880: 432,650,240/500,000,000 (39,191 pos/s)
[r1] stream batch 26816/30880: 434,204,672/500,000,000 (39,314 pos/s)
[r0] stream batch 26736/30880: 432,909,312/500,000,000 (39,191 pos/s)
[r1] stream batch 26832/30880: 434,463,744/500,000,000 (39,314 pos/s)
[r0] stream batch 26752/30880: 433,168,384/500,000,000 (39,191 pos/s)
[r1] stream batch 26848/30880: 434,722,816/500,000,000 (39,315 pos/s)
[r0] stream batch 26768/30880: 433,427,456/500,000,000 (39,192 pos/s)
[r1] stream batch 26864/30880: 434,981,888/500,000,000 (39,315 pos/s)
[r0] stream batch 26784/30880: 433,686,528/500,000,000 (39,193 pos/s)
[r1] stream batch 26880/30880: 435,240,960/500,000,000 (39,316 pos/s)
[r0] stream batch 26800/30880: 433,945,600/500,000,000 (39,193 pos/s)
[r1] stream batch 26896/30880: 435,500,032/500,000,000 (39,316 pos/s)
[r0] stream batch 26816/30880: 434,204,672/500,000,000 (39,193 pos/s)
[r1] stream batch 26912/30880: 435,759,104/500,000,000 (39,317 pos/s)
[r0] stream batch 26832/30880: 434,463,744/500,000,000 (39,194 pos/s)
[r1] stream batch 26928/30880: 436,018,176/500,000,000 (39,317 pos/s)
[r0] stream batch 26848/30880: 434,722,816/500,000,000 (39,195 pos/s)
[r1] stream batch 26944/30880: 436,277,248/500,000,000 (39,318 pos/s)
[r0] stream batch 26864/30880: 434,981,888/500,000,000 (39,195 pos/s)
[r1] stream batch 26960/30880: 436,536,320/500,000,000 (39,318 pos/s)
[r0] stream batch 26880/30880: 435,240,960/500,000,000 (39,195 pos/s)
[r1] stream batch 26976/30880: 436,795,392/500,000,000 (39,319 pos/s)
[r0] stream batch 26896/30880: 435,500,032/500,000,000 (39,196 pos/s)
[r1] stream batch 26992/30880: 437,054,464/500,000,000 (39,319 pos/s)
[r0] stream batch 26912/30880: 435,759,104/500,000,000 (39,196 pos/s)
[r1] stream batch 27008/30880: 437,313,536/500,000,000 (39,319 pos/s)
[r0] stream batch 26928/30880: 436,018,176/500,000,000 (39,197 pos/s)
[r1] stream batch 27024/30880: 437,572,608/500,000,000 (39,319 pos/s)
[r0] stream batch 26944/30880: 436,277,248/500,000,000 (39,197 pos/s)
[r1] stream batch 27040/30880: 437,831,680/500,000,000 (39,320 pos/s)
[r0] stream batch 26960/30880: 436,536,320/500,000,000 (39,197 pos/s)
[r1] stream batch 27056/30880: 438,090,752/500,000,000 (39,320 pos/s)
[r0] stream batch 26976/30880: 436,795,392/500,000,000 (39,197 pos/s)
[r1] stream batch 27072/30880: 438,349,824/500,000,000 (39,320 pos/s)
[r0] stream batch 26992/30880: 437,054,464/500,000,000 (39,198 pos/s)
[r1] stream batch 27088/30880: 438,608,896/500,000,000 (39,320 pos/s)
[r0] stream batch 27008/30880: 437,313,536/500,000,000 (39,198 pos/s)
[r1] stream batch 27104/30880: 438,867,968/500,000,000 (39,320 pos/s)
[r0] stream batch 27024/30880: 437,572,608/500,000,000 (39,198 pos/s)
[r1] stream batch 27120/30880: 439,127,040/500,000,000 (39,320 pos/s)
[r0] stream batch 27040/30880: 437,831,680/500,000,000 (39,198 pos/s)
[r1] stream batch 27136/30880: 439,386,112/500,000,000 (39,320 pos/s)
[r0] stream batch 27056/30880: 438,090,752/500,000,000 (39,199 pos/s)
[r1] stream batch 27152/30880: 439,645,184/500,000,000 (39,320 pos/s)
[r0] stream batch 27072/30880: 438,349,824/500,000,000 (39,199 pos/s)
[r1] stream batch 27168/30880: 439,904,256/500,000,000 (39,320 pos/s)
[r0] stream batch 27088/30880: 438,608,896/500,000,000 (39,199 pos/s)
[r1] stream batch 27184/30880: 440,163,328/500,000,000 (39,321 pos/s)
[r0] stream batch 27104/30880: 438,867,968/500,000,000 (39,199 pos/s)
[r1] stream batch 27200/30880: 440,422,400/500,000,000 (39,322 pos/s)
[r0] stream batch 27120/30880: 439,127,040/500,000,000 (39,199 pos/s)
[r1] stream batch 27216/30880: 440,681,472/500,000,000 (39,323 pos/s)
[r0] stream batch 27136/30880: 439,386,112/500,000,000 (39,199 pos/s)
[r1] stream batch 27232/30880: 440,940,544/500,000,000 (39,323 pos/s)
[r0] stream batch 27152/30880: 439,645,184/500,000,000 (39,199 pos/s)
[r1] stream batch 27248/30880: 441,199,616/500,000,000 (39,323 pos/s)
[r0] stream batch 27168/30880: 439,904,256/500,000,000 (39,199 pos/s)
[r1] stream batch 27264/30880: 441,458,688/500,000,000 (39,324 pos/s)
[r0] stream batch 27184/30880: 440,163,328/500,000,000 (39,199 pos/s)
[r1] stream batch 27280/30880: 441,717,760/500,000,000 (39,324 pos/s)
[r0] stream batch 27200/30880: 440,422,400/500,000,000 (39,200 pos/s)
[r1] stream batch 27296/30880: 441,976,832/500,000,000 (39,324 pos/s)
[r0] stream batch 27216/30880: 440,681,472/500,000,000 (39,201 pos/s)
[r1] stream batch 27312/30880: 442,235,904/500,000,000 (39,325 pos/s)
[r0] stream batch 27232/30880: 440,940,544/500,000,000 (39,201 pos/s)
[r1] stream batch 27328/30880: 442,494,976/500,000,000 (39,325 pos/s)
[r0] stream batch 27248/30880: 441,199,616/500,000,000 (39,202 pos/s)
[r1] stream batch 27344/30880: 442,754,048/500,000,000 (39,326 pos/s)
[r0] stream batch 27264/30880: 441,458,688/500,000,000 (39,202 pos/s)
[r1] stream batch 27360/30880: 443,013,120/500,000,000 (39,327 pos/s)
[r0] stream batch 27280/30880: 441,717,760/500,000,000 (39,203 pos/s)
[r1] stream batch 27376/30880: 443,272,192/500,000,000 (39,327 pos/s)
[r0] stream batch 27296/30880: 441,976,832/500,000,000 (39,203 pos/s)
[r1] stream batch 27392/30880: 443,531,264/500,000,000 (39,327 pos/s)
[r0] stream batch 27312/30880: 442,235,904/500,000,000 (39,204 pos/s)
[r1] stream batch 27408/30880: 443,790,336/500,000,000 (39,328 pos/s)
[r0] stream batch 27328/30880: 442,494,976/500,000,000 (39,204 pos/s)
[r1] stream batch 27424/30880: 444,049,408/500,000,000 (39,328 pos/s)
[r0] stream batch 27344/30880: 442,754,048/500,000,000 (39,205 pos/s)
[r1] stream batch 27440/30880: 444,308,480/500,000,000 (39,328 pos/s)
[r0] stream batch 27360/30880: 443,013,120/500,000,000 (39,205 pos/s)
[r1] stream batch 27456/30880: 444,567,552/500,000,000 (39,328 pos/s)
[r0] stream batch 27376/30880: 443,272,192/500,000,000 (39,205 pos/s)
[r1] stream batch 27472/30880: 444,826,624/500,000,000 (39,328 pos/s)
[r0] stream batch 27392/30880: 443,531,264/500,000,000 (39,205 pos/s)
[r1] stream batch 27488/30880: 445,085,696/500,000,000 (39,329 pos/s)
[r0] stream batch 27408/30880: 443,790,336/500,000,000 (39,205 pos/s)
[r1] stream batch 27504/30880: 445,344,768/500,000,000 (39,329 pos/s)
[r0] stream batch 27424/30880: 444,049,408/500,000,000 (39,206 pos/s)
[r1] stream batch 27520/30880: 445,603,840/500,000,000 (39,330 pos/s)
[r0] stream batch 27440/30880: 444,308,480/500,000,000 (39,206 pos/s)
[r1] stream batch 27536/30880: 445,862,912/500,000,000 (39,329 pos/s)
[r0] stream batch 27456/30880: 444,567,552/500,000,000 (39,205 pos/s)
[r1] stream batch 27552/30880: 446,121,984/500,000,000 (39,328 pos/s)
[r0] stream batch 27472/30880: 444,826,624/500,000,000 (39,205 pos/s)
[r1] stream batch 27568/30880: 446,381,056/500,000,000 (39,329 pos/s)
[r0] stream batch 27488/30880: 445,085,696/500,000,000 (39,205 pos/s)
[r1] stream batch 27584/30880: 446,640,128/500,000,000 (39,329 pos/s)
[r0] stream batch 27504/30880: 445,344,768/500,000,000 (39,205 pos/s)
[r1] stream batch 27600/30880: 446,899,200/500,000,000 (39,328 pos/s)
[r0] stream batch 27520/30880: 445,603,840/500,000,000 (39,206 pos/s)
[r1] stream batch 27616/30880: 447,158,272/500,000,000 (39,328 pos/s)
[r0] stream batch 27536/30880: 445,862,912/500,000,000 (39,206 pos/s)
[r1] stream batch 27632/30880: 447,417,344/500,000,000 (39,329 pos/s)
[r0] stream batch 27552/30880: 446,121,984/500,000,000 (39,205 pos/s)
[r1] stream batch 27648/30880: 447,676,416/500,000,000 (39,329 pos/s)
[r0] stream batch 27568/30880: 446,381,056/500,000,000 (39,206 pos/s)
[r1] stream batch 27664/30880: 447,935,488/500,000,000 (39,329 pos/s)
[r0] stream batch 27584/30880: 446,640,128/500,000,000 (39,206 pos/s)
[r1] stream batch 27680/30880: 448,194,560/500,000,000 (39,329 pos/s)
[r0] stream batch 27600/30880: 446,899,200/500,000,000 (39,206 pos/s)
[r1] stream batch 27696/30880: 448,453,632/500,000,000 (39,330 pos/s)
[r0] stream batch 27616/30880: 447,158,272/500,000,000 (39,207 pos/s)
[r1] stream batch 27712/30880: 448,712,704/500,000,000 (39,330 pos/s)
[r0] stream batch 27632/30880: 447,417,344/500,000,000 (39,206 pos/s)
[r1] stream batch 27728/30880: 448,971,776/500,000,000 (39,330 pos/s)
[r0] stream batch 27648/30880: 447,676,416/500,000,000 (39,206 pos/s)
[r1] stream batch 27744/30880: 449,230,848/500,000,000 (39,331 pos/s)
[r0] stream batch 27664/30880: 447,935,488/500,000,000 (39,206 pos/s)
[r1] stream batch 27760/30880: 449,489,920/500,000,000 (39,331 pos/s)
[r0] stream batch 27680/30880: 448,194,560/500,000,000 (39,206 pos/s)
[r1] stream batch 27776/30880: 449,748,992/500,000,000 (39,332 pos/s)
[r0] stream batch 27696/30880: 448,453,632/500,000,000 (39,206 pos/s)
[r1] stream batch 27792/30880: 450,008,064/500,000,000 (39,332 pos/s)
[r0] stream batch 27712/30880: 448,712,704/500,000,000 (39,207 pos/s)
[r1] stream batch 27808/30880: 450,267,136/500,000,000 (39,332 pos/s)
[r0] stream batch 27728/30880: 448,971,776/500,000,000 (39,207 pos/s)
[r1] stream batch 27824/30880: 450,526,208/500,000,000 (39,333 pos/s)
[r0] stream batch 27744/30880: 449,230,848/500,000,000 (39,207 pos/s)
[r1] stream batch 27840/30880: 450,785,280/500,000,000 (39,333 pos/s)
[r0] stream batch 27760/30880: 449,489,920/500,000,000 (39,207 pos/s)
[r1] stream batch 27856/30880: 451,044,352/500,000,000 (39,334 pos/s)
[r0] stream batch 27776/30880: 449,748,992/500,000,000 (39,209 pos/s)
[r1] stream batch 27872/30880: 451,303,424/500,000,000 (39,334 pos/s)
[r0] stream batch 27792/30880: 450,008,064/500,000,000 (39,209 pos/s)
[r1] stream batch 27888/30880: 451,562,496/500,000,000 (39,334 pos/s)
[r0] stream batch 27808/30880: 450,267,136/500,000,000 (39,209 pos/s)
[r1] stream batch 27904/30880: 451,821,568/500,000,000 (39,335 pos/s)
[r0] stream batch 27824/30880: 450,526,208/500,000,000 (39,210 pos/s)
[r1] stream batch 27920/30880: 452,080,640/500,000,000 (39,335 pos/s)
[r0] stream batch 27840/30880: 450,785,280/500,000,000 (39,210 pos/s)
[r1] stream batch 27936/30880: 452,339,712/500,000,000 (39,335 pos/s)
[r0] stream batch 27856/30880: 451,044,352/500,000,000 (39,211 pos/s)
[r1] stream batch 27952/30880: 452,598,784/500,000,000 (39,335 pos/s)
[r0] stream batch 27872/30880: 451,303,424/500,000,000 (39,212 pos/s)
[r1] stream batch 27968/30880: 452,857,856/500,000,000 (39,337 pos/s)
[r0] stream batch 27888/30880: 451,562,496/500,000,000 (39,212 pos/s)
[r1] stream batch 27984/30880: 453,116,928/500,000,000 (39,337 pos/s)
[r0] stream batch 27904/30880: 451,821,568/500,000,000 (39,212 pos/s)
[r1] stream batch 28000/30880: 453,376,000/500,000,000 (39,338 pos/s)
[r0] stream batch 27920/30880: 452,080,640/500,000,000 (39,212 pos/s)
[r1] stream batch 28016/30880: 453,635,072/500,000,000 (39,338 pos/s)
[r0] stream batch 27936/30880: 452,339,712/500,000,000 (39,212 pos/s)
[r1] stream batch 28032/30880: 453,894,144/500,000,000 (39,338 pos/s)
[r0] stream batch 27952/30880: 452,598,784/500,000,000 (39,213 pos/s)
[r1] stream batch 28048/30880: 454,153,216/500,000,000 (39,338 pos/s)
[r0] stream batch 27968/30880: 452,857,856/500,000,000 (39,214 pos/s)
[r1] stream batch 28064/30880: 454,412,288/500,000,000 (39,338 pos/s)
[r0] stream batch 27984/30880: 453,116,928/500,000,000 (39,214 pos/s)
[r1] stream batch 28080/30880: 454,671,360/500,000,000 (39,339 pos/s)
[r0] stream batch 28000/30880: 453,376,000/500,000,000 (39,215 pos/s)
[r1] stream batch 28096/30880: 454,930,432/500,000,000 (39,339 pos/s)
[r0] stream batch 28016/30880: 453,635,072/500,000,000 (39,215 pos/s)
[r1] stream batch 28112/30880: 455,189,504/500,000,000 (39,339 pos/s)
[r0] stream batch 28032/30880: 453,894,144/500,000,000 (39,214 pos/s)
[r1] stream batch 28128/30880: 455,448,576/500,000,000 (39,339 pos/s)
[r0] stream batch 28048/30880: 454,153,216/500,000,000 (39,215 pos/s)
[r1] stream batch 28144/30880: 455,707,648/500,000,000 (39,340 pos/s)
[r0] stream batch 28064/30880: 454,412,288/500,000,000 (39,215 pos/s)
[r1] stream batch 28160/30880: 455,966,720/500,000,000 (39,340 pos/s)
[r0] stream batch 28080/30880: 454,671,360/500,000,000 (39,215 pos/s)
[r1] stream batch 28176/30880: 456,225,792/500,000,000 (39,341 pos/s)
[r0] stream batch 28096/30880: 454,930,432/500,000,000 (39,215 pos/s)
[r1] stream batch 28192/30880: 456,484,864/500,000,000 (39,341 pos/s)
[r0] stream batch 28112/30880: 455,189,504/500,000,000 (39,215 pos/s)
[r1] stream batch 28208/30880: 456,743,936/500,000,000 (39,342 pos/s)
[r0] stream batch 28128/30880: 455,448,576/500,000,000 (39,216 pos/s)
[r1] stream batch 28224/30880: 457,003,008/500,000,000 (39,342 pos/s)
[r0] stream batch 28144/30880: 455,707,648/500,000,000 (39,216 pos/s)
[r1] stream batch 28240/30880: 457,262,080/500,000,000 (39,342 pos/s)
[r0] stream batch 28160/30880: 455,966,720/500,000,000 (39,217 pos/s)
[r1] stream batch 28256/30880: 457,521,152/500,000,000 (39,342 pos/s)
[r0] stream batch 28176/30880: 456,225,792/500,000,000 (39,217 pos/s)
[r1] stream batch 28272/30880: 457,780,224/500,000,000 (39,342 pos/s)
[r0] stream batch 28192/30880: 456,484,864/500,000,000 (39,218 pos/s)
[r1] stream batch 28288/30880: 458,039,296/500,000,000 (39,342 pos/s)
[r0] stream batch 28208/30880: 456,743,936/500,000,000 (39,218 pos/s)
[r1] stream batch 28304/30880: 458,298,368/500,000,000 (39,342 pos/s)
[r0] stream batch 28224/30880: 457,003,008/500,000,000 (39,218 pos/s)
[r1] stream batch 28320/30880: 458,557,440/500,000,000 (39,342 pos/s)
[r0] stream batch 28240/30880: 457,262,080/500,000,000 (39,218 pos/s)
[r1] stream batch 28336/30880: 458,816,512/500,000,000 (39,343 pos/s)
[r0] stream batch 28256/30880: 457,521,152/500,000,000 (39,218 pos/s)
[r1] stream batch 28352/30880: 459,075,584/500,000,000 (39,343 pos/s)
[r0] stream batch 28272/30880: 457,780,224/500,000,000 (39,218 pos/s)
[r1] stream batch 28368/30880: 459,334,656/500,000,000 (39,344 pos/s)
[r0] stream batch 28288/30880: 458,039,296/500,000,000 (39,218 pos/s)
[r1] stream batch 28384/30880: 459,593,728/500,000,000 (39,344 pos/s)
[r0] stream batch 28304/30880: 458,298,368/500,000,000 (39,218 pos/s)
[r1] stream batch 28400/30880: 459,852,800/500,000,000 (39,343 pos/s)
[r0] stream batch 28320/30880: 458,557,440/500,000,000 (39,217 pos/s)
[r1] stream batch 28416/30880: 460,111,872/500,000,000 (39,343 pos/s)
[r0] stream batch 28336/30880: 458,816,512/500,000,000 (39,217 pos/s)
[r1] stream batch 28432/30880: 460,370,944/500,000,000 (39,343 pos/s)
[r0] stream batch 28352/30880: 459,075,584/500,000,000 (39,218 pos/s)
[r1] stream batch 28448/30880: 460,630,016/500,000,000 (39,342 pos/s)
[r0] stream batch 28368/30880: 459,334,656/500,000,000 (39,218 pos/s)
[r1] stream batch 28464/30880: 460,889,088/500,000,000 (39,343 pos/s)
[r0] stream batch 28384/30880: 459,593,728/500,000,000 (39,218 pos/s)
[r1] stream batch 28480/30880: 461,148,160/500,000,000 (39,343 pos/s)
[r0] stream batch 28400/30880: 459,852,800/500,000,000 (39,218 pos/s)
[r1] stream batch 28496/30880: 461,407,232/500,000,000 (39,343 pos/s)
[r0] stream batch 28416/30880: 460,111,872/500,000,000 (39,218 pos/s)
[r1] stream batch 28512/30880: 461,666,304/500,000,000 (39,344 pos/s)
[r0] stream batch 28432/30880: 460,370,944/500,000,000 (39,219 pos/s)
[r1] stream batch 28528/30880: 461,925,376/500,000,000 (39,344 pos/s)
[r0] stream batch 28448/30880: 460,630,016/500,000,000 (39,218 pos/s)
[r1] stream batch 28544/30880: 462,184,448/500,000,000 (39,344 pos/s)
[r0] stream batch 28464/30880: 460,889,088/500,000,000 (39,218 pos/s)
[r1] stream batch 28560/30880: 462,443,520/500,000,000 (39,345 pos/s)
[r0] stream batch 28480/30880: 461,148,160/500,000,000 (39,219 pos/s)
[r1] stream batch 28576/30880: 462,702,592/500,000,000 (39,345 pos/s)
[r0] stream batch 28496/30880: 461,407,232/500,000,000 (39,219 pos/s)
[r1] stream batch 28592/30880: 462,961,664/500,000,000 (39,345 pos/s)
[r0] stream batch 28512/30880: 461,666,304/500,000,000 (39,220 pos/s)
[r1] stream batch 28608/30880: 463,220,736/500,000,000 (39,346 pos/s)
[r0] stream batch 28528/30880: 461,925,376/500,000,000 (39,220 pos/s)
[r1] stream batch 28624/30880: 463,479,808/500,000,000 (39,346 pos/s)
[r0] stream batch 28544/30880: 462,184,448/500,000,000 (39,220 pos/s)
[r1] stream batch 28640/30880: 463,738,880/500,000,000 (39,346 pos/s)
[r0] stream batch 28560/30880: 462,443,520/500,000,000 (39,221 pos/s)
[r1] stream batch 28656/30880: 463,997,952/500,000,000 (39,346 pos/s)
[r0] stream batch 28576/30880: 462,702,592/500,000,000 (39,221 pos/s)
[r1] stream batch 28672/30880: 464,257,024/500,000,000 (39,346 pos/s)
[r0] stream batch 28592/30880: 462,961,664/500,000,000 (39,221 pos/s)
[r1] stream batch 28688/30880: 464,516,096/500,000,000 (39,346 pos/s)
[r0] stream batch 28608/30880: 463,220,736/500,000,000 (39,222 pos/s)
[r1] stream batch 28704/30880: 464,775,168/500,000,000 (39,346 pos/s)
[r0] stream batch 28624/30880: 463,479,808/500,000,000 (39,222 pos/s)
[r1] stream batch 28720/30880: 465,034,240/500,000,000 (39,347 pos/s)
[r0] stream batch 28640/30880: 463,738,880/500,000,000 (39,222 pos/s)
[r1] stream batch 28736/30880: 465,293,312/500,000,000 (39,347 pos/s)
[r0] stream batch 28656/30880: 463,997,952/500,000,000 (39,223 pos/s)
[r1] stream batch 28752/30880: 465,552,384/500,000,000 (39,347 pos/s)
[r0] stream batch 28672/30880: 464,257,024/500,000,000 (39,223 pos/s)
[r1] stream batch 28768/30880: 465,811,456/500,000,000 (39,347 pos/s)
[r0] stream batch 28688/30880: 464,516,096/500,000,000 (39,223 pos/s)
[r1] stream batch 28784/30880: 466,070,528/500,000,000 (39,347 pos/s)
[r0] stream batch 28704/30880: 464,775,168/500,000,000 (39,224 pos/s)
[r1] stream batch 28800/30880: 466,329,600/500,000,000 (39,348 pos/s)
[r0] stream batch 28720/30880: 465,034,240/500,000,000 (39,224 pos/s)
[r1] stream batch 28816/30880: 466,588,672/500,000,000 (39,348 pos/s)
[r0] stream batch 28736/30880: 465,293,312/500,000,000 (39,224 pos/s)
[r1] stream batch 28832/30880: 466,847,744/500,000,000 (39,348 pos/s)
[r0] stream batch 28752/30880: 465,552,384/500,000,000 (39,224 pos/s)
[r1] stream batch 28848/30880: 467,106,816/500,000,000 (39,348 pos/s)
[r0] stream batch 28768/30880: 465,811,456/500,000,000 (39,224 pos/s)
[r1] stream batch 28864/30880: 467,365,888/500,000,000 (39,348 pos/s)
[r0] stream batch 28784/30880: 466,070,528/500,000,000 (39,225 pos/s)
[r1] stream batch 28880/30880: 467,624,960/500,000,000 (39,348 pos/s)
[r0] stream batch 28800/30880: 466,329,600/500,000,000 (39,225 pos/s)
[r1] stream batch 28896/30880: 467,884,032/500,000,000 (39,349 pos/s)
[r0] stream batch 28816/30880: 466,588,672/500,000,000 (39,225 pos/s)
[r1] stream batch 28912/30880: 468,143,104/500,000,000 (39,349 pos/s)
[r0] stream batch 28832/30880: 466,847,744/500,000,000 (39,225 pos/s)
[r1] stream batch 28928/30880: 468,402,176/500,000,000 (39,349 pos/s)
[r0] stream batch 28848/30880: 467,106,816/500,000,000 (39,226 pos/s)
[r1] stream batch 28944/30880: 468,661,248/500,000,000 (39,350 pos/s)
[r0] stream batch 28864/30880: 467,365,888/500,000,000 (39,226 pos/s)
[r1] stream batch 28960/30880: 468,920,320/500,000,000 (39,350 pos/s)
[r0] stream batch 28880/30880: 467,624,960/500,000,000 (39,226 pos/s)
[r1] stream batch 28976/30880: 469,179,392/500,000,000 (39,350 pos/s)
[r0] stream batch 28896/30880: 467,884,032/500,000,000 (39,227 pos/s)
[r1] stream batch 28992/30880: 469,438,464/500,000,000 (39,350 pos/s)
[r0] stream batch 28912/30880: 468,143,104/500,000,000 (39,228 pos/s)
[r1] stream batch 29008/30880: 469,697,536/500,000,000 (39,350 pos/s)
[r0] stream batch 28928/30880: 468,402,176/500,000,000 (39,228 pos/s)
[r1] stream batch 29024/30880: 469,956,608/500,000,000 (39,351 pos/s)
[r0] stream batch 28944/30880: 468,661,248/500,000,000 (39,228 pos/s)
[r1] stream batch 29040/30880: 470,215,680/500,000,000 (39,351 pos/s)
[r0] stream batch 28960/30880: 468,920,320/500,000,000 (39,229 pos/s)
[r1] stream batch 29056/30880: 470,474,752/500,000,000 (39,351 pos/s)
[r0] stream batch 28976/30880: 469,179,392/500,000,000 (39,229 pos/s)
[r1] stream batch 29072/30880: 470,733,824/500,000,000 (39,351 pos/s)
[r0] stream batch 28992/30880: 469,438,464/500,000,000 (39,229 pos/s)
[r1] stream batch 29088/30880: 470,992,896/500,000,000 (39,351 pos/s)
[r0] stream batch 29008/30880: 469,697,536/500,000,000 (39,229 pos/s)
[r1] stream batch 29104/30880: 471,251,968/500,000,000 (39,351 pos/s)
[r0] stream batch 29024/30880: 469,956,608/500,000,000 (39,230 pos/s)
[r1] stream batch 29120/30880: 471,511,040/500,000,000 (39,351 pos/s)
[r0] stream batch 29040/30880: 470,215,680/500,000,000 (39,230 pos/s)
[r1] stream batch 29136/30880: 471,770,112/500,000,000 (39,351 pos/s)
[r0] stream batch 29056/30880: 470,474,752/500,000,000 (39,231 pos/s)
[r1] stream batch 29152/30880: 472,029,184/500,000,000 (39,352 pos/s)
[r0] stream batch 29072/30880: 470,733,824/500,000,000 (39,231 pos/s)
[r1] stream batch 29168/30880: 472,288,256/500,000,000 (39,352 pos/s)
[r0] stream batch 29088/30880: 470,992,896/500,000,000 (39,231 pos/s)
[r1] stream batch 29184/30880: 472,547,328/500,000,000 (39,352 pos/s)
[r0] stream batch 29104/30880: 471,251,968/500,000,000 (39,231 pos/s)
[r1] stream batch 29200/30880: 472,806,400/500,000,000 (39,352 pos/s)
[r0] stream batch 29120/30880: 471,511,040/500,000,000 (39,231 pos/s)
[r1] stream batch 29216/30880: 473,065,472/500,000,000 (39,353 pos/s)
[r0] stream batch 29136/30880: 471,770,112/500,000,000 (39,231 pos/s)
[r1] stream batch 29232/30880: 473,324,544/500,000,000 (39,353 pos/s)
[r0] stream batch 29152/30880: 472,029,184/500,000,000 (39,231 pos/s)
[r1] stream batch 29248/30880: 473,583,616/500,000,000 (39,353 pos/s)
[r0] stream batch 29168/30880: 472,288,256/500,000,000 (39,231 pos/s)
[r1] stream batch 29264/30880: 473,842,688/500,000,000 (39,353 pos/s)
[r0] stream batch 29184/30880: 472,547,328/500,000,000 (39,231 pos/s)
[r1] stream batch 29280/30880: 474,101,760/500,000,000 (39,353 pos/s)
[r0] stream batch 29200/30880: 472,806,400/500,000,000 (39,231 pos/s)
[r1] stream batch 29296/30880: 474,360,832/500,000,000 (39,353 pos/s)
[r0] stream batch 29216/30880: 473,065,472/500,000,000 (39,232 pos/s)
[r1] stream batch 29312/30880: 474,619,904/500,000,000 (39,354 pos/s)
[r0] stream batch 29232/30880: 473,324,544/500,000,000 (39,232 pos/s)
[r1] stream batch 29328/30880: 474,878,976/500,000,000 (39,354 pos/s)
[r0] stream batch 29248/30880: 473,583,616/500,000,000 (39,232 pos/s)
[r1] stream batch 29344/30880: 475,138,048/500,000,000 (39,355 pos/s)
[r0] stream batch 29264/30880: 473,842,688/500,000,000 (39,233 pos/s)
[r1] stream batch 29360/30880: 475,397,120/500,000,000 (39,355 pos/s)
[r0] stream batch 29280/30880: 474,101,760/500,000,000 (39,233 pos/s)
[r1] stream batch 29376/30880: 475,656,192/500,000,000 (39,356 pos/s)
[r0] stream batch 29296/30880: 474,360,832/500,000,000 (39,233 pos/s)
[r1] stream batch 29392/30880: 475,915,264/500,000,000 (39,356 pos/s)
[r0] stream batch 29312/30880: 474,619,904/500,000,000 (39,233 pos/s)
[r1] stream batch 29408/30880: 476,174,336/500,000,000 (39,356 pos/s)
[r0] stream batch 29328/30880: 474,878,976/500,000,000 (39,234 pos/s)
[r1] stream batch 29424/30880: 476,433,408/500,000,000 (39,357 pos/s)
[r0] stream batch 29344/30880: 475,138,048/500,000,000 (39,235 pos/s)
[r1] stream batch 29440/30880: 476,692,480/500,000,000 (39,357 pos/s)
[r0] stream batch 29360/30880: 475,397,120/500,000,000 (39,235 pos/s)
[r1] stream batch 29456/30880: 476,951,552/500,000,000 (39,358 pos/s)
[r0] stream batch 29376/30880: 475,656,192/500,000,000 (39,235 pos/s)
[r1] stream batch 29472/30880: 477,210,624/500,000,000 (39,358 pos/s)
[r0] stream batch 29392/30880: 475,915,264/500,000,000 (39,235 pos/s)
[r1] stream batch 29488/30880: 477,469,696/500,000,000 (39,358 pos/s)
[r0] stream batch 29408/30880: 476,174,336/500,000,000 (39,236 pos/s)
[r1] stream batch 29504/30880: 477,728,768/500,000,000 (39,358 pos/s)
[r0] stream batch 29424/30880: 476,433,408/500,000,000 (39,237 pos/s)
[r1] stream batch 29520/30880: 477,987,840/500,000,000 (39,358 pos/s)
[r0] stream batch 29440/30880: 476,692,480/500,000,000 (39,237 pos/s)
[r1] stream batch 29536/30880: 478,246,912/500,000,000 (39,358 pos/s)
[r0] stream batch 29456/30880: 476,951,552/500,000,000 (39,237 pos/s)
[r1] stream batch 29552/30880: 478,505,984/500,000,000 (39,359 pos/s)
[r0] stream batch 29472/30880: 477,210,624/500,000,000 (39,237 pos/s)
[r1] stream batch 29568/30880: 478,765,056/500,000,000 (39,359 pos/s)
[r0] stream batch 29488/30880: 477,469,696/500,000,000 (39,238 pos/s)
[r1] stream batch 29584/30880: 479,024,128/500,000,000 (39,359 pos/s)
[r0] stream batch 29504/30880: 477,728,768/500,000,000 (39,237 pos/s)
[r1] stream batch 29600/30880: 479,283,200/500,000,000 (39,359 pos/s)
[r0] stream batch 29520/30880: 477,987,840/500,000,000 (39,237 pos/s)
[r1] stream batch 29616/30880: 479,542,272/500,000,000 (39,359 pos/s)
[r0] stream batch 29536/30880: 478,246,912/500,000,000 (39,237 pos/s)
[r1] stream batch 29632/30880: 479,801,344/500,000,000 (39,360 pos/s)
[r0] stream batch 29552/30880: 478,505,984/500,000,000 (39,237 pos/s)
[r1] stream batch 29648/30880: 480,060,416/500,000,000 (39,360 pos/s)
[r0] stream batch 29568/30880: 478,765,056/500,000,000 (39,237 pos/s)
[r1] stream batch 29664/30880: 480,319,488/500,000,000 (39,360 pos/s)
[r0] stream batch 29584/30880: 479,024,128/500,000,000 (39,237 pos/s)
[r1] stream batch 29680/30880: 480,578,560/500,000,000 (39,361 pos/s)
[r0] stream batch 29600/30880: 479,283,200/500,000,000 (39,238 pos/s)
[r1] stream batch 29696/30880: 480,837,632/500,000,000 (39,360 pos/s)
[r0] stream batch 29616/30880: 479,542,272/500,000,000 (39,237 pos/s)
[r1] stream batch 29712/30880: 481,096,704/500,000,000 (39,360 pos/s)
[r0] stream batch 29632/30880: 479,801,344/500,000,000 (39,237 pos/s)
[r1] stream batch 29728/30880: 481,355,776/500,000,000 (39,360 pos/s)
[r0] stream batch 29648/30880: 480,060,416/500,000,000 (39,237 pos/s)
[r1] stream batch 29744/30880: 481,614,848/500,000,000 (39,361 pos/s)
[r0] stream batch 29664/30880: 480,319,488/500,000,000 (39,237 pos/s)
[r1] stream batch 29760/30880: 481,873,920/500,000,000 (39,361 pos/s)
[r0] stream batch 29680/30880: 480,578,560/500,000,000 (39,238 pos/s)
[r1] stream batch 29776/30880: 482,132,992/500,000,000 (39,361 pos/s)
[r0] stream batch 29696/30880: 480,837,632/500,000,000 (39,238 pos/s)
[r1] stream batch 29792/30880: 482,392,064/500,000,000 (39,361 pos/s)
[r0] stream batch 29712/30880: 481,096,704/500,000,000 (39,238 pos/s)
[r1] stream batch 29808/30880: 482,651,136/500,000,000 (39,362 pos/s)
[r0] stream batch 29728/30880: 481,355,776/500,000,000 (39,238 pos/s)
[r1] stream batch 29824/30880: 482,910,208/500,000,000 (39,362 pos/s)
[r0] stream batch 29744/30880: 481,614,848/500,000,000 (39,239 pos/s)
[r1] stream batch 29840/30880: 483,169,280/500,000,000 (39,363 pos/s)
[r0] stream batch 29760/30880: 481,873,920/500,000,000 (39,239 pos/s)
[r1] stream batch 29856/30880: 483,428,352/500,000,000 (39,363 pos/s)
[r0] stream batch 29776/30880: 482,132,992/500,000,000 (39,238 pos/s)
[r1] stream batch 29872/30880: 483,687,424/500,000,000 (39,364 pos/s)
[r0] stream batch 29792/30880: 482,392,064/500,000,000 (39,239 pos/s)
[r1] stream batch 29888/30880: 483,946,496/500,000,000 (39,364 pos/s)
[r0] stream batch 29808/30880: 482,651,136/500,000,000 (39,239 pos/s)
[r1] stream batch 29904/30880: 484,205,568/500,000,000 (39,364 pos/s)
[r0] stream batch 29824/30880: 482,910,208/500,000,000 (39,239 pos/s)
[r1] stream batch 29920/30880: 484,464,640/500,000,000 (39,364 pos/s)
[r0] stream batch 29840/30880: 483,169,280/500,000,000 (39,240 pos/s)
[r1] stream batch 29936/30880: 484,723,712/500,000,000 (39,365 pos/s)
[r0] stream batch 29856/30880: 483,428,352/500,000,000 (39,240 pos/s)
[r1] stream batch 29952/30880: 484,982,784/500,000,000 (39,365 pos/s)
[r0] stream batch 29872/30880: 483,687,424/500,000,000 (39,240 pos/s)
[r1] stream batch 29968/30880: 485,241,856/500,000,000 (39,365 pos/s)
[r0] stream batch 29888/30880: 483,946,496/500,000,000 (39,241 pos/s)
[r1] stream batch 29984/30880: 485,500,928/500,000,000 (39,365 pos/s)
[r0] stream batch 29904/30880: 484,205,568/500,000,000 (39,241 pos/s)
[r1] stream batch 30000/30880: 485,760,000/500,000,000 (39,366 pos/s)
[r0] stream batch 29920/30880: 484,464,640/500,000,000 (39,241 pos/s)
[r1] stream batch 30016/30880: 486,019,072/500,000,000 (39,366 pos/s)
[r0] stream batch 29936/30880: 484,723,712/500,000,000 (39,242 pos/s)
[r1] stream batch 30032/30880: 486,278,144/500,000,000 (39,366 pos/s)
[r0] stream batch 29952/30880: 484,982,784/500,000,000 (39,242 pos/s)
[r1] stream batch 30048/30880: 486,537,216/500,000,000 (39,367 pos/s)
[r0] stream batch 29968/30880: 485,241,856/500,000,000 (39,243 pos/s)
[r1] stream batch 30064/30880: 486,796,288/500,000,000 (39,367 pos/s)
[r0] stream batch 29984/30880: 485,500,928/500,000,000 (39,242 pos/s)
[r1] stream batch 30080/30880: 487,055,360/500,000,000 (39,367 pos/s)
[r0] stream batch 30000/30880: 485,760,000/500,000,000 (39,242 pos/s)
[r1] stream batch 30096/30880: 487,314,432/500,000,000 (39,368 pos/s)
[r0] stream batch 30016/30880: 486,019,072/500,000,000 (39,243 pos/s)
[r1] stream batch 30112/30880: 487,573,504/500,000,000 (39,368 pos/s)
[r0] stream batch 30032/30880: 486,278,144/500,000,000 (39,243 pos/s)
[r1] stream batch 30128/30880: 487,832,576/500,000,000 (39,368 pos/s)
[r0] stream batch 30048/30880: 486,537,216/500,000,000 (39,243 pos/s)
[r1] stream batch 30144/30880: 488,091,648/500,000,000 (39,368 pos/s)
[r0] stream batch 30064/30880: 486,796,288/500,000,000 (39,243 pos/s)
[r1] stream batch 30160/30880: 488,350,720/500,000,000 (39,369 pos/s)
[r0] stream batch 30080/30880: 487,055,360/500,000,000 (39,243 pos/s)
[r1] stream batch 30176/30880: 488,609,792/500,000,000 (39,369 pos/s)
[r0] stream batch 30096/30880: 487,314,432/500,000,000 (39,243 pos/s)
[r1] stream batch 30192/30880: 488,868,864/500,000,000 (39,369 pos/s)
[r0] stream batch 30112/30880: 487,573,504/500,000,000 (39,243 pos/s)
[r1] stream batch 30208/30880: 489,127,936/500,000,000 (39,369 pos/s)
[r1] stream batch 30224/30880: 489,387,008/500,000,000 (39,369 pos/s)
[r0] stream batch 30128/30880: 487,832,576/500,000,000 (39,243 pos/s)
[r1] stream batch 30240/30880: 489,646,080/500,000,000 (39,369 pos/s)
[r0] stream batch 30144/30880: 488,091,648/500,000,000 (39,243 pos/s)
[r0] stream batch 30160/30880: 488,350,720/500,000,000 (39,244 pos/s)
[r1] stream batch 30256/30880: 489,905,152/500,000,000 (39,369 pos/s)
[r0] stream batch 30176/30880: 488,609,792/500,000,000 (39,244 pos/s)
[r1] stream batch 30272/30880: 490,164,224/500,000,000 (39,369 pos/s)
[r0] stream batch 30192/30880: 488,868,864/500,000,000 (39,244 pos/s)
[r1] stream batch 30288/30880: 490,423,296/500,000,000 (39,369 pos/s)
[r0] stream batch 30208/30880: 489,127,936/500,000,000 (39,244 pos/s)
[r1] stream batch 30304/30880: 490,682,368/500,000,000 (39,370 pos/s)
[r0] stream batch 30224/30880: 489,387,008/500,000,000 (39,245 pos/s)
[r1] stream batch 30320/30880: 490,941,440/500,000,000 (39,370 pos/s)
[r0] stream batch 30240/30880: 489,646,080/500,000,000 (39,245 pos/s)
[r1] stream batch 30336/30880: 491,200,512/500,000,000 (39,370 pos/s)
[r0] stream batch 30256/30880: 489,905,152/500,000,000 (39,245 pos/s)
[r1] stream batch 30352/30880: 491,459,584/500,000,000 (39,370 pos/s)
[r0] stream batch 30272/30880: 490,164,224/500,000,000 (39,246 pos/s)
[r1] stream batch 30368/30880: 491,718,656/500,000,000 (39,371 pos/s)
[r1] stream batch 30384/30880: 491,977,728/500,000,000 (39,371 pos/s)
[r0] stream batch 30288/30880: 490,423,296/500,000,000 (39,246 pos/s)
[r1] stream batch 30400/30880: 492,236,800/500,000,000 (39,371 pos/s)
[r0] stream batch 30304/30880: 490,682,368/500,000,000 (39,246 pos/s)
[r1] stream batch 30416/30880: 492,495,872/500,000,000 (39,371 pos/s)
[r0] stream batch 30320/30880: 490,941,440/500,000,000 (39,246 pos/s)
[r1] stream batch 30432/30880: 492,754,944/500,000,000 (39,371 pos/s)
[r0] stream batch 30336/30880: 491,200,512/500,000,000 (39,246 pos/s)
[r1] stream batch 30448/30880: 493,014,016/500,000,000 (39,371 pos/s)
[r0] stream batch 30352/30880: 491,459,584/500,000,000 (39,246 pos/s)
[r1] stream batch 30464/30880: 493,273,088/500,000,000 (39,372 pos/s)
[r0] stream batch 30368/30880: 491,718,656/500,000,000 (39,247 pos/s)
[r0] stream batch 30384/30880: 491,977,728/500,000,000 (39,247 pos/s)
[r1] stream batch 30480/30880: 493,532,160/500,000,000 (39,372 pos/s)
[r0] stream batch 30400/30880: 492,236,800/500,000,000 (39,247 pos/s)
[r1] stream batch 30496/30880: 493,791,232/500,000,000 (39,372 pos/s)
[r1] stream batch 30512/30880: 494,050,304/500,000,000 (39,373 pos/s)
[r0] stream batch 30416/30880: 492,495,872/500,000,000 (39,247 pos/s)
[r1] stream batch 30528/30880: 494,309,376/500,000,000 (39,373 pos/s)
[r0] stream batch 30432/30880: 492,754,944/500,000,000 (39,247 pos/s)
[r1] stream batch 30544/30880: 494,568,448/500,000,000 (39,373 pos/s)
[r0] stream batch 30448/30880: 493,014,016/500,000,000 (39,248 pos/s)
[r1] stream batch 30560/30880: 494,827,520/500,000,000 (39,373 pos/s)
[r0] stream batch 30464/30880: 493,273,088/500,000,000 (39,248 pos/s)
[r1] stream batch 30576/30880: 495,086,592/500,000,000 (39,374 pos/s)
[r0] stream batch 30480/30880: 493,532,160/500,000,000 (39,248 pos/s)
[r1] stream batch 30592/30880: 495,345,664/500,000,000 (39,374 pos/s)
[r0] stream batch 30496/30880: 493,791,232/500,000,000 (39,248 pos/s)
[r1] stream batch 30608/30880: 495,604,736/500,000,000 (39,374 pos/s)
[r0] stream batch 30512/30880: 494,050,304/500,000,000 (39,248 pos/s)
[r1] stream batch 30624/30880: 495,863,808/500,000,000 (39,375 pos/s)
[r0] stream batch 30528/30880: 494,309,376/500,000,000 (39,248 pos/s)
[r1] stream batch 30640/30880: 496,122,880/500,000,000 (39,375 pos/s)
[r0] stream batch 30544/30880: 494,568,448/500,000,000 (39,248 pos/s)
[r1] stream batch 30656/30880: 496,381,952/500,000,000 (39,375 pos/s)
[r0] stream batch 30560/30880: 494,827,520/500,000,000 (39,248 pos/s)
[r1] stream batch 30672/30880: 496,641,024/500,000,000 (39,375 pos/s)
[r0] stream batch 30576/30880: 495,086,592/500,000,000 (39,249 pos/s)
[r1] stream batch 30688/30880: 496,900,096/500,000,000 (39,375 pos/s)
[r0] stream batch 30592/30880: 495,345,664/500,000,000 (39,249 pos/s)
[r1] stream batch 30704/30880: 497,159,168/500,000,000 (39,375 pos/s)
[r0] stream batch 30608/30880: 495,604,736/500,000,000 (39,249 pos/s)
[r1] stream batch 30720/30880: 497,418,240/500,000,000 (39,376 pos/s)
[r0] stream batch 30624/30880: 495,863,808/500,000,000 (39,250 pos/s)
[r1] stream batch 30736/30880: 497,677,312/500,000,000 (39,376 pos/s)
[r0] stream batch 30640/30880: 496,122,880/500,000,000 (39,251 pos/s)
[r1] stream batch 30752/30880: 497,936,384/500,000,000 (39,376 pos/s)
[r0] stream batch 30656/30880: 496,381,952/500,000,000 (39,251 pos/s)
[r1] stream batch 30768/30880: 498,195,456/500,000,000 (39,376 pos/s)
[r0] stream batch 30672/30880: 496,641,024/500,000,000 (39,251 pos/s)
[r1] stream batch 30784/30880: 498,454,528/500,000,000 (39,376 pos/s)
[r0] stream batch 30688/30880: 496,900,096/500,000,000 (39,251 pos/s)
[r1] stream batch 30800/30880: 498,713,600/500,000,000 (39,377 pos/s)
[r0] stream batch 30704/30880: 497,159,168/500,000,000 (39,251 pos/s)
[r1] stream batch 30816/30880: 498,972,672/500,000,000 (39,377 pos/s)
[r0] stream batch 30720/30880: 497,418,240/500,000,000 (39,252 pos/s)
[r1] stream batch 30832/30880: 499,231,744/500,000,000 (39,378 pos/s)
[r0] stream batch 30736/30880: 497,677,312/500,000,000 (39,252 pos/s)
[r1] stream batch 30848/30880: 499,490,816/500,000,000 (39,378 pos/s)
[r0] stream batch 30752/30880: 497,936,384/500,000,000 (39,252 pos/s)
[r1] stream batch 30864/30880: 499,749,888/500,000,000 (39,378 pos/s)
[r0] stream batch 30768/30880: 498,195,456/500,000,000 (39,252 pos/s)
[r1] stream batch 30880/30880: 500,000,000/500,000,000 (39,378 pos/s)
[r1] stream shard complete: 500,000,000 assigned, 16,384 detailed reservoir rows, 12697.5s
[r0] stream batch 30784/30880: 498,454,528/500,000,000 (39,252 pos/s)
[r0] stream batch 30800/30880: 498,713,600/500,000,000 (39,252 pos/s)
[r0] stream batch 30816/30880: 498,972,672/500,000,000 (39,253 pos/s)
[r0] stream batch 30832/30880: 499,231,744/500,000,000 (39,253 pos/s)
[r0] stream batch 30848/30880: 499,490,816/500,000,000 (39,253 pos/s)
[r0] stream batch 30864/30880: 499,749,888/500,000,000 (39,253 pos/s)
[r0] stream batch 30880/30880: 500,000,000/500,000,000 (39,253 pos/s)
[r0] stream shard complete: 500,000,000 assigned, 16,384 detailed reservoir rows, 12737.9s
[r0] stream collection ready: 1,000,000,000 assignments, 32,768 extraction rows
=== lazy per-module extraction from bounded BF16 reservoirs ===
[r0] extract_ps: labels from labels_C2048.pt, C=2048, T=1.0, s=8
[r0] extract_ps hf.model.layers.0.self_attn.q_proj: mean top-1 share 0.282
[r0] extract_ps hf.model.layers.0.self_attn.k_proj: mean top-1 share 0.226
[r0] extract_ps hf.model.layers.0.self_attn.v_proj: mean top-1 share 0.243
[r0] extract_ps hf.model.layers.0.self_attn.o_proj: mean top-1 share 0.261
[r0] extract_ps hf.model.layers.0.mlp.gate_proj: mean top-1 share 0.213
[r0] extract_ps hf.model.layers.0.mlp.up_proj: mean top-1 share 0.209
[r0] extract_ps hf.model.layers.0.mlp.down_proj: mean top-1 share 0.209
[r0] extract_ps hf.model.layers.1.self_attn.q_proj: mean top-1 share 0.198
[r0] extract_ps hf.model.layers.1.self_attn.k_proj: mean top-1 share 0.196
[r0] extract_ps hf.model.layers.1.self_attn.v_proj: mean top-1 share 0.231
[r0] extract_ps hf.model.layers.1.self_attn.o_proj: mean top-1 share 0.193
[r0] extract_ps hf.model.layers.1.mlp.gate_proj: mean top-1 share 0.206
[r0] extract_ps hf.model.layers.1.mlp.up_proj: mean top-1 share 0.199
[r0] extract_ps hf.model.layers.1.mlp.down_proj: mean top-1 share 0.199
[r0] extract_ps hf.model.layers.2.self_attn.q_proj: mean top-1 share 0.187
[r0] extract_ps hf.model.layers.2.self_attn.k_proj: mean top-1 share 0.195
[r0] extract_ps hf.model.layers.2.self_attn.v_proj: mean top-1 share 0.219
[r0] extract_ps hf.model.layers.2.self_attn.o_proj: mean top-1 share 0.192
[r0] extract_ps hf.model.layers.2.mlp.gate_proj: mean top-1 share 0.213
[r0] extract_ps hf.model.layers.2.mlp.up_proj: mean top-1 share 0.201
[r0] extract_ps hf.model.layers.2.mlp.down_proj: mean top-1 share 0.201
[r0] extract_ps hf.model.layers.3.self_attn.q_proj: mean top-1 share 0.189
[r0] extract_ps hf.model.layers.3.self_attn.k_proj: mean top-1 share 0.184
[r0] extract_ps hf.model.layers.3.self_attn.v_proj: mean top-1 share 0.197
[r0] extract_ps hf.model.layers.3.self_attn.o_proj: mean top-1 share 0.189
[r0] extract_ps hf.model.layers.3.mlp.gate_proj: mean top-1 share 0.214
[r0] extract_ps hf.model.layers.3.mlp.up_proj: mean top-1 share 0.203
[r0] extract_ps hf.model.layers.3.mlp.down_proj: mean top-1 share 0.199
[r0] extract_ps hf.model.layers.4.self_attn.q_proj: mean top-1 share 0.189
[r0] extract_ps hf.model.layers.4.self_attn.k_proj: mean top-1 share 0.188
[r0] extract_ps hf.model.layers.4.self_attn.v_proj: mean top-1 share 0.197
[r0] extract_ps hf.model.layers.4.self_attn.o_proj: mean top-1 share 0.187
[r0] extract_ps hf.model.layers.4.mlp.gate_proj: mean top-1 share 0.214
[r0] extract_ps hf.model.layers.4.mlp.up_proj: mean top-1 share 0.199
[r0] extract_ps hf.model.layers.4.mlp.down_proj: mean top-1 share 0.197
[r0] extract_ps hf.model.layers.5.self_attn.q_proj: mean top-1 share 0.183
[r0] extract_ps hf.model.layers.5.self_attn.k_proj: mean top-1 share 0.182
[r0] extract_ps hf.model.layers.5.self_attn.v_proj: mean top-1 share 0.192
[r0] extract_ps hf.model.layers.5.self_attn.o_proj: mean top-1 share 0.184
[r0] extract_ps hf.model.layers.5.mlp.gate_proj: mean top-1 share 0.204
[r0] extract_ps hf.model.layers.5.mlp.up_proj: mean top-1 share 0.191
[r0] extract_ps hf.model.layers.5.mlp.down_proj: mean top-1 share 0.192
[r0] extract_ps hf.model.layers.6.self_attn.q_proj: mean top-1 share 0.184
[r0] extract_ps hf.model.layers.6.self_attn.k_proj: mean top-1 share 0.184
[r0] extract_ps hf.model.layers.6.self_attn.v_proj: mean top-1 share 0.180
[r0] extract_ps hf.model.layers.6.self_attn.o_proj: mean top-1 share 0.179
[r0] extract_ps hf.model.layers.6.mlp.gate_proj: mean top-1 share 0.198
[r0] extract_ps hf.model.layers.6.mlp.up_proj: mean top-1 share 0.185
[r0] extract_ps hf.model.layers.6.mlp.down_proj: mean top-1 share 0.186
[r0] extract_ps hf.model.layers.7.self_attn.q_proj: mean top-1 share 0.179
[r0] extract_ps hf.model.layers.7.self_attn.k_proj: mean top-1 share 0.184
[r0] extract_ps hf.model.layers.7.self_attn.v_proj: mean top-1 share 0.187
[r0] extract_ps hf.model.layers.7.self_attn.o_proj: mean top-1 share 0.171
[r0] extract_ps hf.model.layers.7.mlp.gate_proj: mean top-1 share 0.196
[r0] extract_ps hf.model.layers.7.mlp.up_proj: mean top-1 share 0.184
[r0] extract_ps hf.model.layers.7.mlp.down_proj: mean top-1 share 0.185
[r0] extract_ps hf.model.layers.8.self_attn.q_proj: mean top-1 share 0.181
[r0] extract_ps hf.model.layers.8.self_attn.k_proj: mean top-1 share 0.184
[r0] extract_ps hf.model.layers.8.self_attn.v_proj: mean top-1 share 0.197
[r0] extract_ps hf.model.layers.8.self_attn.o_proj: mean top-1 share 0.172
[r0] extract_ps hf.model.layers.8.mlp.gate_proj: mean top-1 share 0.200
[r0] extract_ps hf.model.layers.8.mlp.up_proj: mean top-1 share 0.185
[r0] extract_ps hf.model.layers.8.mlp.down_proj: mean top-1 share 0.186
[r0] extract_ps hf.model.layers.9.self_attn.q_proj: mean top-1 share 0.181
[r0] extract_ps hf.model.layers.9.self_attn.k_proj: mean top-1 share 0.187
[r0] extract_ps hf.model.layers.9.self_attn.v_proj: mean top-1 share 0.193
[r0] extract_ps hf.model.layers.9.self_attn.o_proj: mean top-1 share 0.172
[r0] extract_ps hf.model.layers.9.mlp.gate_proj: mean top-1 share 0.204
[r0] extract_ps hf.model.layers.9.mlp.up_proj: mean top-1 share 0.189
[r0] extract_ps hf.model.layers.9.mlp.down_proj: mean top-1 share 0.189
[r0] extract_ps hf.model.layers.10.self_attn.q_proj: mean top-1 share 0.178
[r0] extract_ps hf.model.layers.10.self_attn.k_proj: mean top-1 share 0.177
[r0] extract_ps hf.model.layers.10.self_attn.v_proj: mean top-1 share 0.191
[r0] extract_ps hf.model.layers.10.self_attn.o_proj: mean top-1 share 0.174
[r0] extract_ps hf.model.layers.10.mlp.gate_proj: mean top-1 share 0.206
[r0] extract_ps hf.model.layers.10.mlp.up_proj: mean top-1 share 0.195
[r0] extract_ps hf.model.layers.10.mlp.down_proj: mean top-1 share 0.194
[r0] extract_ps hf.model.layers.11.self_attn.q_proj: mean top-1 share 0.186
[r0] extract_ps hf.model.layers.11.self_attn.k_proj: mean top-1 share 0.186
[r0] extract_ps hf.model.layers.11.self_attn.v_proj: mean top-1 share 0.196
[r0] extract_ps hf.model.layers.11.self_attn.o_proj: mean top-1 share 0.178
[r0] extract_ps hf.model.layers.11.mlp.gate_proj: mean top-1 share 0.203
[r0] extract_ps hf.model.layers.11.mlp.up_proj: mean top-1 share 0.198
[r0] extract_ps hf.model.layers.11.mlp.down_proj: mean top-1 share 0.194
[r0] extract_ps hf.model.layers.12.self_attn.q_proj: mean top-1 share 0.181
[r0] extract_ps hf.model.layers.12.self_attn.k_proj: mean top-1 share 0.184
[r0] extract_ps hf.model.layers.12.self_attn.v_proj: mean top-1 share 0.200
[r0] extract_ps hf.model.layers.12.self_attn.o_proj: mean top-1 share 0.178
[r0] extract_ps hf.model.layers.12.mlp.gate_proj: mean top-1 share 0.198
[r0] extract_ps hf.model.layers.12.mlp.up_proj: mean top-1 share 0.199
[r0] extract_ps hf.model.layers.12.mlp.down_proj: mean top-1 share 0.192
[r0] extract_ps hf.model.layers.13.self_attn.q_proj: mean top-1 share 0.181
[r0] extract_ps hf.model.layers.13.self_attn.k_proj: mean top-1 share 0.186
[r0] extract_ps hf.model.layers.13.self_attn.v_proj: mean top-1 share 0.218
[r0] extract_ps hf.model.layers.13.self_attn.o_proj: mean top-1 share 0.179
[r0] extract_ps hf.model.layers.13.mlp.gate_proj: mean top-1 share 0.196
[r0] extract_ps hf.model.layers.13.mlp.up_proj: mean top-1 share 0.199
[r0] extract_ps hf.model.layers.13.mlp.down_proj: mean top-1 share 0.188
[r0] extract_ps hf.model.layers.14.self_attn.q_proj: mean top-1 share 0.191
[r0] extract_ps hf.model.layers.14.self_attn.k_proj: mean top-1 share 0.194
[r0] extract_ps hf.model.layers.14.self_attn.v_proj: mean top-1 share 0.219
[r0] extract_ps hf.model.layers.14.self_attn.o_proj: mean top-1 share 0.178
[r0] extract_ps hf.model.layers.14.mlp.gate_proj: mean top-1 share 0.200
[r0] extract_ps hf.model.layers.14.mlp.up_proj: mean top-1 share 0.205
[r0] extract_ps hf.model.layers.14.mlp.down_proj: mean top-1 share 0.187
[r0] extract_ps hf.model.layers.15.self_attn.q_proj: mean top-1 share 0.186
[r0] extract_ps hf.model.layers.15.self_attn.k_proj: mean top-1 share 0.191
[r0] extract_ps hf.model.layers.15.self_attn.v_proj: mean top-1 share 0.270
[r0] extract_ps hf.model.layers.15.self_attn.o_proj: mean top-1 share 0.180
[r0] extract_ps hf.model.layers.15.mlp.gate_proj: mean top-1 share 0.199
[r0] extract_ps hf.model.layers.15.mlp.up_proj: mean top-1 share 0.210
[r0] extract_ps hf.model.layers.15.mlp.down_proj: mean top-1 share 0.182
[r0] softpart banks saved (_prop1b)
RUN1B_OPTIMIZED_DONE: /dev/shm/geo1b/run1b_stream
