++ dirname speedup_suite.sh
+ cd .
+ python3.12 collect_fast.py spec_subset --spec_tag stream_spec --tag stream_spec_d8192 --feat_dim 8192
[r0] spec_subset: D=16384 -> 8192 at /dev/shm/geo1b/stream_spec_d8192/spec.pt
+ python3.12 collect_fast.py spec_subset --spec_tag stream_spec --tag stream_spec_d4096 --feat_dim 4096
[r0] spec_subset: D=16384 -> 4096 at /dev/shm/geo1b/stream_spec_d4096/spec.pt
+ for bs in 4 8 16 32
+ torchrun --nproc_per_node=2 collect_fast.py benchmark --profile optimized --spec_tag stream_spec --synthetic_data --pos_per_seq 506 --batch_seqs 4 --benchmark_batches 8 --output out/bench_fast_bs4.json
W0804 00:31:23.773000 67411 torch/distributed/run.py:774] 
W0804 00:31:23.773000 67411 torch/distributed/run.py:774] *****************************************
W0804 00:31:23.773000 67411 torch/distributed/run.py:774] Setting OMP_NUM_THREADS environment variable for each process to be 1 in default, to avoid your system being overloaded, please further tune the variable for optimal performance in your application as needed. 
W0804 00:31:23.773000 67411 torch/distributed/run.py:774] *****************************************
{
  "attention_backend": "flash_only",
  "batch_seqs_per_gpu": 4,
  "bf16": true,
  "compile": true,
  "compile_mode": "default",
  "cuda": "12.8",
  "feature_dim": 16384,
  "feature_spec_sha256": "10243f0378ec8aa39a01baf689630986bbb447d47fcc17c94f98fff3077f429a",
  "fused_attention": true,
  "gpu": "NVIDIA B200",
  "ig_k": 1,
  "input": "synthetic_uniform_v1",
  "master_dtype": "float32",
  "model": {
    "id": "unsloth/Llama-3.2-1B",
    "revision": "9535bd9b1d1dea6acafbdc4813b728796aeb28da"
  },
  "pass_dtype": "bfloat16",
  "peak_gpu_gib_max_rank": 14.32524299621582,
  "pos_per_seq": 506,
  "positions": 32384,
  "positions_per_second": 62239.97726102951,
  "profile": "optimized",
  "scalar": "equal_reward",
  "seconds_max_rank": 0.5203086733818054,
  "sensor": "gim",
  "seq_len": 512,
  "sequence_tokens_per_second": 62978.00070681247,
  "timed_batches": 8,
  "torch": "2.8.0+cu128",
  "transformers": "4.57.6",
  "warmup_batches": 2,
  "warmup_seconds_max_rank": 2.565880060195923,
  "world": 2
}
+ for bs in 4 8 16 32
+ torchrun --nproc_per_node=2 collect_fast.py benchmark --profile optimized --spec_tag stream_spec --synthetic_data --pos_per_seq 506 --batch_seqs 8 --benchmark_batches 8 --output out/bench_fast_bs8.json
W0804 00:31:42.824000 67664 torch/distributed/run.py:774] 
W0804 00:31:42.824000 67664 torch/distributed/run.py:774] *****************************************
W0804 00:31:42.824000 67664 torch/distributed/run.py:774] Setting OMP_NUM_THREADS environment variable for each process to be 1 in default, to avoid your system being overloaded, please further tune the variable for optimal performance in your application as needed. 
W0804 00:31:42.824000 67664 torch/distributed/run.py:774] *****************************************
{
  "attention_backend": "flash_only",
  "batch_seqs_per_gpu": 8,
  "bf16": true,
  "compile": true,
  "compile_mode": "default",
  "cuda": "12.8",
  "feature_dim": 16384,
  "feature_spec_sha256": "10243f0378ec8aa39a01baf689630986bbb447d47fcc17c94f98fff3077f429a",
  "fused_attention": true,
  "gpu": "NVIDIA B200",
  "ig_k": 1,
  "input": "synthetic_uniform_v1",
  "master_dtype": "float32",
  "model": {
    "id": "unsloth/Llama-3.2-1B",
    "revision": "9535bd9b1d1dea6acafbdc4813b728796aeb28da"
  },
  "pass_dtype": "bfloat16",
  "peak_gpu_gib_max_rank": 21.727479934692383,
  "pos_per_seq": 506,
  "positions": 64768,
  "positions_per_second": 77334.19005836717,
  "profile": "optimized",
  "scalar": "equal_reward",
  "seconds_max_rank": 0.837507963180542,
  "sensor": "gim",
  "seq_len": 512,
  "sequence_tokens_per_second": 78251.19626459286,
  "timed_batches": 8,
  "torch": "2.8.0+cu128",
  "transformers": "4.57.6",
  "warmup_batches": 2,
  "warmup_seconds_max_rank": 3.085554838180542,
  "world": 2
}
+ for bs in 4 8 16 32
+ torchrun --nproc_per_node=2 collect_fast.py benchmark --profile optimized --spec_tag stream_spec --synthetic_data --pos_per_seq 506 --batch_seqs 16 --benchmark_batches 8 --output out/bench_fast_bs16.json
W0804 00:32:03.165000 67909 torch/distributed/run.py:774] 
W0804 00:32:03.165000 67909 torch/distributed/run.py:774] *****************************************
W0804 00:32:03.165000 67909 torch/distributed/run.py:774] Setting OMP_NUM_THREADS environment variable for each process to be 1 in default, to avoid your system being overloaded, please further tune the variable for optimal performance in your application as needed. 
W0804 00:32:03.165000 67909 torch/distributed/run.py:774] *****************************************
{
  "attention_backend": "flash_only",
  "batch_seqs_per_gpu": 16,
  "bf16": true,
  "compile": true,
  "compile_mode": "default",
  "cuda": "12.8",
  "feature_dim": 16384,
  "feature_spec_sha256": "10243f0378ec8aa39a01baf689630986bbb447d47fcc17c94f98fff3077f429a",
  "fused_attention": true,
  "gpu": "NVIDIA B200",
  "ig_k": 1,
  "input": "synthetic_uniform_v1",
  "master_dtype": "float32",
  "model": {
    "id": "unsloth/Llama-3.2-1B",
    "revision": "9535bd9b1d1dea6acafbdc4813b728796aeb28da"
  },
  "pass_dtype": "bfloat16",
  "peak_gpu_gib_max_rank": 36.531951904296875,
  "pos_per_seq": 506,
  "positions": 129536,
  "positions_per_second": 97605.69453941638,
  "profile": "optimized",
  "scalar": "equal_reward",
  "seconds_max_rank": 1.327135682106018,
  "sensor": "gim",
  "seq_len": 512,
  "sequence_tokens_per_second": 98763.07431656361,
  "timed_batches": 8,
  "torch": "2.8.0+cu128",
  "transformers": "4.57.6",
  "warmup_batches": 2,
  "warmup_seconds_max_rank": 6.770688056945801,
  "world": 2
}
+ for bs in 4 8 16 32
+ torchrun --nproc_per_node=2 collect_fast.py benchmark --profile optimized --spec_tag stream_spec --synthetic_data --pos_per_seq 506 --batch_seqs 32 --benchmark_batches 8 --output out/bench_fast_bs32.json
W0804 00:32:27.362000 68291 torch/distributed/run.py:774] 
W0804 00:32:27.362000 68291 torch/distributed/run.py:774] *****************************************
W0804 00:32:27.362000 68291 torch/distributed/run.py:774] Setting OMP_NUM_THREADS environment variable for each process to be 1 in default, to avoid your system being overloaded, please further tune the variable for optimal performance in your application as needed. 
W0804 00:32:27.362000 68291 torch/distributed/run.py:774] *****************************************
{
  "attention_backend": "flash_only",
  "batch_seqs_per_gpu": 32,
  "bf16": true,
  "compile": true,
  "compile_mode": "default",
  "cuda": "12.8",
  "feature_dim": 16384,
  "feature_spec_sha256": "10243f0378ec8aa39a01baf689630986bbb447d47fcc17c94f98fff3077f429a",
  "fused_attention": true,
  "gpu": "NVIDIA B200",
  "ig_k": 1,
  "input": "synthetic_uniform_v1",
  "master_dtype": "float32",
  "model": {
    "id": "unsloth/Llama-3.2-1B",
    "revision": "9535bd9b1d1dea6acafbdc4813b728796aeb28da"
  },
  "pass_dtype": "bfloat16",
  "peak_gpu_gib_max_rank": 66.14089965820312,
  "pos_per_seq": 506,
  "positions": 259072,
  "positions_per_second": 101949.49222952126,
  "profile": "optimized",
  "scalar": "equal_reward",
  "seconds_max_rank": 2.541179895401001,
  "sensor": "gim",
  "seq_len": 512,
  "sequence_tokens_per_second": 103158.37948915985,
  "timed_batches": 8,
  "torch": "2.8.0+cu128",
  "transformers": "4.57.6",
  "warmup_batches": 2,
  "warmup_seconds_max_rank": 7.829891204833984,
  "world": 2
}
+ for bs in 16 32
+ torchrun --nproc_per_node=2 collect_fast.py benchmark --profile optimized --spec_tag stream_spec --synthetic_data --pos_per_seq 506 --batch_seqs 16 --benchmark_batches 8 --compile_mode max-autotune --output out/bench_fast_bs16_autotune.json
W0804 00:32:53.449000 68731 torch/distributed/run.py:774] 
W0804 00:32:53.449000 68731 torch/distributed/run.py:774] *****************************************
W0804 00:32:53.449000 68731 torch/distributed/run.py:774] Setting OMP_NUM_THREADS environment variable for each process to be 1 in default, to avoid your system being overloaded, please further tune the variable for optimal performance in your application as needed. 
W0804 00:32:53.449000 68731 torch/distributed/run.py:774] *****************************************
AUTOTUNE mm(8192x2048, 2048x2048)
strides: [2048, 1], [1, 2048]
dtypes: torch.bfloat16, torch.bfloat16
  mm 0.0521 ms 100.0% 
  triton_mm_17 0.0724 ms 72.0% ACC_TYPE='tl.float32', ALLOW_TF32=True, BLOCK_K=64, BLOCK_M=128, BLOCK_N=128, EVEN_K=True, GROUP_M=8, USE_FAST_ACCUM=False, num_stages=3, num_warps=4
  triton_mm_18 0.0850 ms 61.4% ACC_TYPE='tl.float32', ALLOW_TF32=True, BLOCK_K=64, BLOCK_M=128, BLOCK_N=128, EVEN_K=True, GROUP_M=8, USE_FAST_ACCUM=False, num_stages=5, num_warps=8
  triton_mm_11 0.0930 ms 56.1% ACC_TYPE='tl.float32', ALLOW_TF32=True, BLOCK_K=64, BLOCK_M=64, BLOCK_N=128, EVEN_K=True, GROUP_M=8, USE_FAST_ACCUM=False, num_stages=3, num_warps=4
  triton_mm_16 0.0990 ms 52.6% ACC_TYPE='tl.float32', ALLOW_TF32=True, BLOCK_K=32, BLOCK_M=128, BLOCK_N=128, EVEN_K=True, GROUP_M=8, USE_FAST_ACCUM=False, num_stages=3, num_warps=4
  triton_mm_13 0.1135 ms 45.9% ACC_TYPE='tl.float32', ALLOW_TF32=True, BLOCK_K=32, BLOCK_M=128, BLOCK_N=64, EVEN_K=True, GROUP_M=8, USE_FAST_ACCUM=False, num_stages=3, num_warps=4
  triton_mm_14 0.1156 ms 45.1% ACC_TYPE='tl.float32', ALLOW_TF32=True, BLOCK_K=32, BLOCK_M=128, BLOCK_N=64, EVEN_K=True, GROUP_M=8, USE_FAST_ACCUM=False, num_stages=4, num_warps=8
  triton_mm_7 0.1176 ms 44.3% ACC_TYPE='tl.float32', ALLOW_TF32=True, BLOCK_K=64, BLOCK_M=64, BLOCK_N=64, EVEN_K=True, GROUP_M=8, USE_FAST_ACCUM=False, num_stages=3, num_warps=8
  triton_mm_10 0.1176 ms 44.3% ACC_TYPE='tl.float32', ALLOW_TF32=True, BLOCK_K=32, BLOCK_M=64, BLOCK_N=128, EVEN_K=True, GROUP_M=8, USE_FAST_ACCUM=False, num_stages=4, num_warps=8
  triton_mm_9 0.1216 ms 42.9% ACC_TYPE='tl.float32', ALLOW_TF32=True, BLOCK_K=32, BLOCK_M=64, BLOCK_N=128, EVEN_K=True, GROUP_M=8, USE_FAST_ACCUM=False, num_stages=3, num_warps=4
SingleProcess AUTOTUNE benchmarking takes 0.5753 seconds and 3.9054 seconds precompiling for 20 choices
AUTOTUNE mm(8192x2048, 2048x2048)
strides: [2048, 1], [1, 2048]
dtypes: torch.bfloat16, torch.bfloat16
  mm 0.0521 ms 100.0% 
  triton_mm_17 0.0727 ms 71.6% ACC_TYPE='tl.float32', ALLOW_TF32=True, BLOCK_K=64, BLOCK_M=128, BLOCK_N=128, EVEN_K=True, GROUP_M=8, USE_FAST_ACCUM=False, num_stages=3, num_warps=4
  triton_mm_18 0.0868 ms 60.0% ACC_TYPE='tl.float32', ALLOW_TF32=True, BLOCK_K=64, BLOCK_M=128, BLOCK_N=128, EVEN_K=True, GROUP_M=8, USE_FAST_ACCUM=False, num_stages=5, num_warps=8
  triton_mm_11 0.0929 ms 56.0% ACC_TYPE='tl.float32', ALLOW_TF32=True, BLOCK_K=64, BLOCK_M=64, BLOCK_N=128, EVEN_K=True, GROUP_M=8, USE_FAST_ACCUM=False, num_stages=3, num_warps=4
  triton_mm_16 0.0990 ms 52.6% ACC_TYPE='tl.float32', ALLOW_TF32=True, BLOCK_K=32, BLOCK_M=128, BLOCK_N=128, EVEN_K=True, GROUP_M=8, USE_FAST_ACCUM=False, num_stages=3, num_warps=4
  triton_mm_13 0.1132 ms 46.0% ACC_TYPE='tl.float32', ALLOW_TF32=True, BLOCK_K=32, BLOCK_M=128, BLOCK_N=64, EVEN_K=True, GROUP_M=8, USE_FAST_ACCUM=False, num_stages=3, num_warps=4
  triton_mm_14 0.1157 ms 45.0% ACC_TYPE='tl.float32', ALLOW_TF32=True, BLOCK_K=32, BLOCK_M=128, BLOCK_N=64, EVEN_K=True, GROUP_M=8, USE_FAST_ACCUM=False, num_stages=4, num_warps=8
  triton_mm_7 0.1173 ms 44.4% ACC_TYPE='tl.float32', ALLOW_TF32=True, BLOCK_K=64, BLOCK_M=64, BLOCK_N=64, EVEN_K=True, GROUP_M=8, USE_FAST_ACCUM=False, num_stages=3, num_warps=8
  triton_mm_10 0.1175 ms 44.3% ACC_TYPE='tl.float32', ALLOW_TF32=True, BLOCK_K=32, BLOCK_M=64, BLOCK_N=128, EVEN_K=True, GROUP_M=8, USE_FAST_ACCUM=False, num_stages=4, num_warps=8
  triton_mm_9 0.1216 ms 42.8% ACC_TYPE='tl.float32', ALLOW_TF32=True, BLOCK_K=32, BLOCK_M=64, BLOCK_N=128, EVEN_K=True, GROUP_M=8, USE_FAST_ACCUM=False, num_stages=3, num_warps=4
SingleProcess AUTOTUNE benchmarking takes 0.5977 seconds and 4.2040 seconds precompiling for 20 choices
AUTOTUNE mm(8192x2048, 2048x512)
strides: [2048, 1], [1, 2048]
dtypes: torch.bfloat16, torch.bfloat16
  mm 0.0214 ms 100.0% 
  triton_mm_36 0.0275 ms 77.7% ACC_TYPE='tl.float32', ALLOW_TF32=True, BLOCK_K=64, BLOCK_M=128, BLOCK_N=128, EVEN_K=True, GROUP_M=8, USE_FAST_ACCUM=False, num_stages=3, num_warps=4
  triton_mm_37 0.0325 ms 65.7% ACC_TYPE='tl.float32', ALLOW_TF32=True, BLOCK_K=64, BLOCK_M=128, BLOCK_N=128, EVEN_K=True, GROUP_M=8, USE_FAST_ACCUM=False, num_stages=5, num_warps=8
  triton_mm_28 0.0410 ms 52.1% ACC_TYPE='tl.float32', ALLOW_TF32=True, BLOCK_K=32, BLOCK_M=64, BLOCK_N=128, EVEN_K=True, GROUP_M=8, USE_FAST_ACCUM=False, num_stages=3, num_warps=4
  triton_mm_30 0.0418 ms 51.1% ACC_TYPE='tl.float32', ALLOW_TF32=True, BLOCK_K=64, BLOCK_M=64, BLOCK_N=128, EVEN_K=True, GROUP_M=8, USE_FAST_ACCUM=False, num_stages=3, num_warps=4
  triton_mm_33 0.0419 ms 51.0% ACC_TYPE='tl.float32', ALLOW_TF32=True, BLOCK_K=32, BLOCK_M=128, BLOCK_N=64, EVEN_K=True, GROUP_M=8, USE_FAST_ACCUM=False, num_stages=4, num_warps=8
  triton_mm_35 0.0419 ms 51.0% ACC_TYPE='tl.float32', ALLOW_TF32=True, BLOCK_K=32, BLOCK_M=128, BLOCK_N=128, EVEN_K=True, GROUP_M=8, USE_FAST_ACCUM=False, num_stages=3, num_warps=4
  triton_mm_32 0.0428 ms 49.9% ACC_TYPE='tl.float32', ALLOW_TF32=True, BLOCK_K=32, BLOCK_M=128, BLOCK_N=64, EVEN_K=True, GROUP_M=8, USE_FAST_ACCUM=False, num_stages=3, num_warps=4
  triton_mm_29 0.0429 ms 49.9% ACC_TYPE='tl.float32', ALLOW_TF32=True, BLOCK_K=32, BLOCK_M=64, BLOCK_N=128, EVEN_K=True, GROUP_M=8, USE_FAST_ACCUM=False, num_stages=4, num_warps=8
  triton_mm_26 0.0438 ms 48.8% ACC_TYPE='tl.float32', ALLOW_TF32=True, BLOCK_K=64, BLOCK_M=64, BLOCK_N=64, EVEN_K=True, GROUP_M=8, USE_FAST_ACCUM=False, num_stages=3, num_warps=8
SingleProcess AUTOTUNE benchmarking takes 1.7690 seconds and 0.7977 seconds precompiling for 20 choices
AUTOTUNE mm(8192x2048, 2048x512)
strides: [2048, 1], [1, 2048]
dtypes: torch.bfloat16, torch.bfloat16
  mm 0.0214 ms 100.0% 
  triton_mm_36 0.0273 ms 78.5% ACC_TYPE='tl.float32', ALLOW_TF32=True, BLOCK_K=64, BLOCK_M=128, BLOCK_N=128, EVEN_K=True, GROUP_M=8, USE_FAST_ACCUM=False, num_stages=3, num_warps=4
  triton_mm_37 0.0316 ms 67.7% ACC_TYPE='tl.float32', ALLOW_TF32=True, BLOCK_K=64, BLOCK_M=128, BLOCK_N=128, EVEN_K=True, GROUP_M=8, USE_FAST_ACCUM=False, num_stages=5, num_warps=8
  triton_mm_28 0.0410 ms 52.3% ACC_TYPE='tl.float32', ALLOW_TF32=True, BLOCK_K=32, BLOCK_M=64, BLOCK_N=128, EVEN_K=True, GROUP_M=8, USE_FAST_ACCUM=False, num_stages=3, num_warps=4
  triton_mm_35 0.0415 ms 51.7% ACC_TYPE='tl.float32', ALLOW_TF32=True, BLOCK_K=32, BLOCK_M=128, BLOCK_N=128, EVEN_K=True, GROUP_M=8, USE_FAST_ACCUM=False, num_stages=3, num_warps=4
  triton_mm_30 0.0416 ms 51.5% ACC_TYPE='tl.float32', ALLOW_TF32=True, BLOCK_K=64, BLOCK_M=64, BLOCK_N=128, EVEN_K=True, GROUP_M=8, USE_FAST_ACCUM=False, num_stages=3, num_warps=4
  triton_mm_33 0.0417 ms 51.4% ACC_TYPE='tl.float32', ALLOW_TF32=True, BLOCK_K=32, BLOCK_M=128, BLOCK_N=64, EVEN_K=True, GROUP_M=8, USE_FAST_ACCUM=False, num_stages=4, num_warps=8
  triton_mm_32 0.0418 ms 51.3% ACC_TYPE='tl.float32', ALLOW_TF32=True, BLOCK_K=32, BLOCK_M=128, BLOCK_N=64, EVEN_K=True, GROUP_M=8, USE_FAST_ACCUM=False, num_stages=3, num_warps=4
  triton_mm_29 0.0428 ms 50.0% ACC_TYPE='tl.float32', ALLOW_TF32=True, BLOCK_K=32, BLOCK_M=64, BLOCK_N=128, EVEN_K=True, GROUP_M=8, USE_FAST_ACCUM=False, num_stages=4, num_warps=8
  triton_mm_26 0.0432 ms 49.6% ACC_TYPE='tl.float32', ALLOW_TF32=True, BLOCK_K=64, BLOCK_M=64, BLOCK_N=64, EVEN_K=True, GROUP_M=8, USE_FAST_ACCUM=False, num_stages=3, num_warps=8
SingleProcess AUTOTUNE benchmarking takes 1.7322 seconds and 0.7878 seconds precompiling for 20 choices
AUTOTUNE mm(8192x2048, 2048x8192)
strides: [2048, 1], [1, 2048]
dtypes: torch.bfloat16, torch.bfloat16
  mm 0.1719 ms 100.0% 
  triton_mm_74 0.2518 ms 68.3% ACC_TYPE='tl.float32', ALLOW_TF32=True, BLOCK_K=64, BLOCK_M=128, BLOCK_N=128, EVEN_K=True, GROUP_M=8, USE_FAST_ACCUM=False, num_stages=3, num_warps=4
  triton_mm_73 0.3194 ms 53.8% ACC_TYPE='tl.float32', ALLOW_TF32=True, BLOCK_K=32, BLOCK_M=128, BLOCK_N=128, EVEN_K=True, GROUP_M=8, USE_FAST_ACCUM=False, num_stages=3, num_warps=4
  triton_mm_75 0.3215 ms 53.5% ACC_TYPE='tl.float32', ALLOW_TF32=True, BLOCK_K=64, BLOCK_M=128, BLOCK_N=128, EVEN_K=True, GROUP_M=8, USE_FAST_ACCUM=False, num_stages=5, num_warps=8
  triton_mm_68 0.3319 ms 51.8% ACC_TYPE='tl.float32', ALLOW_TF32=True, BLOCK_K=64, BLOCK_M=64, BLOCK_N=128, EVEN_K=True, GROUP_M=8, USE_FAST_ACCUM=False, num_stages=3, num_warps=4
  triton_mm_72 0.3981 ms 43.2% ACC_TYPE='tl.float32', ALLOW_TF32=True, BLOCK_K=32, BLOCK_M=128, BLOCK_N=128, EVEN_K=True, GROUP_M=8, USE_FAST_ACCUM=False, num_stages=2, num_warps=8
  triton_mm_70 0.4190 ms 41.0% ACC_TYPE='tl.float32', ALLOW_TF32=True, BLOCK_K=32, BLOCK_M=128, BLOCK_N=64, EVEN_K=True, GROUP_M=8, USE_FAST_ACCUM=False, num_stages=3, num_warps=4
  triton_mm_66 0.4249 ms 40.5% ACC_TYPE='tl.float32', ALLOW_TF32=True, BLOCK_K=32, BLOCK_M=64, BLOCK_N=128, EVEN_K=True, GROUP_M=8, USE_FAST_ACCUM=False, num_stages=3, num_warps=4
  triton_mm_71 0.4296 ms 40.0% ACC_TYPE='tl.float32', ALLOW_TF32=True, BLOCK_K=32, BLOCK_M=128, BLOCK_N=64, EVEN_K=True, GROUP_M=8, USE_FAST_ACCUM=False, num_stages=4, num_warps=8
  triton_mm_64 0.4317 ms 39.8% ACC_TYPE='tl.float32', ALLOW_TF32=True, BLOCK_K=64, BLOCK_M=64, BLOCK_N=64, EVEN_K=True, GROUP_M=8, USE_FAST_ACCUM=False, num_stages=3, num_warps=8
SingleProcess AUTOTUNE benchmarking takes 2.2100 seconds and 0.7317 seconds precompiling for 20 choices
AUTOTUNE mm(8192x2048, 2048x8192)
strides: [2048, 1], [1, 2048]
dtypes: torch.bfloat16, torch.bfloat16
  mm 0.1700 ms 100.0% 
  triton_mm_74 0.2507 ms 67.8% ACC_TYPE='tl.float32', ALLOW_TF32=True, BLOCK_K=64, BLOCK_M=128, BLOCK_N=128, EVEN_K=True, GROUP_M=8, USE_FAST_ACCUM=False, num_stages=3, num_warps=4
  triton_mm_73 0.3186 ms 53.4% ACC_TYPE='tl.float32', ALLOW_TF32=True, BLOCK_K=32, BLOCK_M=128, BLOCK_N=128, EVEN_K=True, GROUP_M=8, USE_FAST_ACCUM=False, num_stages=3, num_warps=4
  triton_mm_75 0.3214 ms 52.9% ACC_TYPE='tl.float32', ALLOW_TF32=True, BLOCK_K=64, BLOCK_M=128, BLOCK_N=128, EVEN_K=True, GROUP_M=8, USE_FAST_ACCUM=False, num_stages=5, num_warps=8
  triton_mm_68 0.3314 ms 51.3% ACC_TYPE='tl.float32', ALLOW_TF32=True, BLOCK_K=64, BLOCK_M=64, BLOCK_N=128, EVEN_K=True, GROUP_M=8, USE_FAST_ACCUM=False, num_stages=3, num_warps=4
  triton_mm_72 0.3977 ms 42.8% ACC_TYPE='tl.float32', ALLOW_TF32=True, BLOCK_K=32, BLOCK_M=128, BLOCK_N=128, EVEN_K=True, GROUP_M=8, USE_FAST_ACCUM=False, num_stages=2, num_warps=8
  triton_mm_70 0.4190 ms 40.6% ACC_TYPE='tl.float32', ALLOW_TF32=True, BLOCK_K=32, BLOCK_M=128, BLOCK_N=64, EVEN_K=True, GROUP_M=8, USE_FAST_ACCUM=False, num_stages=3, num_warps=4
  triton_mm_66 0.4246 ms 40.1% ACC_TYPE='tl.float32', ALLOW_TF32=True, BLOCK_K=32, BLOCK_M=64, BLOCK_N=128, EVEN_K=True, GROUP_M=8, USE_FAST_ACCUM=False, num_stages=3, num_warps=4
  triton_mm_71 0.4290 ms 39.6% ACC_TYPE='tl.float32', ALLOW_TF32=True, BLOCK_K=32, BLOCK_M=128, BLOCK_N=64, EVEN_K=True, GROUP_M=8, USE_FAST_ACCUM=False, num_stages=4, num_warps=8
  triton_mm_64 0.4292 ms 39.6% ACC_TYPE='tl.float32', ALLOW_TF32=True, BLOCK_K=64, BLOCK_M=64, BLOCK_N=64, EVEN_K=True, GROUP_M=8, USE_FAST_ACCUM=False, num_stages=3, num_warps=8
SingleProcess AUTOTUNE benchmarking takes 2.1755 seconds and 0.7344 seconds precompiling for 20 choices
AUTOTUNE mm(8192x8192, 8192x2048)
strides: [8192, 1], [1, 8192]
dtypes: torch.bfloat16, torch.bfloat16
  mm 0.1747 ms 100.0% 
  triton_mm_93 0.2736 ms 63.9% ACC_TYPE='tl.float32', ALLOW_TF32=True, BLOCK_K=64, BLOCK_M=128, BLOCK_N=128, EVEN_K=True, GROUP_M=8, USE_FAST_ACCUM=False, num_stages=3, num_warps=4
  triton_mm_94 0.2754 ms 63.5% ACC_TYPE='tl.float32', ALLOW_TF32=True, BLOCK_K=64, BLOCK_M=128, BLOCK_N=128, EVEN_K=True, GROUP_M=8, USE_FAST_ACCUM=False, num_stages=5, num_warps=8
  triton_mm_87 0.3213 ms 54.4% ACC_TYPE='tl.float32', ALLOW_TF32=True, BLOCK_K=64, BLOCK_M=64, BLOCK_N=128, EVEN_K=True, GROUP_M=8, USE_FAST_ACCUM=False, num_stages=3, num_warps=4
  triton_mm_92 0.3744 ms 46.7% ACC_TYPE='tl.float32', ALLOW_TF32=True, BLOCK_K=32, BLOCK_M=128, BLOCK_N=128, EVEN_K=True, GROUP_M=8, USE_FAST_ACCUM=False, num_stages=3, num_warps=4
  triton_mm_89 0.4084 ms 42.8% ACC_TYPE='tl.float32', ALLOW_TF32=True, BLOCK_K=32, BLOCK_M=128, BLOCK_N=64, EVEN_K=True, GROUP_M=8, USE_FAST_ACCUM=False, num_stages=3, num_warps=4
  triton_mm_90 0.4128 ms 42.3% ACC_TYPE='tl.float32', ALLOW_TF32=True, BLOCK_K=32, BLOCK_M=128, BLOCK_N=64, EVEN_K=True, GROUP_M=8, USE_FAST_ACCUM=False, num_stages=4, num_warps=8
  triton_mm_83 0.4157 ms 42.0% ACC_TYPE='tl.float32', ALLOW_TF32=True, BLOCK_K=64, BLOCK_M=64, BLOCK_N=64, EVEN_K=True, GROUP_M=8, USE_FAST_ACCUM=False, num_stages=3, num_warps=8
  triton_mm_86 0.4196 ms 41.6% ACC_TYPE='tl.float32', ALLOW_TF32=True, BLOCK_K=32, BLOCK_M=64, BLOCK_N=128, EVEN_K=True, GROUP_M=8, USE_FAST_ACCUM=False, num_stages=4, num_warps=8
  triton_mm_88 0.4236 ms 41.2% ACC_TYPE='tl.float32', ALLOW_TF32=True, BLOCK_K=128, BLOCK_M=64, BLOCK_N=128, EVEN_K=True, GROUP_M=8, USE_FAST_ACCUM=False, num_stages=4, num_warps=4
SingleProcess AUTOTUNE benchmarking takes 2.2265 seconds and 0.7022 seconds precompiling for 20 choices
AUTOTUNE mm(8192x8192, 8192x2048)
strides: [8192, 1], [1, 8192]
dtypes: torch.bfloat16, torch.bfloat16
  mm 0.1738 ms 100.0% 
  triton_mm_94 0.2736 ms 63.5% ACC_TYPE='tl.float32', ALLOW_TF32=True, BLOCK_K=64, BLOCK_M=128, BLOCK_N=128, EVEN_K=True, GROUP_M=8, USE_FAST_ACCUM=False, num_stages=5, num_warps=8
  triton_mm_93 0.2743 ms 63.4% ACC_TYPE='tl.float32', ALLOW_TF32=True, BLOCK_K=64, BLOCK_M=128, BLOCK_N=128, EVEN_K=True, GROUP_M=8, USE_FAST_ACCUM=False, num_stages=3, num_warps=4
  triton_mm_87 0.3214 ms 54.1% ACC_TYPE='tl.float32', ALLOW_TF32=True, BLOCK_K=64, BLOCK_M=64, BLOCK_N=128, EVEN_K=True, GROUP_M=8, USE_FAST_ACCUM=False, num_stages=3, num_warps=4
  triton_mm_92 0.3737 ms 46.5% ACC_TYPE='tl.float32', ALLOW_TF32=True, BLOCK_K=32, BLOCK_M=128, BLOCK_N=128, EVEN_K=True, GROUP_M=8, USE_FAST_ACCUM=False, num_stages=3, num_warps=4
  triton_mm_89 0.4084 ms 42.5% ACC_TYPE='tl.float32', ALLOW_TF32=True, BLOCK_K=32, BLOCK_M=128, BLOCK_N=64, EVEN_K=True, GROUP_M=8, USE_FAST_ACCUM=False, num_stages=3, num_warps=4
  triton_mm_90 0.4116 ms 42.2% ACC_TYPE='tl.float32', ALLOW_TF32=True, BLOCK_K=32, BLOCK_M=128, BLOCK_N=64, EVEN_K=True, GROUP_M=8, USE_FAST_ACCUM=False, num_stages=4, num_warps=8
  triton_mm_83 0.4146 ms 41.9% ACC_TYPE='tl.float32', ALLOW_TF32=True, BLOCK_K=64, BLOCK_M=64, BLOCK_N=64, EVEN_K=True, GROUP_M=8, USE_FAST_ACCUM=False, num_stages=3, num_warps=8
  triton_mm_86 0.4166 ms 41.7% ACC_TYPE='tl.float32', ALLOW_TF32=True, BLOCK_K=32, BLOCK_M=64, BLOCK_N=128, EVEN_K=True, GROUP_M=8, USE_FAST_ACCUM=False, num_stages=4, num_warps=8
  triton_mm_88 0.4229 ms 41.1% ACC_TYPE='tl.float32', ALLOW_TF32=True, BLOCK_K=128, BLOCK_M=64, BLOCK_N=128, EVEN_K=True, GROUP_M=8, USE_FAST_ACCUM=False, num_stages=4, num_warps=4
SingleProcess AUTOTUNE benchmarking takes 2.2080 seconds and 0.6800 seconds precompiling for 20 choices
/usr/local/lib/python3.12/dist-packages/torch/_inductor/cudagraph_trees.py:2450: UserWarning: Unable to hit fast path of CUDAGraphs because of pending, uninvoked backwards. Consider running with torch.no_grad() or using torch.compiler.cudagraph_mark_step_begin() before each model invocation
  warnings.warn(
/usr/local/lib/python3.12/dist-packages/torch/_inductor/cudagraph_trees.py:2450: UserWarning: Unable to hit fast path of CUDAGraphs because of pending, uninvoked backwards. Consider running with torch.no_grad() or using torch.compiler.cudagraph_mark_step_begin() before each model invocation
  warnings.warn(
AUTOTUNE mm(2048x8192, 8192x8192)
strides: [1, 2048], [8192, 1]
dtypes: torch.bfloat16, torch.bfloat16
  mm 0.1729 ms 100.0% 
  triton_mm_112 0.2741 ms 63.1% ACC_TYPE='tl.float32', ALLOW_TF32=True, BLOCK_K=64, BLOCK_M=128, BLOCK_N=128, EVEN_K=True, GROUP_M=8, USE_FAST_ACCUM=False, num_stages=3, num_warps=4
  triton_mm_113 0.2909 ms 59.4% ACC_TYPE='tl.float32', ALLOW_TF32=True, BLOCK_K=64, BLOCK_M=128, BLOCK_N=128, EVEN_K=True, GROUP_M=8, USE_FAST_ACCUM=False, num_stages=5, num_warps=8
  triton_mm_111 0.3296 ms 52.4% ACC_TYPE='tl.float32', ALLOW_TF32=True, BLOCK_K=32, BLOCK_M=128, BLOCK_N=128, EVEN_K=True, GROUP_M=8, USE_FAST_ACCUM=False, num_stages=3, num_warps=4
  triton_mm_106 0.3355 ms 51.5% ACC_TYPE='tl.float32', ALLOW_TF32=True, BLOCK_K=64, BLOCK_M=64, BLOCK_N=128, EVEN_K=True, GROUP_M=8, USE_FAST_ACCUM=False, num_stages=3, num_warps=4
  triton_mm_105 0.3409 ms 50.7% ACC_TYPE='tl.float32', ALLOW_TF32=True, BLOCK_K=32, BLOCK_M=64, BLOCK_N=128, EVEN_K=True, GROUP_M=8, USE_FAST_ACCUM=False, num_stages=4, num_warps=8
  triton_mm_109 0.3480 ms 49.7% ACC_TYPE='tl.float32', ALLOW_TF32=True, BLOCK_K=32, BLOCK_M=128, BLOCK_N=64, EVEN_K=True, GROUP_M=8, USE_FAST_ACCUM=False, num_stages=4, num_warps=8
  triton_mm_108 0.3491 ms 49.5% ACC_TYPE='tl.float32', ALLOW_TF32=True, BLOCK_K=32, BLOCK_M=128, BLOCK_N=64, EVEN_K=True, GROUP_M=8, USE_FAST_ACCUM=False, num_stages=3, num_warps=4
  triton_mm_104 0.4207 ms 41.1% ACC_TYPE='tl.float32', ALLOW_TF32=True, BLOCK_K=32, BLOCK_M=64, BLOCK_N=128, EVEN_K=True, GROUP_M=8, USE_FAST_ACCUM=False, num_stages=3, num_warps=4
  triton_mm_107 0.4395 ms 39.3% ACC_TYPE='tl.float32', ALLOW_TF32=True, BLOCK_K=128, BLOCK_M=64, BLOCK_N=128, EVEN_K=True, GROUP_M=8, USE_FAST_ACCUM=False, num_stages=4, num_warps=4
SingleProcess AUTOTUNE benchmarking takes 2.3501 seconds and 0.0004 seconds precompiling for 20 choices
AUTOTUNE mm(2048x8192, 8192x8192)
strides: [1, 2048], [8192, 1]
dtypes: torch.bfloat16, torch.bfloat16
  mm 0.1718 ms 100.0% 
  triton_mm_112 0.2732 ms 62.9% ACC_TYPE='tl.float32', ALLOW_TF32=True, BLOCK_K=64, BLOCK_M=128, BLOCK_N=128, EVEN_K=True, GROUP_M=8, USE_FAST_ACCUM=False, num_stages=3, num_warps=4
  triton_mm_113 0.2908 ms 59.1% ACC_TYPE='tl.float32', ALLOW_TF32=True, BLOCK_K=64, BLOCK_M=128, BLOCK_N=128, EVEN_K=True, GROUP_M=8, USE_FAST_ACCUM=False, num_stages=5, num_warps=8
  triton_mm_111 0.3299 ms 52.1% ACC_TYPE='tl.float32', ALLOW_TF32=True, BLOCK_K=32, BLOCK_M=128, BLOCK_N=128, EVEN_K=True, GROUP_M=8, USE_FAST_ACCUM=False, num_stages=3, num_warps=4
  triton_mm_106 0.3348 ms 51.3% ACC_TYPE='tl.float32', ALLOW_TF32=True, BLOCK_K=64, BLOCK_M=64, BLOCK_N=128, EVEN_K=True, GROUP_M=8, USE_FAST_ACCUM=False, num_stages=3, num_warps=4
  triton_mm_105 0.3389 ms 50.7% ACC_TYPE='tl.float32', ALLOW_TF32=True, BLOCK_K=32, BLOCK_M=64, BLOCK_N=128, EVEN_K=True, GROUP_M=8, USE_FAST_ACCUM=False, num_stages=4, num_warps=8
  triton_mm_109 0.3461 ms 49.6% ACC_TYPE='tl.float32', ALLOW_TF32=True, BLOCK_K=32, BLOCK_M=128, BLOCK_N=64, EVEN_K=True, GROUP_M=8, USE_FAST_ACCUM=False, num_stages=4, num_warps=8
  triton_mm_108 0.3492 ms 49.2% ACC_TYPE='tl.float32', ALLOW_TF32=True, BLOCK_K=32, BLOCK_M=128, BLOCK_N=64, EVEN_K=True, GROUP_M=8, USE_FAST_ACCUM=False, num_stages=3, num_warps=4
  triton_mm_104 0.4207 ms 40.8% ACC_TYPE='tl.float32', ALLOW_TF32=True, BLOCK_K=32, BLOCK_M=64, BLOCK_N=128, EVEN_K=True, GROUP_M=8, USE_FAST_ACCUM=False, num_stages=3, num_warps=4
  triton_mm_107 0.4381 ms 39.2% ACC_TYPE='tl.float32', ALLOW_TF32=True, BLOCK_K=128, BLOCK_M=64, BLOCK_N=128, EVEN_K=True, GROUP_M=8, USE_FAST_ACCUM=False, num_stages=4, num_warps=4
SingleProcess AUTOTUNE benchmarking takes 2.1612 seconds and 0.0002 seconds precompiling for 20 choices
AUTOTUNE mm(8192x2048, 2048x8192)
strides: [2048, 1], [8192, 1]
dtypes: torch.bfloat16, torch.bfloat16
  mm 0.1717 ms 100.0% 
  triton_mm_131 0.2528 ms 67.9% ACC_TYPE='tl.float32', ALLOW_TF32=True, BLOCK_K=64, BLOCK_M=128, BLOCK_N=128, EVEN_K=True, GROUP_M=8, USE_FAST_ACCUM=False, num_stages=3, num_warps=4
  triton_mm_130 0.2795 ms 61.4% ACC_TYPE='tl.float32', ALLOW_TF32=True, BLOCK_K=32, BLOCK_M=128, BLOCK_N=128, EVEN_K=True, GROUP_M=8, USE_FAST_ACCUM=False, num_stages=3, num_warps=4
  triton_mm_132 0.3296 ms 52.1% ACC_TYPE='tl.float32', ALLOW_TF32=True, BLOCK_K=64, BLOCK_M=128, BLOCK_N=128, EVEN_K=True, GROUP_M=8, USE_FAST_ACCUM=False, num_stages=5, num_warps=8
  triton_mm_125 0.3332 ms 51.5% ACC_TYPE='tl.float32', ALLOW_TF32=True, BLOCK_K=64, BLOCK_M=64, BLOCK_N=128, EVEN_K=True, GROUP_M=8, USE_FAST_ACCUM=False, num_stages=3, num_warps=4
  triton_mm_123 0.3522 ms 48.8% ACC_TYPE='tl.float32', ALLOW_TF32=True, BLOCK_K=32, BLOCK_M=64, BLOCK_N=128, EVEN_K=True, GROUP_M=8, USE_FAST_ACCUM=False, num_stages=3, num_warps=4
  triton_mm_124 0.3624 ms 47.4% ACC_TYPE='tl.float32', ALLOW_TF32=True, BLOCK_K=32, BLOCK_M=64, BLOCK_N=128, EVEN_K=True, GROUP_M=8, USE_FAST_ACCUM=False, num_stages=4, num_warps=8
  triton_mm_127 0.3687 ms 46.6% ACC_TYPE='tl.float32', ALLOW_TF32=True, BLOCK_K=32, BLOCK_M=128, BLOCK_N=64, EVEN_K=True, GROUP_M=8, USE_FAST_ACCUM=False, num_stages=3, num_warps=4
  triton_mm_128 0.3923 ms 43.8% ACC_TYPE='tl.float32', ALLOW_TF32=True, BLOCK_K=32, BLOCK_M=128, BLOCK_N=64, EVEN_K=True, GROUP_M=8, USE_FAST_ACCUM=False, num_stages=4, num_warps=8
  triton_mm_129 0.4033 ms 42.6% ACC_TYPE='tl.float32', ALLOW_TF32=True, BLOCK_K=32, BLOCK_M=128, BLOCK_N=128, EVEN_K=True, GROUP_M=8, USE_FAST_ACCUM=False, num_stages=2, num_warps=8
SingleProcess AUTOTUNE benchmarking takes 2.0563 seconds and 0.0003 seconds precompiling for 20 choices
AUTOTUNE mm(8192x2048, 2048x8192)
strides: [2048, 1], [8192, 1]
dtypes: torch.bfloat16, torch.bfloat16
  mm 0.1700 ms 100.0% 
  triton_mm_131 0.2517 ms 67.5% ACC_TYPE='tl.float32', ALLOW_TF32=True, BLOCK_K=64, BLOCK_M=128, BLOCK_N=128, EVEN_K=True, GROUP_M=8, USE_FAST_ACCUM=False, num_stages=3, num_warps=4
  triton_mm_130 0.2793 ms 60.9% ACC_TYPE='tl.float32', ALLOW_TF32=True, BLOCK_K=32, BLOCK_M=128, BLOCK_N=128, EVEN_K=True, GROUP_M=8, USE_FAST_ACCUM=False, num_stages=3, num_warps=4
  triton_mm_132 0.3276 ms 51.9% ACC_TYPE='tl.float32', ALLOW_TF32=True, BLOCK_K=64, BLOCK_M=128, BLOCK_N=128, EVEN_K=True, GROUP_M=8, USE_FAST_ACCUM=False, num_stages=5, num_warps=8
  triton_mm_125 0.3326 ms 51.1% ACC_TYPE='tl.float32', ALLOW_TF32=True, BLOCK_K=64, BLOCK_M=64, BLOCK_N=128, EVEN_K=True, GROUP_M=8, USE_FAST_ACCUM=False, num_stages=3, num_warps=4
  triton_mm_123 0.3513 ms 48.4% ACC_TYPE='tl.float32', ALLOW_TF32=True, BLOCK_K=32, BLOCK_M=64, BLOCK_N=128, EVEN_K=True, GROUP_M=8, USE_FAST_ACCUM=False, num_stages=3, num_warps=4
  triton_mm_124 0.3612 ms 47.1% ACC_TYPE='tl.float32', ALLOW_TF32=True, BLOCK_K=32, BLOCK_M=64, BLOCK_N=128, EVEN_K=True, GROUP_M=8, USE_FAST_ACCUM=False, num_stages=4, num_warps=8
  triton_mm_127 0.3676 ms 46.2% ACC_TYPE='tl.float32', ALLOW_TF32=True, BLOCK_K=32, BLOCK_M=128, BLOCK_N=64, EVEN_K=True, GROUP_M=8, USE_FAST_ACCUM=False, num_stages=3, num_warps=4
  triton_mm_128 0.3920 ms 43.4% ACC_TYPE='tl.float32', ALLOW_TF32=True, BLOCK_K=32, BLOCK_M=128, BLOCK_N=64, EVEN_K=True, GROUP_M=8, USE_FAST_ACCUM=False, num_stages=4, num_warps=8
  triton_mm_129 0.4025 ms 42.2% ACC_TYPE='tl.float32', ALLOW_TF32=True, BLOCK_K=32, BLOCK_M=128, BLOCK_N=128, EVEN_K=True, GROUP_M=8, USE_FAST_ACCUM=False, num_stages=2, num_warps=8
SingleProcess AUTOTUNE benchmarking takes 2.0933 seconds and 0.0003 seconds precompiling for 20 choices
AUTOTUNE mm(8192x8192, 8192x2048)
strides: [8192, 1], [2048, 1]
dtypes: torch.bfloat16, torch.bfloat16
  mm 0.1744 ms 100.0% 
  triton_mm_169 0.2763 ms 63.1% ACC_TYPE='tl.float32', ALLOW_TF32=True, BLOCK_K=64, BLOCK_M=128, BLOCK_N=128, EVEN_K=True, GROUP_M=8, USE_FAST_ACCUM=False, num_stages=3, num_warps=4
  triton_mm_170 0.2845 ms 61.3% ACC_TYPE='tl.float32', ALLOW_TF32=True, BLOCK_K=64, BLOCK_M=128, BLOCK_N=128, EVEN_K=True, GROUP_M=8, USE_FAST_ACCUM=False, num_stages=5, num_warps=8
  triton_mm_163 0.3247 ms 53.7% ACC_TYPE='tl.float32', ALLOW_TF32=True, BLOCK_K=64, BLOCK_M=64, BLOCK_N=128, EVEN_K=True, GROUP_M=8, USE_FAST_ACCUM=False, num_stages=3, num_warps=4
  triton_mm_168 0.3593 ms 48.5% ACC_TYPE='tl.float32', ALLOW_TF32=True, BLOCK_K=32, BLOCK_M=128, BLOCK_N=128, EVEN_K=True, GROUP_M=8, USE_FAST_ACCUM=False, num_stages=3, num_warps=4
  triton_mm_162 0.3634 ms 48.0% ACC_TYPE='tl.float32', ALLOW_TF32=True, BLOCK_K=32, BLOCK_M=64, BLOCK_N=128, EVEN_K=True, GROUP_M=8, USE_FAST_ACCUM=False, num_stages=4, num_warps=8
  triton_mm_165 0.3757 ms 46.4% ACC_TYPE='tl.float32', ALLOW_TF32=True, BLOCK_K=32, BLOCK_M=128, BLOCK_N=64, EVEN_K=True, GROUP_M=8, USE_FAST_ACCUM=False, num_stages=3, num_warps=4
  triton_mm_166 0.3783 ms 46.1% ACC_TYPE='tl.float32', ALLOW_TF32=True, BLOCK_K=32, BLOCK_M=128, BLOCK_N=64, EVEN_K=True, GROUP_M=8, USE_FAST_ACCUM=False, num_stages=4, num_warps=8
  triton_mm_159 0.4096 ms 42.6% ACC_TYPE='tl.float32', ALLOW_TF32=True, BLOCK_K=64, BLOCK_M=64, BLOCK_N=64, EVEN_K=True, GROUP_M=8, USE_FAST_ACCUM=False, num_stages=3, num_warps=8
  triton_mm_161 0.4250 ms 41.0% ACC_TYPE='tl.float32', ALLOW_TF32=True, BLOCK_K=32, BLOCK_M=64, BLOCK_N=128, EVEN_K=True, GROUP_M=8, USE_FAST_ACCUM=False, num_stages=3, num_warps=4
SingleProcess AUTOTUNE benchmarking takes 2.1124 seconds and 1.2356 seconds precompiling for 20 choices
AUTOTUNE mm(8192x8192, 8192x2048)
strides: [8192, 1], [2048, 1]
dtypes: torch.bfloat16, torch.bfloat16
  mm 0.1735 ms 100.0% 
  triton_mm_169 0.2751 ms 63.1% ACC_TYPE='tl.float32', ALLOW_TF32=True, BLOCK_K=64, BLOCK_M=128, BLOCK_N=128, EVEN_K=True, GROUP_M=8, USE_FAST_ACCUM=False, num_stages=3, num_warps=4
  triton_mm_170 0.2838 ms 61.1% ACC_TYPE='tl.float32', ALLOW_TF32=True, BLOCK_K=64, BLOCK_M=128, BLOCK_N=128, EVEN_K=True, GROUP_M=8, USE_FAST_ACCUM=False, num_stages=5, num_warps=8
  triton_mm_163 0.3256 ms 53.3% ACC_TYPE='tl.float32', ALLOW_TF32=True, BLOCK_K=64, BLOCK_M=64, BLOCK_N=128, EVEN_K=True, GROUP_M=8, USE_FAST_ACCUM=False, num_stages=3, num_warps=4
  triton_mm_168 0.3590 ms 48.3% ACC_TYPE='tl.float32', ALLOW_TF32=True, BLOCK_K=32, BLOCK_M=128, BLOCK_N=128, EVEN_K=True, GROUP_M=8, USE_FAST_ACCUM=False, num_stages=3, num_warps=4
  triton_mm_162 0.3623 ms 47.9% ACC_TYPE='tl.float32', ALLOW_TF32=True, BLOCK_K=32, BLOCK_M=64, BLOCK_N=128, EVEN_K=True, GROUP_M=8, USE_FAST_ACCUM=False, num_stages=4, num_warps=8
  triton_mm_165 0.3758 ms 46.2% ACC_TYPE='tl.float32', ALLOW_TF32=True, BLOCK_K=32, BLOCK_M=128, BLOCK_N=64, EVEN_K=True, GROUP_M=8, USE_FAST_ACCUM=False, num_stages=3, num_warps=4
  triton_mm_166 0.3758 ms 46.2% ACC_TYPE='tl.float32', ALLOW_TF32=True, BLOCK_K=32, BLOCK_M=128, BLOCK_N=64, EVEN_K=True, GROUP_M=8, USE_FAST_ACCUM=False, num_stages=4, num_warps=8
  triton_mm_159 0.4095 ms 42.4% ACC_TYPE='tl.float32', ALLOW_TF32=True, BLOCK_K=64, BLOCK_M=64, BLOCK_N=64, EVEN_K=True, GROUP_M=8, USE_FAST_ACCUM=False, num_stages=3, num_warps=8
  triton_mm_161 0.4257 ms 40.8% ACC_TYPE='tl.float32', ALLOW_TF32=True, BLOCK_K=32, BLOCK_M=64, BLOCK_N=128, EVEN_K=True, GROUP_M=8, USE_FAST_ACCUM=False, num_stages=3, num_warps=4
SingleProcess AUTOTUNE benchmarking takes 2.0551 seconds and 0.7674 seconds precompiling for 20 choices
AUTOTUNE mm(8192x8192, 8192x2048)
strides: [1, 8192], [2048, 1]
dtypes: torch.bfloat16, torch.bfloat16
  mm 0.1736 ms 100.0% 
  triton_mm_150 0.2692 ms 64.5% ACC_TYPE='tl.float32', ALLOW_TF32=True, BLOCK_K=64, BLOCK_M=128, BLOCK_N=128, EVEN_K=True, GROUP_M=8, USE_FAST_ACCUM=False, num_stages=3, num_warps=4
  triton_mm_151 0.2854 ms 60.8% ACC_TYPE='tl.float32', ALLOW_TF32=True, BLOCK_K=64, BLOCK_M=128, BLOCK_N=128, EVEN_K=True, GROUP_M=8, USE_FAST_ACCUM=False, num_stages=5, num_warps=8
  triton_mm_147 0.3250 ms 53.4% ACC_TYPE='tl.float32', ALLOW_TF32=True, BLOCK_K=32, BLOCK_M=128, BLOCK_N=64, EVEN_K=True, GROUP_M=8, USE_FAST_ACCUM=False, num_stages=4, num_warps=8
  triton_mm_144 0.3265 ms 53.2% ACC_TYPE='tl.float32', ALLOW_TF32=True, BLOCK_K=64, BLOCK_M=64, BLOCK_N=128, EVEN_K=True, GROUP_M=8, USE_FAST_ACCUM=False, num_stages=3, num_warps=4
  triton_mm_149 0.3294 ms 52.7% ACC_TYPE='tl.float32', ALLOW_TF32=True, BLOCK_K=32, BLOCK_M=128, BLOCK_N=128, EVEN_K=True, GROUP_M=8, USE_FAST_ACCUM=False, num_stages=3, num_warps=4
  triton_mm_146 0.3368 ms 51.5% ACC_TYPE='tl.float32', ALLOW_TF32=True, BLOCK_K=32, BLOCK_M=128, BLOCK_N=64, EVEN_K=True, GROUP_M=8, USE_FAST_ACCUM=False, num_stages=3, num_warps=4
  triton_mm_143 0.3408 ms 50.9% ACC_TYPE='tl.float32', ALLOW_TF32=True, BLOCK_K=32, BLOCK_M=64, BLOCK_N=128, EVEN_K=True, GROUP_M=8, USE_FAST_ACCUM=False, num_stages=4, num_warps=8
  triton_mm_142 0.4106 ms 42.3% ACC_TYPE='tl.float32', ALLOW_TF32=True, BLOCK_K=32, BLOCK_M=64, BLOCK_N=128, EVEN_K=True, GROUP_M=8, USE_FAST_ACCUM=False, num_stages=3, num_warps=4
  triton_mm_140 0.4124 ms 42.1% ACC_TYPE='tl.float32', ALLOW_TF32=True, BLOCK_K=64, BLOCK_M=64, BLOCK_N=64, EVEN_K=True, GROUP_M=8, USE_FAST_ACCUM=False, num_stages=3, num_warps=8
SingleProcess AUTOTUNE benchmarking takes 2.0799 seconds and 0.0002 seconds precompiling for 20 choices
AUTOTUNE mm(8192x8192, 8192x2048)
strides: [1, 8192], [2048, 1]
dtypes: torch.bfloat16, torch.bfloat16
  mm 0.1728 ms 100.0% 
  triton_mm_150 0.2693 ms 64.2% ACC_TYPE='tl.float32', ALLOW_TF32=True, BLOCK_K=64, BLOCK_M=128, BLOCK_N=128, EVEN_K=True, GROUP_M=8, USE_FAST_ACCUM=False, num_stages=3, num_warps=4
  triton_mm_151 0.2845 ms 60.7% ACC_TYPE='tl.float32', ALLOW_TF32=True, BLOCK_K=64, BLOCK_M=128, BLOCK_N=128, EVEN_K=True, GROUP_M=8, USE_FAST_ACCUM=False, num_stages=5, num_warps=8
  triton_mm_147 0.3255 ms 53.1% ACC_TYPE='tl.float32', ALLOW_TF32=True, BLOCK_K=32, BLOCK_M=128, BLOCK_N=64, EVEN_K=True, GROUP_M=8, USE_FAST_ACCUM=False, num_stages=4, num_warps=8
  triton_mm_144 0.3256 ms 53.1% ACC_TYPE='tl.float32', ALLOW_TF32=True, BLOCK_K=64, BLOCK_M=64, BLOCK_N=128, EVEN_K=True, GROUP_M=8, USE_FAST_ACCUM=False, num_stages=3, num_warps=4
  triton_mm_149 0.3284 ms 52.6% ACC_TYPE='tl.float32', ALLOW_TF32=True, BLOCK_K=32, BLOCK_M=128, BLOCK_N=128, EVEN_K=True, GROUP_M=8, USE_FAST_ACCUM=False, num_stages=3, num_warps=4
  triton_mm_146 0.3356 ms 51.5% ACC_TYPE='tl.float32', ALLOW_TF32=True, BLOCK_K=32, BLOCK_M=128, BLOCK_N=64, EVEN_K=True, GROUP_M=8, USE_FAST_ACCUM=False, num_stages=3, num_warps=4
  triton_mm_143 0.3399 ms 50.8% ACC_TYPE='tl.float32', ALLOW_TF32=True, BLOCK_K=32, BLOCK_M=64, BLOCK_N=128, EVEN_K=True, GROUP_M=8, USE_FAST_ACCUM=False, num_stages=4, num_warps=8
  triton_mm_140 0.4123 ms 41.9% ACC_TYPE='tl.float32', ALLOW_TF32=True, BLOCK_K=64, BLOCK_M=64, BLOCK_N=64, EVEN_K=True, GROUP_M=8, USE_FAST_ACCUM=False, num_stages=3, num_warps=8
  triton_mm_142 0.4123 ms 41.9% ACC_TYPE='tl.float32', ALLOW_TF32=True, BLOCK_K=32, BLOCK_M=64, BLOCK_N=128, EVEN_K=True, GROUP_M=8, USE_FAST_ACCUM=False, num_stages=3, num_warps=4
SingleProcess AUTOTUNE benchmarking takes 2.2543 seconds and 0.0003 seconds precompiling for 20 choices
AUTOTUNE mm(2048x8192, 8192x2048)
strides: [1, 2048], [2048, 1]
dtypes: torch.bfloat16, torch.bfloat16
  mm 0.0485 ms 100.0% 
  triton_mm_188 0.0787 ms 61.7% ACC_TYPE='tl.float32', ALLOW_TF32=True, BLOCK_K=64, BLOCK_M=128, BLOCK_N=128, EVEN_K=True, GROUP_M=8, USE_FAST_ACCUM=False, num_stages=3, num_warps=4
  triton_mm_189 0.0932 ms 52.1% ACC_TYPE='tl.float32', ALLOW_TF32=True, BLOCK_K=64, BLOCK_M=128, BLOCK_N=128, EVEN_K=True, GROUP_M=8, USE_FAST_ACCUM=False, num_stages=5, num_warps=8
  triton_mm_181 0.1015 ms 47.8% ACC_TYPE='tl.float32', ALLOW_TF32=True, BLOCK_K=32, BLOCK_M=64, BLOCK_N=128, EVEN_K=True, GROUP_M=8, USE_FAST_ACCUM=False, num_stages=4, num_warps=8
  triton_mm_185 0.1020 ms 47.6% ACC_TYPE='tl.float32', ALLOW_TF32=True, BLOCK_K=32, BLOCK_M=128, BLOCK_N=64, EVEN_K=True, GROUP_M=8, USE_FAST_ACCUM=False, num_stages=4, num_warps=8
  triton_mm_180 0.1103 ms 44.0% ACC_TYPE='tl.float32', ALLOW_TF32=True, BLOCK_K=32, BLOCK_M=64, BLOCK_N=128, EVEN_K=True, GROUP_M=8, USE_FAST_ACCUM=False, num_stages=3, num_warps=4
  triton_mm_182 0.1133 ms 42.8% ACC_TYPE='tl.float32', ALLOW_TF32=True, BLOCK_K=64, BLOCK_M=64, BLOCK_N=128, EVEN_K=True, GROUP_M=8, USE_FAST_ACCUM=False, num_stages=3, num_warps=4
  triton_mm_184 0.1183 ms 41.0% ACC_TYPE='tl.float32', ALLOW_TF32=True, BLOCK_K=32, BLOCK_M=128, BLOCK_N=64, EVEN_K=True, GROUP_M=8, USE_FAST_ACCUM=False, num_stages=3, num_warps=4
  triton_mm_187 0.1196 ms 40.6% ACC_TYPE='tl.float32', ALLOW_TF32=True, BLOCK_K=32, BLOCK_M=128, BLOCK_N=128, EVEN_K=True, GROUP_M=8, USE_FAST_ACCUM=False, num_stages=3, num_warps=4
  triton_mm_178 0.1226 ms 39.6% ACC_TYPE='tl.float32', ALLOW_TF32=True, BLOCK_K=64, BLOCK_M=64, BLOCK_N=64, EVEN_K=True, GROUP_M=8, USE_FAST_ACCUM=False, num_stages=3, num_warps=8
SingleProcess AUTOTUNE benchmarking takes 2.2013 seconds and 0.0002 seconds precompiling for 20 choices
AUTOTUNE mm(2048x8192, 8192x2048)
strides: [1, 2048], [2048, 1]
dtypes: torch.bfloat16, torch.bfloat16
  mm 0.0480 ms 100.0% 
  triton_mm_188 0.0786 ms 61.1% ACC_TYPE='tl.float32', ALLOW_TF32=True, BLOCK_K=64, BLOCK_M=128, BLOCK_N=128, EVEN_K=True, GROUP_M=8, USE_FAST_ACCUM=False, num_stages=3, num_warps=4
  triton_mm_189 0.0919 ms 52.2% ACC_TYPE='tl.float32', ALLOW_TF32=True, BLOCK_K=64, BLOCK_M=128, BLOCK_N=128, EVEN_K=True, GROUP_M=8, USE_FAST_ACCUM=False, num_stages=5, num_warps=8
  triton_mm_181 0.1012 ms 47.4% ACC_TYPE='tl.float32', ALLOW_TF32=True, BLOCK_K=32, BLOCK_M=64, BLOCK_N=128, EVEN_K=True, GROUP_M=8, USE_FAST_ACCUM=False, num_stages=4, num_warps=8
  triton_mm_185 0.1022 ms 46.9% ACC_TYPE='tl.float32', ALLOW_TF32=True, BLOCK_K=32, BLOCK_M=128, BLOCK_N=64, EVEN_K=True, GROUP_M=8, USE_FAST_ACCUM=False, num_stages=4, num_warps=8
  triton_mm_180 0.1104 ms 43.5% ACC_TYPE='tl.float32', ALLOW_TF32=True, BLOCK_K=32, BLOCK_M=64, BLOCK_N=128, EVEN_K=True, GROUP_M=8, USE_FAST_ACCUM=False, num_stages=3, num_warps=4
  triton_mm_182 0.1134 ms 42.3% ACC_TYPE='tl.float32', ALLOW_TF32=True, BLOCK_K=64, BLOCK_M=64, BLOCK_N=128, EVEN_K=True, GROUP_M=8, USE_FAST_ACCUM=False, num_stages=3, num_warps=4
  triton_mm_184 0.1177 ms 40.8% ACC_TYPE='tl.float32', ALLOW_TF32=True, BLOCK_K=32, BLOCK_M=128, BLOCK_N=64, EVEN_K=True, GROUP_M=8, USE_FAST_ACCUM=False, num_stages=3, num_warps=4
  triton_mm_187 0.1198 ms 40.1% ACC_TYPE='tl.float32', ALLOW_TF32=True, BLOCK_K=32, BLOCK_M=128, BLOCK_N=128, EVEN_K=True, GROUP_M=8, USE_FAST_ACCUM=False, num_stages=3, num_warps=4
  triton_mm_178 0.1219 ms 39.4% ACC_TYPE='tl.float32', ALLOW_TF32=True, BLOCK_K=64, BLOCK_M=64, BLOCK_N=64, EVEN_K=True, GROUP_M=8, USE_FAST_ACCUM=False, num_stages=3, num_warps=8
SingleProcess AUTOTUNE benchmarking takes 1.9129 seconds and 0.1778 seconds precompiling for 20 choices
AUTOTUNE mm(8192x2048, 2048x2048)
strides: [2048, 1], [2048, 1]
dtypes: torch.bfloat16, torch.bfloat16
  mm 0.0529 ms 100.0% 
  triton_mm_207 0.0747 ms 70.9% ACC_TYPE='tl.float32', ALLOW_TF32=True, BLOCK_K=64, BLOCK_M=128, BLOCK_N=128, EVEN_K=True, GROUP_M=8, USE_FAST_ACCUM=False, num_stages=3, num_warps=4
  triton_mm_208 0.0910 ms 58.1% ACC_TYPE='tl.float32', ALLOW_TF32=True, BLOCK_K=64, BLOCK_M=128, BLOCK_N=128, EVEN_K=True, GROUP_M=8, USE_FAST_ACCUM=False, num_stages=5, num_warps=8
  triton_mm_206 0.0919 ms 57.6% ACC_TYPE='tl.float32', ALLOW_TF32=True, BLOCK_K=32, BLOCK_M=128, BLOCK_N=128, EVEN_K=True, GROUP_M=8, USE_FAST_ACCUM=False, num_stages=3, num_warps=4
  triton_mm_201 0.0950 ms 55.7% ACC_TYPE='tl.float32', ALLOW_TF32=True, BLOCK_K=64, BLOCK_M=64, BLOCK_N=128, EVEN_K=True, GROUP_M=8, USE_FAST_ACCUM=False, num_stages=3, num_warps=4
  triton_mm_203 0.1011 ms 52.3% ACC_TYPE='tl.float32', ALLOW_TF32=True, BLOCK_K=32, BLOCK_M=128, BLOCK_N=64, EVEN_K=True, GROUP_M=8, USE_FAST_ACCUM=False, num_stages=3, num_warps=4
  triton_mm_200 0.1031 ms 51.3% ACC_TYPE='tl.float32', ALLOW_TF32=True, BLOCK_K=32, BLOCK_M=64, BLOCK_N=128, EVEN_K=True, GROUP_M=8, USE_FAST_ACCUM=False, num_stages=4, num_warps=8
  triton_mm_204 0.1065 ms 49.7% ACC_TYPE='tl.float32', ALLOW_TF32=True, BLOCK_K=32, BLOCK_M=128, BLOCK_N=64, EVEN_K=True, GROUP_M=8, USE_FAST_ACCUM=False, num_stages=4, num_warps=8
  triton_mm_199 0.1138 ms 46.5% ACC_TYPE='tl.float32', ALLOW_TF32=True, BLOCK_K=32, BLOCK_M=64, BLOCK_N=128, EVEN_K=True, GROUP_M=8, USE_FAST_ACCUM=False, num_stages=3, num_warps=4
  triton_mm_197 0.1175 ms 45.0% ACC_TYPE='tl.float32', ALLOW_TF32=True, BLOCK_K=64, BLOCK_M=64, BLOCK_N=64, EVEN_K=True, GROUP_M=8, USE_FAST_ACCUM=False, num_stages=3, num_warps=8
SingleProcess AUTOTUNE benchmarking takes 1.7602 seconds and 0.0002 seconds precompiling for 20 choices
AUTOTUNE mm(8192x2048, 2048x2048)
strides: [2048, 1], [2048, 1]
dtypes: torch.bfloat16, torch.bfloat16
  mm 0.0529 ms 100.0% 
  triton_mm_207 0.0748 ms 70.7% ACC_TYPE='tl.float32', ALLOW_TF32=True, BLOCK_K=64, BLOCK_M=128, BLOCK_N=128, EVEN_K=True, GROUP_M=8, USE_FAST_ACCUM=False, num_stages=3, num_warps=4
  triton_mm_208 0.0892 ms 59.2% ACC_TYPE='tl.float32', ALLOW_TF32=True, BLOCK_K=64, BLOCK_M=128, BLOCK_N=128, EVEN_K=True, GROUP_M=8, USE_FAST_ACCUM=False, num_stages=5, num_warps=8
  triton_mm_206 0.0918 ms 57.6% ACC_TYPE='tl.float32', ALLOW_TF32=True, BLOCK_K=32, BLOCK_M=128, BLOCK_N=128, EVEN_K=True, GROUP_M=8, USE_FAST_ACCUM=False, num_stages=3, num_warps=4
  triton_mm_201 0.0952 ms 55.5% ACC_TYPE='tl.float32', ALLOW_TF32=True, BLOCK_K=64, BLOCK_M=64, BLOCK_N=128, EVEN_K=True, GROUP_M=8, USE_FAST_ACCUM=False, num_stages=3, num_warps=4
  triton_mm_203 0.1012 ms 52.2% ACC_TYPE='tl.float32', ALLOW_TF32=True, BLOCK_K=32, BLOCK_M=128, BLOCK_N=64, EVEN_K=True, GROUP_M=8, USE_FAST_ACCUM=False, num_stages=3, num_warps=4
  triton_mm_200 0.1032 ms 51.2% ACC_TYPE='tl.float32', ALLOW_TF32=True, BLOCK_K=32, BLOCK_M=64, BLOCK_N=128, EVEN_K=True, GROUP_M=8, USE_FAST_ACCUM=False, num_stages=4, num_warps=8
  triton_mm_204 0.1064 ms 49.7% ACC_TYPE='tl.float32', ALLOW_TF32=True, BLOCK_K=32, BLOCK_M=128, BLOCK_N=64, EVEN_K=True, GROUP_M=8, USE_FAST_ACCUM=False, num_stages=4, num_warps=8
  triton_mm_199 0.1145 ms 46.2% ACC_TYPE='tl.float32', ALLOW_TF32=True, BLOCK_K=32, BLOCK_M=64, BLOCK_N=128, EVEN_K=True, GROUP_M=8, USE_FAST_ACCUM=False, num_stages=3, num_warps=4
  triton_mm_197 0.1177 ms 44.9% ACC_TYPE='tl.float32', ALLOW_TF32=True, BLOCK_K=64, BLOCK_M=64, BLOCK_N=64, EVEN_K=True, GROUP_M=8, USE_FAST_ACCUM=False, num_stages=3, num_warps=8
SingleProcess AUTOTUNE benchmarking takes 1.9310 seconds and 0.0003 seconds precompiling for 20 choices
AUTOTUNE mm(8192x512, 512x2048)
strides: [512, 1], [2048, 1]
dtypes: torch.bfloat16, torch.bfloat16
  mm 0.0234 ms 100.0% 
  triton_mm_245 0.0336 ms 69.6% ACC_TYPE='tl.float32', ALLOW_TF32=True, BLOCK_K=64, BLOCK_M=128, BLOCK_N=128, EVEN_K=True, GROUP_M=8, USE_FAST_ACCUM=False, num_stages=3, num_warps=4
  triton_mm_244 0.0357 ms 65.6% ACC_TYPE='tl.float32', ALLOW_TF32=True, BLOCK_K=32, BLOCK_M=128, BLOCK_N=128, EVEN_K=True, GROUP_M=8, USE_FAST_ACCUM=False, num_stages=3, num_warps=4
  triton_mm_241 0.0391 ms 59.8% ACC_TYPE='tl.float32', ALLOW_TF32=True, BLOCK_K=32, BLOCK_M=128, BLOCK_N=64, EVEN_K=True, GROUP_M=8, USE_FAST_ACCUM=False, num_stages=3, num_warps=4
  triton_mm_239 0.0397 ms 59.0% ACC_TYPE='tl.float32', ALLOW_TF32=True, BLOCK_K=64, BLOCK_M=64, BLOCK_N=128, EVEN_K=True, GROUP_M=8, USE_FAST_ACCUM=False, num_stages=3, num_warps=4
  triton_mm_237 0.0407 ms 57.4% ACC_TYPE='tl.float32', ALLOW_TF32=True, BLOCK_K=32, BLOCK_M=64, BLOCK_N=128, EVEN_K=True, GROUP_M=8, USE_FAST_ACCUM=False, num_stages=3, num_warps=4
  triton_mm_238 0.0417 ms 56.1% ACC_TYPE='tl.float32', ALLOW_TF32=True, BLOCK_K=32, BLOCK_M=64, BLOCK_N=128, EVEN_K=True, GROUP_M=8, USE_FAST_ACCUM=False, num_stages=4, num_warps=8
  triton_mm_242 0.0419 ms 55.9% ACC_TYPE='tl.float32', ALLOW_TF32=True, BLOCK_K=32, BLOCK_M=128, BLOCK_N=64, EVEN_K=True, GROUP_M=8, USE_FAST_ACCUM=False, num_stages=4, num_warps=8
  triton_mm_246 0.0428 ms 54.6% ACC_TYPE='tl.float32', ALLOW_TF32=True, BLOCK_K=64, BLOCK_M=128, BLOCK_N=128, EVEN_K=True, GROUP_M=8, USE_FAST_ACCUM=False, num_stages=5, num_warps=8
  triton_mm_243 0.0448 ms 52.2% ACC_TYPE='tl.float32', ALLOW_TF32=True, BLOCK_K=32, BLOCK_M=128, BLOCK_N=128, EVEN_K=True, GROUP_M=8, USE_FAST_ACCUM=False, num_stages=2, num_warps=8
SingleProcess AUTOTUNE benchmarking takes 1.6558 seconds and 0.7592 seconds precompiling for 20 choices
AUTOTUNE mm(512x8192, 8192x2048)
strides: [1, 512], [2048, 1]
dtypes: torch.bfloat16, torch.bfloat16
  mm 0.0254 ms 100.0% 
  triton_mm_221 0.0385 ms 66.0% ACC_TYPE='tl.float32', ALLOW_TF32=True, BLOCK_K=128, BLOCK_M=64, BLOCK_N=128, EVEN_K=True, GROUP_M=8, USE_FAST_ACCUM=False, num_stages=4, num_warps=4
  triton_mm_227 0.0460 ms 55.4% ACC_TYPE='tl.float32', ALLOW_TF32=True, BLOCK_K=64, BLOCK_M=128, BLOCK_N=128, EVEN_K=True, GROUP_M=8, USE_FAST_ACCUM=False, num_stages=5, num_warps=8
  triton_mm_217 0.0543 ms 46.8% ACC_TYPE='tl.float32', ALLOW_TF32=True, BLOCK_K=128, BLOCK_M=64, BLOCK_N=64, EVEN_K=True, GROUP_M=8, USE_FAST_ACCUM=False, num_stages=5, num_warps=4
  triton_mm_216 0.0671 ms 37.9% ACC_TYPE='tl.float32', ALLOW_TF32=True, BLOCK_K=64, BLOCK_M=64, BLOCK_N=64, EVEN_K=True, GROUP_M=8, USE_FAST_ACCUM=False, num_stages=3, num_warps=8
  triton_mm_220 0.0685 ms 37.1% ACC_TYPE='tl.float32', ALLOW_TF32=True, BLOCK_K=64, BLOCK_M=64, BLOCK_N=128, EVEN_K=True, GROUP_M=8, USE_FAST_ACCUM=False, num_stages=3, num_warps=4
  triton_mm_226 0.0707 ms 36.0% ACC_TYPE='tl.float32', ALLOW_TF32=True, BLOCK_K=64, BLOCK_M=128, BLOCK_N=128, EVEN_K=True, GROUP_M=8, USE_FAST_ACCUM=False, num_stages=3, num_warps=4
  triton_mm_219 0.0795 ms 32.0% ACC_TYPE='tl.float32', ALLOW_TF32=True, BLOCK_K=32, BLOCK_M=64, BLOCK_N=128, EVEN_K=True, GROUP_M=8, USE_FAST_ACCUM=False, num_stages=4, num_warps=8
  triton_mm_223 0.0806 ms 31.6% ACC_TYPE='tl.float32', ALLOW_TF32=True, BLOCK_K=32, BLOCK_M=128, BLOCK_N=64, EVEN_K=True, GROUP_M=8, USE_FAST_ACCUM=False, num_stages=4, num_warps=8
  triton_mm_212 0.0890 ms 28.6% ACC_TYPE='tl.float32', ALLOW_TF32=True, BLOCK_K=32, BLOCK_M=64, BLOCK_N=32, EVEN_K=True, GROUP_M=8, USE_FAST_ACCUM=False, num_stages=5, num_warps=8
SingleProcess AUTOTUNE benchmarking takes 1.7637 seconds and 0.0002 seconds precompiling for 20 choices
AUTOTUNE mm(8192x512, 512x2048)
strides: [512, 1], [2048, 1]
dtypes: torch.bfloat16, torch.bfloat16
  mm 0.0231 ms 100.0% 
  triton_mm_245 0.0335 ms 69.0% ACC_TYPE='tl.float32', ALLOW_TF32=True, BLOCK_K=64, BLOCK_M=128, BLOCK_N=128, EVEN_K=True, GROUP_M=8, USE_FAST_ACCUM=False, num_stages=3, num_warps=4
  triton_mm_244 0.0355 ms 65.2% ACC_TYPE='tl.float32', ALLOW_TF32=True, BLOCK_K=32, BLOCK_M=128, BLOCK_N=128, EVEN_K=True, GROUP_M=8, USE_FAST_ACCUM=False, num_stages=3, num_warps=4
  triton_mm_241 0.0379 ms 61.0% ACC_TYPE='tl.float32', ALLOW_TF32=True, BLOCK_K=32, BLOCK_M=128, BLOCK_N=64, EVEN_K=True, GROUP_M=8, USE_FAST_ACCUM=False, num_stages=3, num_warps=4
  triton_mm_239 0.0396 ms 58.4% ACC_TYPE='tl.float32', ALLOW_TF32=True, BLOCK_K=64, BLOCK_M=64, BLOCK_N=128, EVEN_K=True, GROUP_M=8, USE_FAST_ACCUM=False, num_stages=3, num_warps=4
  triton_mm_237 0.0414 ms 55.8% ACC_TYPE='tl.float32', ALLOW_TF32=True, BLOCK_K=32, BLOCK_M=64, BLOCK_N=128, EVEN_K=True, GROUP_M=8, USE_FAST_ACCUM=False, num_stages=3, num_warps=4
  triton_mm_238 0.0416 ms 55.5% ACC_TYPE='tl.float32', ALLOW_TF32=True, BLOCK_K=32, BLOCK_M=64, BLOCK_N=128, EVEN_K=True, GROUP_M=8, USE_FAST_ACCUM=False, num_stages=4, num_warps=8
  triton_mm_242 0.0421 ms 54.9% ACC_TYPE='tl.float32', ALLOW_TF32=True, BLOCK_K=32, BLOCK_M=128, BLOCK_N=64, EVEN_K=True, GROUP_M=8, USE_FAST_ACCUM=False, num_stages=4, num_warps=8
  triton_mm_246 0.0432 ms 53.5% ACC_TYPE='tl.float32', ALLOW_TF32=True, BLOCK_K=64, BLOCK_M=128, BLOCK_N=128, EVEN_K=True, GROUP_M=8, USE_FAST_ACCUM=False, num_stages=5, num_warps=8
  triton_mm_243 0.0440 ms 52.5% ACC_TYPE='tl.float32', ALLOW_TF32=True, BLOCK_K=32, BLOCK_M=128, BLOCK_N=128, EVEN_K=True, GROUP_M=8, USE_FAST_ACCUM=False, num_stages=2, num_warps=8
SingleProcess AUTOTUNE benchmarking takes 1.5975 seconds and 0.6204 seconds precompiling for 20 choices
AUTOTUNE mm(512x8192, 8192x2048)
strides: [1, 512], [2048, 1]
dtypes: torch.bfloat16, torch.bfloat16
  mm 0.0254 ms 100.0% 
  triton_mm_221 0.0377 ms 67.3% ACC_TYPE='tl.float32', ALLOW_TF32=True, BLOCK_K=128, BLOCK_M=64, BLOCK_N=128, EVEN_K=True, GROUP_M=8, USE_FAST_ACCUM=False, num_stages=4, num_warps=4
  triton_mm_227 0.0451 ms 56.3% ACC_TYPE='tl.float32', ALLOW_TF32=True, BLOCK_K=64, BLOCK_M=128, BLOCK_N=128, EVEN_K=True, GROUP_M=8, USE_FAST_ACCUM=False, num_stages=5, num_warps=8
  triton_mm_217 0.0541 ms 46.9% ACC_TYPE='tl.float32', ALLOW_TF32=True, BLOCK_K=128, BLOCK_M=64, BLOCK_N=64, EVEN_K=True, GROUP_M=8, USE_FAST_ACCUM=False, num_stages=5, num_warps=4
  triton_mm_216 0.0665 ms 38.2% ACC_TYPE='tl.float32', ALLOW_TF32=True, BLOCK_K=64, BLOCK_M=64, BLOCK_N=64, EVEN_K=True, GROUP_M=8, USE_FAST_ACCUM=False, num_stages=3, num_warps=8
  triton_mm_220 0.0684 ms 37.1% ACC_TYPE='tl.float32', ALLOW_TF32=True, BLOCK_K=64, BLOCK_M=64, BLOCK_N=128, EVEN_K=True, GROUP_M=8, USE_FAST_ACCUM=False, num_stages=3, num_warps=4
  triton_mm_226 0.0703 ms 36.1% ACC_TYPE='tl.float32', ALLOW_TF32=True, BLOCK_K=64, BLOCK_M=128, BLOCK_N=128, EVEN_K=True, GROUP_M=8, USE_FAST_ACCUM=False, num_stages=3, num_warps=4
  triton_mm_223 0.0788 ms 32.2% ACC_TYPE='tl.float32', ALLOW_TF32=True, BLOCK_K=32, BLOCK_M=128, BLOCK_N=64, EVEN_K=True, GROUP_M=8, USE_FAST_ACCUM=False, num_stages=4, num_warps=8
  triton_mm_219 0.0790 ms 32.1% ACC_TYPE='tl.float32', ALLOW_TF32=True, BLOCK_K=32, BLOCK_M=64, BLOCK_N=128, EVEN_K=True, GROUP_M=8, USE_FAST_ACCUM=False, num_stages=4, num_warps=8
  triton_mm_212 0.0897 ms 28.3% ACC_TYPE='tl.float32', ALLOW_TF32=True, BLOCK_K=32, BLOCK_M=64, BLOCK_N=32, EVEN_K=True, GROUP_M=8, USE_FAST_ACCUM=False, num_stages=5, num_warps=8
SingleProcess AUTOTUNE benchmarking takes 1.6509 seconds and 0.0003 seconds precompiling for 20 choices
AUTOTUNE mm(8192x2048, 2048x2048)
strides: [2048, 1], [2048, 1]
dtypes: torch.bfloat16, torch.bfloat16
  mm 0.0521 ms 100.0% 
  triton_mm_283 0.0745 ms 69.9% ACC_TYPE='tl.float32', ALLOW_TF32=True, BLOCK_K=64, BLOCK_M=128, BLOCK_N=128, EVEN_K=True, GROUP_M=8, USE_FAST_ACCUM=False, num_stages=3, num_warps=4
  triton_mm_284 0.0891 ms 58.4% ACC_TYPE='tl.float32', ALLOW_TF32=True, BLOCK_K=64, BLOCK_M=128, BLOCK_N=128, EVEN_K=True, GROUP_M=8, USE_FAST_ACCUM=False, num_stages=5, num_warps=8
  triton_mm_282 0.0913 ms 57.0% ACC_TYPE='tl.float32', ALLOW_TF32=True, BLOCK_K=32, BLOCK_M=128, BLOCK_N=128, EVEN_K=True, GROUP_M=8, USE_FAST_ACCUM=False, num_stages=3, num_warps=4
  triton_mm_277 0.0951 ms 54.7% ACC_TYPE='tl.float32', ALLOW_TF32=True, BLOCK_K=64, BLOCK_M=64, BLOCK_N=128, EVEN_K=True, GROUP_M=8, USE_FAST_ACCUM=False, num_stages=3, num_warps=4
  triton_mm_279 0.1013 ms 51.4% ACC_TYPE='tl.float32', ALLOW_TF32=True, BLOCK_K=32, BLOCK_M=128, BLOCK_N=64, EVEN_K=True, GROUP_M=8, USE_FAST_ACCUM=False, num_stages=3, num_warps=4
  triton_mm_276 0.1033 ms 50.4% ACC_TYPE='tl.float32', ALLOW_TF32=True, BLOCK_K=32, BLOCK_M=64, BLOCK_N=128, EVEN_K=True, GROUP_M=8, USE_FAST_ACCUM=False, num_stages=4, num_warps=8
  triton_mm_280 0.1072 ms 48.6% ACC_TYPE='tl.float32', ALLOW_TF32=True, BLOCK_K=32, BLOCK_M=128, BLOCK_N=64, EVEN_K=True, GROUP_M=8, USE_FAST_ACCUM=False, num_stages=4, num_warps=8
  triton_mm_275 0.1156 ms 45.1% ACC_TYPE='tl.float32', ALLOW_TF32=True, BLOCK_K=32, BLOCK_M=64, BLOCK_N=128, EVEN_K=True, GROUP_M=8, USE_FAST_ACCUM=False, num_stages=3, num_warps=4
  triton_mm_273 0.1177 ms 44.2% ACC_TYPE='tl.float32', ALLOW_TF32=True, BLOCK_K=64, BLOCK_M=64, BLOCK_N=64, EVEN_K=True, GROUP_M=8, USE_FAST_ACCUM=False, num_stages=3, num_warps=8
SingleProcess AUTOTUNE benchmarking takes 0.4661 seconds and 0.0001 seconds precompiling for 20 choices
AUTOTUNE mm(2048x8192, 8192x2048)
strides: [1, 2048], [2048, 1]
dtypes: torch.bfloat16, torch.bfloat16
  mm 0.0480 ms 100.0% 
  triton_mm_264 0.0786 ms 61.1% ACC_TYPE='tl.float32', ALLOW_TF32=True, BLOCK_K=64, BLOCK_M=128, BLOCK_N=128, EVEN_K=True, GROUP_M=8, USE_FAST_ACCUM=False, num_stages=3, num_warps=4
  triton_mm_265 0.0912 ms 52.7% ACC_TYPE='tl.float32', ALLOW_TF32=True, BLOCK_K=64, BLOCK_M=128, BLOCK_N=128, EVEN_K=True, GROUP_M=8, USE_FAST_ACCUM=False, num_stages=5, num_warps=8
  triton_mm_257 0.1012 ms 47.4% ACC_TYPE='tl.float32', ALLOW_TF32=True, BLOCK_K=32, BLOCK_M=64, BLOCK_N=128, EVEN_K=True, GROUP_M=8, USE_FAST_ACCUM=False, num_stages=4, num_warps=8
  triton_mm_261 0.1033 ms 46.5% ACC_TYPE='tl.float32', ALLOW_TF32=True, BLOCK_K=32, BLOCK_M=128, BLOCK_N=64, EVEN_K=True, GROUP_M=8, USE_FAST_ACCUM=False, num_stages=4, num_warps=8
  triton_mm_256 0.1093 ms 43.9% ACC_TYPE='tl.float32', ALLOW_TF32=True, BLOCK_K=32, BLOCK_M=64, BLOCK_N=128, EVEN_K=True, GROUP_M=8, USE_FAST_ACCUM=False, num_stages=3, num_warps=4
  triton_mm_258 0.1114 ms 43.1% ACC_TYPE='tl.float32', ALLOW_TF32=True, BLOCK_K=64, BLOCK_M=64, BLOCK_N=128, EVEN_K=True, GROUP_M=8, USE_FAST_ACCUM=False, num_stages=3, num_warps=4
  triton_mm_260 0.1177 ms 40.8% ACC_TYPE='tl.float32', ALLOW_TF32=True, BLOCK_K=32, BLOCK_M=128, BLOCK_N=64, EVEN_K=True, GROUP_M=8, USE_FAST_ACCUM=False, num_stages=3, num_warps=4
  triton_mm_263 0.1196 ms 40.1% ACC_TYPE='tl.float32', ALLOW_TF32=True, BLOCK_K=32, BLOCK_M=128, BLOCK_N=128, EVEN_K=True, GROUP_M=8, USE_FAST_ACCUM=False, num_stages=3, num_warps=4
  triton_mm_254 0.1218 ms 39.4% ACC_TYPE='tl.float32', ALLOW_TF32=True, BLOCK_K=64, BLOCK_M=64, BLOCK_N=64, EVEN_K=True, GROUP_M=8, USE_FAST_ACCUM=False, num_stages=3, num_warps=8
SingleProcess AUTOTUNE benchmarking takes 0.4736 seconds and 0.0001 seconds precompiling for 20 choices
{
  "attention_backend": "flash_only",
  "batch_seqs_per_gpu": 16,
  "bf16": true,
  "compile": true,
  "compile_mode": "max-autotune",
  "cuda": "12.8",
  "feature_dim": 16384,
  "feature_spec_sha256": "10243f0378ec8aa39a01baf689630986bbb447d47fcc17c94f98fff3077f429a",
  "fused_attention": true,
  "gpu": "NVIDIA B200",
  "ig_k": 1,
  "input": "synthetic_uniform_v1",
  "master_dtype": "float32",
  "model": {
    "id": "unsloth/Llama-3.2-1B",
    "revision": "9535bd9b1d1dea6acafbdc4813b728796aeb28da"
  },
  "pass_dtype": "bfloat16",
  "peak_gpu_gib_max_rank": 39.02402114868164,
  "pos_per_seq": 506,
  "positions": 129536,
  "positions_per_second": 93091.03694730591,
  "profile": "optimized",
  "scalar": "equal_reward",
  "seconds_max_rank": 1.39149808883667,
  "sensor": "gim",
  "seq_len": 512,
  "sequence_tokens_per_second": 94194.88323521863,
  "timed_batches": 8,
  "torch": "2.8.0+cu128",
  "transformers": "4.57.6",
  "warmup_batches": 2,
  "warmup_seconds_max_rank": 122.74691772460938,
  "world": 2
}
+ torchrun --nproc_per_node=2 collect_fast.py benchmark --profile optimized --spec_tag stream_spec --synthetic_data --pos_per_seq 506 --batch_seqs 16 --benchmark_batches 8 --master_dtype bfloat16 --output out/bench_fast_bs16_bf16master.json
W0804 00:35:13.332000 75609 torch/distributed/run.py:774] 
W0804 00:35:13.332000 75609 torch/distributed/run.py:774] *****************************************
W0804 00:35:13.332000 75609 torch/distributed/run.py:774] Setting OMP_NUM_THREADS environment variable for each process to be 1 in default, to avoid your system being overloaded, please further tune the variable for optimal performance in your application as needed. 
W0804 00:35:13.332000 75609 torch/distributed/run.py:774] *****************************************
{
  "attention_backend": "flash_only",
  "batch_seqs_per_gpu": 16,
  "bf16": true,
  "compile": true,
  "compile_mode": "default",
  "cuda": "12.8",
  "feature_dim": 16384,
  "feature_spec_sha256": "10243f0378ec8aa39a01baf689630986bbb447d47fcc17c94f98fff3077f429a",
  "fused_attention": true,
  "gpu": "NVIDIA B200",
  "ig_k": 1,
  "input": "synthetic_uniform_v1",
  "master_dtype": "bfloat16",
  "model": {
    "id": "unsloth/Llama-3.2-1B",
    "revision": "9535bd9b1d1dea6acafbdc4813b728796aeb28da"
  },
  "pass_dtype": "bfloat16",
  "peak_gpu_gib_max_rank": 26.396940231323242,
  "pos_per_seq": 506,
  "positions": 129536,
  "positions_per_second": 107618.97302649177,
  "profile": "optimized",
  "scalar": "equal_reward",
  "seconds_max_rank": 1.2036539316177368,
  "sensor": "gim",
  "seq_len": 512,
  "sequence_tokens_per_second": 108895.08733115374,
  "timed_batches": 8,
  "torch": "2.8.0+cu128",
  "transformers": "4.57.6",
  "warmup_batches": 2,
  "warmup_seconds_max_rank": 3.570364475250244,
  "world": 2
}
+ for bs in 16 32
+ torchrun --nproc_per_node=2 collect_fast.py benchmark --profile optimized --spec_tag stream_spec --synthetic_data --pos_per_seq 506 --batch_seqs 32 --benchmark_batches 8 --compile_mode max-autotune --output out/bench_fast_bs32_autotune.json
W0804 00:35:33.348000 75858 torch/distributed/run.py:774] 
W0804 00:35:33.348000 75858 torch/distributed/run.py:774] *****************************************
W0804 00:35:33.348000 75858 torch/distributed/run.py:774] Setting OMP_NUM_THREADS environment variable for each process to be 1 in default, to avoid your system being overloaded, please further tune the variable for optimal performance in your application as needed. 
W0804 00:35:33.348000 75858 torch/distributed/run.py:774] *****************************************
AUTOTUNE mm(16384x2048, 2048x2048)
strides: [2048, 1], [1, 2048]
dtypes: torch.bfloat16, torch.bfloat16
  mm 0.0951 ms 100.0% 
  triton_mm_17 0.1278 ms 74.4% ACC_TYPE='tl.float32', ALLOW_TF32=True, BLOCK_K=64, BLOCK_M=128, BLOCK_N=128, EVEN_K=True, GROUP_M=8, USE_FAST_ACCUM=False, num_stages=3, num_warps=4
  triton_mm_16 0.1674 ms 56.8% ACC_TYPE='tl.float32', ALLOW_TF32=True, BLOCK_K=32, BLOCK_M=128, BLOCK_N=128, EVEN_K=True, GROUP_M=8, USE_FAST_ACCUM=False, num_stages=3, num_warps=4
  triton_mm_18 0.1688 ms 56.4% ACC_TYPE='tl.float32', ALLOW_TF32=True, BLOCK_K=64, BLOCK_M=128, BLOCK_N=128, EVEN_K=True, GROUP_M=8, USE_FAST_ACCUM=False, num_stages=5, num_warps=8
  triton_mm_11 0.1738 ms 54.7% ACC_TYPE='tl.float32', ALLOW_TF32=True, BLOCK_K=64, BLOCK_M=64, BLOCK_N=128, EVEN_K=True, GROUP_M=8, USE_FAST_ACCUM=False, num_stages=3, num_warps=4
  triton_mm_13 0.2200 ms 43.2% ACC_TYPE='tl.float32', ALLOW_TF32=True, BLOCK_K=32, BLOCK_M=128, BLOCK_N=64, EVEN_K=True, GROUP_M=8, USE_FAST_ACCUM=False, num_stages=3, num_warps=4
  triton_mm_15 0.2200 ms 43.2% ACC_TYPE='tl.float32', ALLOW_TF32=True, BLOCK_K=32, BLOCK_M=128, BLOCK_N=128, EVEN_K=True, GROUP_M=8, USE_FAST_ACCUM=False, num_stages=2, num_warps=8
  triton_mm_7 0.2220 ms 42.8% ACC_TYPE='tl.float32', ALLOW_TF32=True, BLOCK_K=64, BLOCK_M=64, BLOCK_N=64, EVEN_K=True, GROUP_M=8, USE_FAST_ACCUM=False, num_stages=3, num_warps=8
  triton_mm_9 0.2221 ms 42.8% ACC_TYPE='tl.float32', ALLOW_TF32=True, BLOCK_K=32, BLOCK_M=64, BLOCK_N=128, EVEN_K=True, GROUP_M=8, USE_FAST_ACCUM=False, num_stages=3, num_warps=4
  triton_mm_10 0.2262 ms 42.0% ACC_TYPE='tl.float32', ALLOW_TF32=True, BLOCK_K=32, BLOCK_M=64, BLOCK_N=128, EVEN_K=True, GROUP_M=8, USE_FAST_ACCUM=False, num_stages=4, num_warps=8
SingleProcess AUTOTUNE benchmarking takes 0.7258 seconds and 3.8391 seconds precompiling for 20 choices
AUTOTUNE mm(16384x2048, 2048x2048)
strides: [2048, 1], [1, 2048]
dtypes: torch.bfloat16, torch.bfloat16
  mm 0.0947 ms 100.0% 
  triton_mm_17 0.1277 ms 74.1% ACC_TYPE='tl.float32', ALLOW_TF32=True, BLOCK_K=64, BLOCK_M=128, BLOCK_N=128, EVEN_K=True, GROUP_M=8, USE_FAST_ACCUM=False, num_stages=3, num_warps=4
  triton_mm_18 0.1640 ms 57.7% ACC_TYPE='tl.float32', ALLOW_TF32=True, BLOCK_K=64, BLOCK_M=128, BLOCK_N=128, EVEN_K=True, GROUP_M=8, USE_FAST_ACCUM=False, num_stages=5, num_warps=8
  triton_mm_16 0.1668 ms 56.8% ACC_TYPE='tl.float32', ALLOW_TF32=True, BLOCK_K=32, BLOCK_M=128, BLOCK_N=128, EVEN_K=True, GROUP_M=8, USE_FAST_ACCUM=False, num_stages=3, num_warps=4
  triton_mm_11 0.1729 ms 54.8% ACC_TYPE='tl.float32', ALLOW_TF32=True, BLOCK_K=64, BLOCK_M=64, BLOCK_N=128, EVEN_K=True, GROUP_M=8, USE_FAST_ACCUM=False, num_stages=3, num_warps=4
  triton_mm_9 0.2199 ms 43.1% ACC_TYPE='tl.float32', ALLOW_TF32=True, BLOCK_K=32, BLOCK_M=64, BLOCK_N=128, EVEN_K=True, GROUP_M=8, USE_FAST_ACCUM=False, num_stages=3, num_warps=4
  triton_mm_15 0.2201 ms 43.0% ACC_TYPE='tl.float32', ALLOW_TF32=True, BLOCK_K=32, BLOCK_M=128, BLOCK_N=128, EVEN_K=True, GROUP_M=8, USE_FAST_ACCUM=False, num_stages=2, num_warps=8
  triton_mm_7 0.2201 ms 43.0% ACC_TYPE='tl.float32', ALLOW_TF32=True, BLOCK_K=64, BLOCK_M=64, BLOCK_N=64, EVEN_K=True, GROUP_M=8, USE_FAST_ACCUM=False, num_stages=3, num_warps=8
  triton_mm_13 0.2218 ms 42.7% ACC_TYPE='tl.float32', ALLOW_TF32=True, BLOCK_K=32, BLOCK_M=128, BLOCK_N=64, EVEN_K=True, GROUP_M=8, USE_FAST_ACCUM=False, num_stages=3, num_warps=4
  triton_mm_10 0.2241 ms 42.2% ACC_TYPE='tl.float32', ALLOW_TF32=True, BLOCK_K=32, BLOCK_M=64, BLOCK_N=128, EVEN_K=True, GROUP_M=8, USE_FAST_ACCUM=False, num_stages=4, num_warps=8
SingleProcess AUTOTUNE benchmarking takes 0.7234 seconds and 3.7749 seconds precompiling for 20 choices
AUTOTUNE mm(16384x2048, 2048x512)
strides: [2048, 1], [1, 2048]
dtypes: torch.bfloat16, torch.bfloat16
  mm 0.0317 ms 100.0% 
  triton_mm_36 0.0500 ms 63.4% ACC_TYPE='tl.float32', ALLOW_TF32=True, BLOCK_K=64, BLOCK_M=128, BLOCK_N=128, EVEN_K=True, GROUP_M=8, USE_FAST_ACCUM=False, num_stages=3, num_warps=4
  triton_mm_37 0.0564 ms 56.2% ACC_TYPE='tl.float32', ALLOW_TF32=True, BLOCK_K=64, BLOCK_M=128, BLOCK_N=128, EVEN_K=True, GROUP_M=8, USE_FAST_ACCUM=False, num_stages=5, num_warps=8
  triton_mm_30 0.0623 ms 50.9% ACC_TYPE='tl.float32', ALLOW_TF32=True, BLOCK_K=64, BLOCK_M=64, BLOCK_N=128, EVEN_K=True, GROUP_M=8, USE_FAST_ACCUM=False, num_stages=3, num_warps=4
  triton_mm_33 0.0664 ms 47.8% ACC_TYPE='tl.float32', ALLOW_TF32=True, BLOCK_K=32, BLOCK_M=128, BLOCK_N=64, EVEN_K=True, GROUP_M=8, USE_FAST_ACCUM=False, num_stages=4, num_warps=8
  triton_mm_29 0.0685 ms 46.3% ACC_TYPE='tl.float32', ALLOW_TF32=True, BLOCK_K=32, BLOCK_M=64, BLOCK_N=128, EVEN_K=True, GROUP_M=8, USE_FAST_ACCUM=False, num_stages=4, num_warps=8
  triton_mm_35 0.0746 ms 42.5% ACC_TYPE='tl.float32', ALLOW_TF32=True, BLOCK_K=32, BLOCK_M=128, BLOCK_N=128, EVEN_K=True, GROUP_M=8, USE_FAST_ACCUM=False, num_stages=3, num_warps=4
  triton_mm_28 0.0747 ms 42.5% ACC_TYPE='tl.float32', ALLOW_TF32=True, BLOCK_K=32, BLOCK_M=64, BLOCK_N=128, EVEN_K=True, GROUP_M=8, USE_FAST_ACCUM=False, num_stages=3, num_warps=4
  triton_mm_32 0.0765 ms 41.4% ACC_TYPE='tl.float32', ALLOW_TF32=True, BLOCK_K=32, BLOCK_M=128, BLOCK_N=64, EVEN_K=True, GROUP_M=8, USE_FAST_ACCUM=False, num_stages=3, num_warps=4
  triton_mm_26 0.0767 ms 41.4% ACC_TYPE='tl.float32', ALLOW_TF32=True, BLOCK_K=64, BLOCK_M=64, BLOCK_N=64, EVEN_K=True, GROUP_M=8, USE_FAST_ACCUM=False, num_stages=3, num_warps=8
SingleProcess AUTOTUNE benchmarking takes 1.7997 seconds and 0.8298 seconds precompiling for 20 choices
AUTOTUNE mm(16384x2048, 2048x512)
strides: [2048, 1], [1, 2048]
dtypes: torch.bfloat16, torch.bfloat16
  mm 0.0320 ms 100.0% 
  triton_mm_36 0.0499 ms 64.2% ACC_TYPE='tl.float32', ALLOW_TF32=True, BLOCK_K=64, BLOCK_M=128, BLOCK_N=128, EVEN_K=True, GROUP_M=8, USE_FAST_ACCUM=False, num_stages=3, num_warps=4
  triton_mm_37 0.0562 ms 57.0% ACC_TYPE='tl.float32', ALLOW_TF32=True, BLOCK_K=64, BLOCK_M=128, BLOCK_N=128, EVEN_K=True, GROUP_M=8, USE_FAST_ACCUM=False, num_stages=5, num_warps=8
  triton_mm_30 0.0621 ms 51.6% ACC_TYPE='tl.float32', ALLOW_TF32=True, BLOCK_K=64, BLOCK_M=64, BLOCK_N=128, EVEN_K=True, GROUP_M=8, USE_FAST_ACCUM=False, num_stages=3, num_warps=4
  triton_mm_33 0.0660 ms 48.5% ACC_TYPE='tl.float32', ALLOW_TF32=True, BLOCK_K=32, BLOCK_M=128, BLOCK_N=64, EVEN_K=True, GROUP_M=8, USE_FAST_ACCUM=False, num_stages=4, num_warps=8
  triton_mm_29 0.0682 ms 47.0% ACC_TYPE='tl.float32', ALLOW_TF32=True, BLOCK_K=32, BLOCK_M=64, BLOCK_N=128, EVEN_K=True, GROUP_M=8, USE_FAST_ACCUM=False, num_stages=4, num_warps=8
  triton_mm_28 0.0733 ms 43.7% ACC_TYPE='tl.float32', ALLOW_TF32=True, BLOCK_K=32, BLOCK_M=64, BLOCK_N=128, EVEN_K=True, GROUP_M=8, USE_FAST_ACCUM=False, num_stages=3, num_warps=4
  triton_mm_35 0.0745 ms 43.0% ACC_TYPE='tl.float32', ALLOW_TF32=True, BLOCK_K=32, BLOCK_M=128, BLOCK_N=128, EVEN_K=True, GROUP_M=8, USE_FAST_ACCUM=False, num_stages=3, num_warps=4
  triton_mm_26 0.0762 ms 42.1% ACC_TYPE='tl.float32', ALLOW_TF32=True, BLOCK_K=64, BLOCK_M=64, BLOCK_N=64, EVEN_K=True, GROUP_M=8, USE_FAST_ACCUM=False, num_stages=3, num_warps=8
  triton_mm_32 0.0764 ms 41.9% ACC_TYPE='tl.float32', ALLOW_TF32=True, BLOCK_K=32, BLOCK_M=128, BLOCK_N=64, EVEN_K=True, GROUP_M=8, USE_FAST_ACCUM=False, num_stages=3, num_warps=4
SingleProcess AUTOTUNE benchmarking takes 1.6627 seconds and 0.7790 seconds precompiling for 20 choices
AUTOTUNE mm(16384x2048, 2048x2048)
strides: [2048, 1], [1, 2048]
dtypes: torch.bfloat16, torch.bfloat16
  mm 0.0941 ms 100.0% 
  triton_mm_55 0.1279 ms 73.6% ACC_TYPE='tl.float32', ALLOW_TF32=True, BLOCK_K=64, BLOCK_M=128, BLOCK_N=128, EVEN_K=True, GROUP_M=8, USE_FAST_ACCUM=False, num_stages=3, num_warps=4
  triton_mm_54 0.1677 ms 56.1% ACC_TYPE='tl.float32', ALLOW_TF32=True, BLOCK_K=32, BLOCK_M=128, BLOCK_N=128, EVEN_K=True, GROUP_M=8, USE_FAST_ACCUM=False, num_stages=3, num_warps=4
  triton_mm_56 0.1677 ms 56.1% ACC_TYPE='tl.float32', ALLOW_TF32=True, BLOCK_K=64, BLOCK_M=128, BLOCK_N=128, EVEN_K=True, GROUP_M=8, USE_FAST_ACCUM=False, num_stages=5, num_warps=8
  triton_mm_49 0.1729 ms 54.4% ACC_TYPE='tl.float32', ALLOW_TF32=True, BLOCK_K=64, BLOCK_M=64, BLOCK_N=128, EVEN_K=True, GROUP_M=8, USE_FAST_ACCUM=False, num_stages=3, num_warps=4
  triton_mm_53 0.2199 ms 42.8% ACC_TYPE='tl.float32', ALLOW_TF32=True, BLOCK_K=32, BLOCK_M=128, BLOCK_N=128, EVEN_K=True, GROUP_M=8, USE_FAST_ACCUM=False, num_stages=2, num_warps=8
  triton_mm_51 0.2208 ms 42.6% ACC_TYPE='tl.float32', ALLOW_TF32=True, BLOCK_K=32, BLOCK_M=128, BLOCK_N=64, EVEN_K=True, GROUP_M=8, USE_FAST_ACCUM=False, num_stages=3, num_warps=4
  triton_mm_45 0.2212 ms 42.5% ACC_TYPE='tl.float32', ALLOW_TF32=True, BLOCK_K=64, BLOCK_M=64, BLOCK_N=64, EVEN_K=True, GROUP_M=8, USE_FAST_ACCUM=False, num_stages=3, num_warps=8
  triton_mm_47 0.2221 ms 42.4% ACC_TYPE='tl.float32', ALLOW_TF32=True, BLOCK_K=32, BLOCK_M=64, BLOCK_N=128, EVEN_K=True, GROUP_M=8, USE_FAST_ACCUM=False, num_stages=3, num_warps=4
  triton_mm_52 0.2263 ms 41.6% ACC_TYPE='tl.float32', ALLOW_TF32=True, BLOCK_K=32, BLOCK_M=128, BLOCK_N=64, EVEN_K=True, GROUP_M=8, USE_FAST_ACCUM=False, num_stages=4, num_warps=8
SingleProcess AUTOTUNE benchmarking takes 0.6081 seconds and 0.0000 seconds precompiling for 20 choices
AUTOTUNE mm(16384x2048, 2048x8192)
strides: [2048, 1], [1, 2048]
dtypes: torch.bfloat16, torch.bfloat16
  mm 0.3440 ms 100.0% 
  triton_mm_74 0.4947 ms 69.5% ACC_TYPE='tl.float32', ALLOW_TF32=True, BLOCK_K=64, BLOCK_M=128, BLOCK_N=128, EVEN_K=True, GROUP_M=8, USE_FAST_ACCUM=False, num_stages=3, num_warps=4
  triton_mm_73 0.6122 ms 56.2% ACC_TYPE='tl.float32', ALLOW_TF32=True, BLOCK_K=32, BLOCK_M=128, BLOCK_N=128, EVEN_K=True, GROUP_M=8, USE_FAST_ACCUM=False, num_stages=3, num_warps=4
  triton_mm_75 0.6205 ms 55.4% ACC_TYPE='tl.float32', ALLOW_TF32=True, BLOCK_K=64, BLOCK_M=128, BLOCK_N=128, EVEN_K=True, GROUP_M=8, USE_FAST_ACCUM=False, num_stages=5, num_warps=8
  triton_mm_68 0.6551 ms 52.5% ACC_TYPE='tl.float32', ALLOW_TF32=True, BLOCK_K=64, BLOCK_M=64, BLOCK_N=128, EVEN_K=True, GROUP_M=8, USE_FAST_ACCUM=False, num_stages=3, num_warps=4
  triton_mm_72 0.7517 ms 45.8% ACC_TYPE='tl.float32', ALLOW_TF32=True, BLOCK_K=32, BLOCK_M=128, BLOCK_N=128, EVEN_K=True, GROUP_M=8, USE_FAST_ACCUM=False, num_stages=2, num_warps=8
  triton_mm_70 0.8211 ms 41.9% ACC_TYPE='tl.float32', ALLOW_TF32=True, BLOCK_K=32, BLOCK_M=128, BLOCK_N=64, EVEN_K=True, GROUP_M=8, USE_FAST_ACCUM=False, num_stages=3, num_warps=4
  triton_mm_66 0.8315 ms 41.4% ACC_TYPE='tl.float32', ALLOW_TF32=True, BLOCK_K=32, BLOCK_M=64, BLOCK_N=128, EVEN_K=True, GROUP_M=8, USE_FAST_ACCUM=False, num_stages=3, num_warps=4
  triton_mm_71 0.8415 ms 40.9% ACC_TYPE='tl.float32', ALLOW_TF32=True, BLOCK_K=32, BLOCK_M=128, BLOCK_N=64, EVEN_K=True, GROUP_M=8, USE_FAST_ACCUM=False, num_stages=4, num_warps=8
  triton_mm_67 0.8532 ms 40.3% ACC_TYPE='tl.float32', ALLOW_TF32=True, BLOCK_K=32, BLOCK_M=64, BLOCK_N=128, EVEN_K=True, GROUP_M=8, USE_FAST_ACCUM=False, num_stages=4, num_warps=8
SingleProcess AUTOTUNE benchmarking takes 2.2900 seconds and 0.9706 seconds precompiling for 20 choices
AUTOTUNE mm(16384x2048, 2048x8192)
strides: [2048, 1], [1, 2048]
dtypes: torch.bfloat16, torch.bfloat16
  mm 0.3410 ms 100.0% 
  triton_mm_74 0.4946 ms 68.9% ACC_TYPE='tl.float32', ALLOW_TF32=True, BLOCK_K=64, BLOCK_M=128, BLOCK_N=128, EVEN_K=True, GROUP_M=8, USE_FAST_ACCUM=False, num_stages=3, num_warps=4
  triton_mm_73 0.6130 ms 55.6% ACC_TYPE='tl.float32', ALLOW_TF32=True, BLOCK_K=32, BLOCK_M=128, BLOCK_N=128, EVEN_K=True, GROUP_M=8, USE_FAST_ACCUM=False, num_stages=3, num_warps=4
  triton_mm_75 0.6240 ms 54.6% ACC_TYPE='tl.float32', ALLOW_TF32=True, BLOCK_K=64, BLOCK_M=128, BLOCK_N=128, EVEN_K=True, GROUP_M=8, USE_FAST_ACCUM=False, num_stages=5, num_warps=8
  triton_mm_68 0.6555 ms 52.0% ACC_TYPE='tl.float32', ALLOW_TF32=True, BLOCK_K=64, BLOCK_M=64, BLOCK_N=128, EVEN_K=True, GROUP_M=8, USE_FAST_ACCUM=False, num_stages=3, num_warps=4
  triton_mm_72 0.7518 ms 45.4% ACC_TYPE='tl.float32', ALLOW_TF32=True, BLOCK_K=32, BLOCK_M=128, BLOCK_N=128, EVEN_K=True, GROUP_M=8, USE_FAST_ACCUM=False, num_stages=2, num_warps=8
  triton_mm_70 0.8192 ms 41.6% ACC_TYPE='tl.float32', ALLOW_TF32=True, BLOCK_K=32, BLOCK_M=128, BLOCK_N=64, EVEN_K=True, GROUP_M=8, USE_FAST_ACCUM=False, num_stages=3, num_warps=4
  triton_mm_66 0.8293 ms 41.1% ACC_TYPE='tl.float32', ALLOW_TF32=True, BLOCK_K=32, BLOCK_M=64, BLOCK_N=128, EVEN_K=True, GROUP_M=8, USE_FAST_ACCUM=False, num_stages=3, num_warps=4
  triton_mm_71 0.8407 ms 40.6% ACC_TYPE='tl.float32', ALLOW_TF32=True, BLOCK_K=32, BLOCK_M=128, BLOCK_N=64, EVEN_K=True, GROUP_M=8, USE_FAST_ACCUM=False, num_stages=4, num_warps=8
  triton_mm_64 0.8483 ms 40.2% ACC_TYPE='tl.float32', ALLOW_TF32=True, BLOCK_K=64, BLOCK_M=64, BLOCK_N=64, EVEN_K=True, GROUP_M=8, USE_FAST_ACCUM=False, num_stages=3, num_warps=8
SingleProcess AUTOTUNE benchmarking takes 2.0746 seconds and 0.9694 seconds precompiling for 20 choices
AUTOTUNE mm(16384x8192, 8192x2048)
strides: [8192, 1], [1, 8192]
dtypes: torch.bfloat16, torch.bfloat16
  mm 0.3502 ms 100.0% 
  triton_mm_93 0.4869 ms 71.9% ACC_TYPE='tl.float32', ALLOW_TF32=True, BLOCK_K=64, BLOCK_M=128, BLOCK_N=128, EVEN_K=True, GROUP_M=8, USE_FAST_ACCUM=False, num_stages=3, num_warps=4
  triton_mm_94 0.5457 ms 64.2% ACC_TYPE='tl.float32', ALLOW_TF32=True, BLOCK_K=64, BLOCK_M=128, BLOCK_N=128, EVEN_K=True, GROUP_M=8, USE_FAST_ACCUM=False, num_stages=5, num_warps=8
  triton_mm_92 0.6237 ms 56.1% ACC_TYPE='tl.float32', ALLOW_TF32=True, BLOCK_K=32, BLOCK_M=128, BLOCK_N=128, EVEN_K=True, GROUP_M=8, USE_FAST_ACCUM=False, num_stages=3, num_warps=4
  triton_mm_87 0.6462 ms 54.2% ACC_TYPE='tl.float32', ALLOW_TF32=True, BLOCK_K=64, BLOCK_M=64, BLOCK_N=128, EVEN_K=True, GROUP_M=8, USE_FAST_ACCUM=False, num_stages=3, num_warps=4
  triton_mm_89 0.8065 ms 43.4% ACC_TYPE='tl.float32', ALLOW_TF32=True, BLOCK_K=32, BLOCK_M=128, BLOCK_N=64, EVEN_K=True, GROUP_M=8, USE_FAST_ACCUM=False, num_stages=3, num_warps=4
  triton_mm_85 0.8131 ms 43.1% ACC_TYPE='tl.float32', ALLOW_TF32=True, BLOCK_K=32, BLOCK_M=64, BLOCK_N=128, EVEN_K=True, GROUP_M=8, USE_FAST_ACCUM=False, num_stages=3, num_warps=4
  triton_mm_83 0.8152 ms 43.0% ACC_TYPE='tl.float32', ALLOW_TF32=True, BLOCK_K=64, BLOCK_M=64, BLOCK_N=64, EVEN_K=True, GROUP_M=8, USE_FAST_ACCUM=False, num_stages=3, num_warps=8
  triton_mm_90 0.8234 ms 42.5% ACC_TYPE='tl.float32', ALLOW_TF32=True, BLOCK_K=32, BLOCK_M=128, BLOCK_N=64, EVEN_K=True, GROUP_M=8, USE_FAST_ACCUM=False, num_stages=4, num_warps=8
  triton_mm_86 0.8242 ms 42.5% ACC_TYPE='tl.float32', ALLOW_TF32=True, BLOCK_K=32, BLOCK_M=64, BLOCK_N=128, EVEN_K=True, GROUP_M=8, USE_FAST_ACCUM=False, num_stages=4, num_warps=8
SingleProcess AUTOTUNE benchmarking takes 2.2275 seconds and 0.6722 seconds precompiling for 20 choices
AUTOTUNE mm(16384x8192, 8192x2048)
strides: [8192, 1], [1, 8192]
dtypes: torch.bfloat16, torch.bfloat16
  mm 0.3473 ms 100.0% 
  triton_mm_93 0.4865 ms 71.4% ACC_TYPE='tl.float32', ALLOW_TF32=True, BLOCK_K=64, BLOCK_M=128, BLOCK_N=128, EVEN_K=True, GROUP_M=8, USE_FAST_ACCUM=False, num_stages=3, num_warps=4
  triton_mm_94 0.5397 ms 64.4% ACC_TYPE='tl.float32', ALLOW_TF32=True, BLOCK_K=64, BLOCK_M=128, BLOCK_N=128, EVEN_K=True, GROUP_M=8, USE_FAST_ACCUM=False, num_stages=5, num_warps=8
  triton_mm_92 0.6213 ms 55.9% ACC_TYPE='tl.float32', ALLOW_TF32=True, BLOCK_K=32, BLOCK_M=128, BLOCK_N=128, EVEN_K=True, GROUP_M=8, USE_FAST_ACCUM=False, num_stages=3, num_warps=4
  triton_mm_87 0.6437 ms 54.0% ACC_TYPE='tl.float32', ALLOW_TF32=True, BLOCK_K=64, BLOCK_M=64, BLOCK_N=128, EVEN_K=True, GROUP_M=8, USE_FAST_ACCUM=False, num_stages=3, num_warps=4
  triton_mm_89 0.7986 ms 43.5% ACC_TYPE='tl.float32', ALLOW_TF32=True, BLOCK_K=32, BLOCK_M=128, BLOCK_N=64, EVEN_K=True, GROUP_M=8, USE_FAST_ACCUM=False, num_stages=3, num_warps=4
  triton_mm_85 0.8099 ms 42.9% ACC_TYPE='tl.float32', ALLOW_TF32=True, BLOCK_K=32, BLOCK_M=64, BLOCK_N=128, EVEN_K=True, GROUP_M=8, USE_FAST_ACCUM=False, num_stages=3, num_warps=4
  triton_mm_83 0.8121 ms 42.8% ACC_TYPE='tl.float32', ALLOW_TF32=True, BLOCK_K=64, BLOCK_M=64, BLOCK_N=64, EVEN_K=True, GROUP_M=8, USE_FAST_ACCUM=False, num_stages=3, num_warps=8
  triton_mm_90 0.8142 ms 42.7% ACC_TYPE='tl.float32', ALLOW_TF32=True, BLOCK_K=32, BLOCK_M=128, BLOCK_N=64, EVEN_K=True, GROUP_M=8, USE_FAST_ACCUM=False, num_stages=4, num_warps=8
  triton_mm_86 0.8200 ms 42.4% ACC_TYPE='tl.float32', ALLOW_TF32=True, BLOCK_K=32, BLOCK_M=64, BLOCK_N=128, EVEN_K=True, GROUP_M=8, USE_FAST_ACCUM=False, num_stages=4, num_warps=8
SingleProcess AUTOTUNE benchmarking takes 2.1404 seconds and 0.6905 seconds precompiling for 20 choices
/usr/local/lib/python3.12/dist-packages/torch/_inductor/cudagraph_trees.py:2450: UserWarning: Unable to hit fast path of CUDAGraphs because of pending, uninvoked backwards. Consider running with torch.no_grad() or using torch.compiler.cudagraph_mark_step_begin() before each model invocation
  warnings.warn(
/usr/local/lib/python3.12/dist-packages/torch/_inductor/cudagraph_trees.py:2450: UserWarning: Unable to hit fast path of CUDAGraphs because of pending, uninvoked backwards. Consider running with torch.no_grad() or using torch.compiler.cudagraph_mark_step_begin() before each model invocation
  warnings.warn(
AUTOTUNE mm(2048x16384, 16384x8192)
strides: [1, 2048], [8192, 1]
dtypes: torch.bfloat16, torch.bfloat16
  mm 0.3442 ms 100.0% 
  triton_mm_112 0.5297 ms 65.0% ACC_TYPE='tl.float32', ALLOW_TF32=True, BLOCK_K=64, BLOCK_M=128, BLOCK_N=128, EVEN_K=True, GROUP_M=8, USE_FAST_ACCUM=False, num_stages=3, num_warps=4
  triton_mm_113 0.5582 ms 61.7% ACC_TYPE='tl.float32', ALLOW_TF32=True, BLOCK_K=64, BLOCK_M=128, BLOCK_N=128, EVEN_K=True, GROUP_M=8, USE_FAST_ACCUM=False, num_stages=5, num_warps=8
  triton_mm_111 0.6389 ms 53.9% ACC_TYPE='tl.float32', ALLOW_TF32=True, BLOCK_K=32, BLOCK_M=128, BLOCK_N=128, EVEN_K=True, GROUP_M=8, USE_FAST_ACCUM=False, num_stages=3, num_warps=4
  triton_mm_106 0.6633 ms 51.9% ACC_TYPE='tl.float32', ALLOW_TF32=True, BLOCK_K=64, BLOCK_M=64, BLOCK_N=128, EVEN_K=True, GROUP_M=8, USE_FAST_ACCUM=False, num_stages=3, num_warps=4
  triton_mm_105 0.6719 ms 51.2% ACC_TYPE='tl.float32', ALLOW_TF32=True, BLOCK_K=32, BLOCK_M=64, BLOCK_N=128, EVEN_K=True, GROUP_M=8, USE_FAST_ACCUM=False, num_stages=4, num_warps=8
  triton_mm_108 0.6831 ms 50.4% ACC_TYPE='tl.float32', ALLOW_TF32=True, BLOCK_K=32, BLOCK_M=128, BLOCK_N=64, EVEN_K=True, GROUP_M=8, USE_FAST_ACCUM=False, num_stages=3, num_warps=4
  triton_mm_109 0.6892 ms 49.9% ACC_TYPE='tl.float32', ALLOW_TF32=True, BLOCK_K=32, BLOCK_M=128, BLOCK_N=64, EVEN_K=True, GROUP_M=8, USE_FAST_ACCUM=False, num_stages=4, num_warps=8
  triton_mm_104 0.8149 ms 42.2% ACC_TYPE='tl.float32', ALLOW_TF32=True, BLOCK_K=32, BLOCK_M=64, BLOCK_N=128, EVEN_K=True, GROUP_M=8, USE_FAST_ACCUM=False, num_stages=3, num_warps=4
  triton_mm_102 0.8658 ms 39.8% ACC_TYPE='tl.float32', ALLOW_TF32=True, BLOCK_K=64, BLOCK_M=64, BLOCK_N=64, EVEN_K=True, GROUP_M=8, USE_FAST_ACCUM=False, num_stages=3, num_warps=8
SingleProcess AUTOTUNE benchmarking takes 2.4367 seconds and 0.0002 seconds precompiling for 20 choices
AUTOTUNE mm(2048x16384, 16384x8192)
strides: [1, 2048], [8192, 1]
dtypes: torch.bfloat16, torch.bfloat16
  mm 0.3410 ms 100.0% 
  triton_mm_112 0.5274 ms 64.7% ACC_TYPE='tl.float32', ALLOW_TF32=True, BLOCK_K=64, BLOCK_M=128, BLOCK_N=128, EVEN_K=True, GROUP_M=8, USE_FAST_ACCUM=False, num_stages=3, num_warps=4
  triton_mm_113 0.5539 ms 61.6% ACC_TYPE='tl.float32', ALLOW_TF32=True, BLOCK_K=64, BLOCK_M=128, BLOCK_N=128, EVEN_K=True, GROUP_M=8, USE_FAST_ACCUM=False, num_stages=5, num_warps=8
  triton_mm_111 0.6365 ms 53.6% ACC_TYPE='tl.float32', ALLOW_TF32=True, BLOCK_K=32, BLOCK_M=128, BLOCK_N=128, EVEN_K=True, GROUP_M=8, USE_FAST_ACCUM=False, num_stages=3, num_warps=4
  triton_mm_106 0.6610 ms 51.6% ACC_TYPE='tl.float32', ALLOW_TF32=True, BLOCK_K=64, BLOCK_M=64, BLOCK_N=128, EVEN_K=True, GROUP_M=8, USE_FAST_ACCUM=False, num_stages=3, num_warps=4
  triton_mm_105 0.6765 ms 50.4% ACC_TYPE='tl.float32', ALLOW_TF32=True, BLOCK_K=32, BLOCK_M=64, BLOCK_N=128, EVEN_K=True, GROUP_M=8, USE_FAST_ACCUM=False, num_stages=4, num_warps=8
  triton_mm_108 0.6837 ms 49.9% ACC_TYPE='tl.float32', ALLOW_TF32=True, BLOCK_K=32, BLOCK_M=128, BLOCK_N=64, EVEN_K=True, GROUP_M=8, USE_FAST_ACCUM=False, num_stages=3, num_warps=4
  triton_mm_109 0.6860 ms 49.7% ACC_TYPE='tl.float32', ALLOW_TF32=True, BLOCK_K=32, BLOCK_M=128, BLOCK_N=64, EVEN_K=True, GROUP_M=8, USE_FAST_ACCUM=False, num_stages=4, num_warps=8
  triton_mm_104 0.8138 ms 41.9% ACC_TYPE='tl.float32', ALLOW_TF32=True, BLOCK_K=32, BLOCK_M=64, BLOCK_N=128, EVEN_K=True, GROUP_M=8, USE_FAST_ACCUM=False, num_stages=3, num_warps=4
  triton_mm_102 0.8610 ms 39.6% ACC_TYPE='tl.float32', ALLOW_TF32=True, BLOCK_K=64, BLOCK_M=64, BLOCK_N=64, EVEN_K=True, GROUP_M=8, USE_FAST_ACCUM=False, num_stages=3, num_warps=8
SingleProcess AUTOTUNE benchmarking takes 2.3138 seconds and 0.0002 seconds precompiling for 20 choices
AUTOTUNE mm(16384x2048, 2048x8192)
strides: [2048, 1], [8192, 1]
dtypes: torch.bfloat16, torch.bfloat16
  mm 0.3411 ms 100.0% 
  triton_mm_131 0.4998 ms 68.3% ACC_TYPE='tl.float32', ALLOW_TF32=True, BLOCK_K=64, BLOCK_M=128, BLOCK_N=128, EVEN_K=True, GROUP_M=8, USE_FAST_ACCUM=False, num_stages=3, num_warps=4
  triton_mm_130 0.5445 ms 62.6% ACC_TYPE='tl.float32', ALLOW_TF32=True, BLOCK_K=32, BLOCK_M=128, BLOCK_N=128, EVEN_K=True, GROUP_M=8, USE_FAST_ACCUM=False, num_stages=3, num_warps=4
  triton_mm_132 0.6450 ms 52.9% ACC_TYPE='tl.float32', ALLOW_TF32=True, BLOCK_K=64, BLOCK_M=128, BLOCK_N=128, EVEN_K=True, GROUP_M=8, USE_FAST_ACCUM=False, num_stages=5, num_warps=8
  triton_mm_125 0.6586 ms 51.8% ACC_TYPE='tl.float32', ALLOW_TF32=True, BLOCK_K=64, BLOCK_M=64, BLOCK_N=128, EVEN_K=True, GROUP_M=8, USE_FAST_ACCUM=False, num_stages=3, num_warps=4
  triton_mm_123 0.6922 ms 49.3% ACC_TYPE='tl.float32', ALLOW_TF32=True, BLOCK_K=32, BLOCK_M=64, BLOCK_N=128, EVEN_K=True, GROUP_M=8, USE_FAST_ACCUM=False, num_stages=3, num_warps=4
  triton_mm_124 0.7252 ms 47.0% ACC_TYPE='tl.float32', ALLOW_TF32=True, BLOCK_K=32, BLOCK_M=64, BLOCK_N=128, EVEN_K=True, GROUP_M=8, USE_FAST_ACCUM=False, num_stages=4, num_warps=8
  triton_mm_127 0.7391 ms 46.2% ACC_TYPE='tl.float32', ALLOW_TF32=True, BLOCK_K=32, BLOCK_M=128, BLOCK_N=64, EVEN_K=True, GROUP_M=8, USE_FAST_ACCUM=False, num_stages=3, num_warps=4
  triton_mm_129 0.7629 ms 44.7% ACC_TYPE='tl.float32', ALLOW_TF32=True, BLOCK_K=32, BLOCK_M=128, BLOCK_N=128, EVEN_K=True, GROUP_M=8, USE_FAST_ACCUM=False, num_stages=2, num_warps=8
  triton_mm_128 0.7821 ms 43.6% ACC_TYPE='tl.float32', ALLOW_TF32=True, BLOCK_K=32, BLOCK_M=128, BLOCK_N=64, EVEN_K=True, GROUP_M=8, USE_FAST_ACCUM=False, num_stages=4, num_warps=8
SingleProcess AUTOTUNE benchmarking takes 2.1420 seconds and 0.0001 seconds precompiling for 20 choices
AUTOTUNE mm(16384x2048, 2048x8192)
strides: [2048, 1], [8192, 1]
dtypes: torch.bfloat16, torch.bfloat16
  mm 0.3431 ms 100.0% 
  triton_mm_131 0.4988 ms 68.8% ACC_TYPE='tl.float32', ALLOW_TF32=True, BLOCK_K=64, BLOCK_M=128, BLOCK_N=128, EVEN_K=True, GROUP_M=8, USE_FAST_ACCUM=False, num_stages=3, num_warps=4
  triton_mm_130 0.5417 ms 63.3% ACC_TYPE='tl.float32', ALLOW_TF32=True, BLOCK_K=32, BLOCK_M=128, BLOCK_N=128, EVEN_K=True, GROUP_M=8, USE_FAST_ACCUM=False, num_stages=3, num_warps=4
  triton_mm_132 0.6430 ms 53.4% ACC_TYPE='tl.float32', ALLOW_TF32=True, BLOCK_K=64, BLOCK_M=128, BLOCK_N=128, EVEN_K=True, GROUP_M=8, USE_FAST_ACCUM=False, num_stages=5, num_warps=8
  triton_mm_125 0.6585 ms 52.1% ACC_TYPE='tl.float32', ALLOW_TF32=True, BLOCK_K=64, BLOCK_M=64, BLOCK_N=128, EVEN_K=True, GROUP_M=8, USE_FAST_ACCUM=False, num_stages=3, num_warps=4
  triton_mm_123 0.6910 ms 49.6% ACC_TYPE='tl.float32', ALLOW_TF32=True, BLOCK_K=32, BLOCK_M=64, BLOCK_N=128, EVEN_K=True, GROUP_M=8, USE_FAST_ACCUM=False, num_stages=3, num_warps=4
  triton_mm_124 0.7227 ms 47.5% ACC_TYPE='tl.float32', ALLOW_TF32=True, BLOCK_K=32, BLOCK_M=64, BLOCK_N=128, EVEN_K=True, GROUP_M=8, USE_FAST_ACCUM=False, num_stages=4, num_warps=8
  triton_mm_127 0.7324 ms 46.8% ACC_TYPE='tl.float32', ALLOW_TF32=True, BLOCK_K=32, BLOCK_M=128, BLOCK_N=64, EVEN_K=True, GROUP_M=8, USE_FAST_ACCUM=False, num_stages=3, num_warps=4
  triton_mm_129 0.7579 ms 45.3% ACC_TYPE='tl.float32', ALLOW_TF32=True, BLOCK_K=32, BLOCK_M=128, BLOCK_N=128, EVEN_K=True, GROUP_M=8, USE_FAST_ACCUM=False, num_stages=2, num_warps=8
  triton_mm_128 0.7761 ms 44.2% ACC_TYPE='tl.float32', ALLOW_TF32=True, BLOCK_K=32, BLOCK_M=128, BLOCK_N=64, EVEN_K=True, GROUP_M=8, USE_FAST_ACCUM=False, num_stages=4, num_warps=8
SingleProcess AUTOTUNE benchmarking takes 2.1647 seconds and 0.0002 seconds precompiling for 20 choices
AUTOTUNE mm(16384x8192, 8192x2048)
strides: [8192, 1], [2048, 1]
dtypes: torch.bfloat16, torch.bfloat16
  mm 0.3503 ms 100.0% 
  triton_mm_169 0.4914 ms 71.3% ACC_TYPE='tl.float32', ALLOW_TF32=True, BLOCK_K=64, BLOCK_M=128, BLOCK_N=128, EVEN_K=True, GROUP_M=8, USE_FAST_ACCUM=False, num_stages=3, num_warps=4
  triton_mm_170 0.5642 ms 62.1% ACC_TYPE='tl.float32', ALLOW_TF32=True, BLOCK_K=64, BLOCK_M=128, BLOCK_N=128, EVEN_K=True, GROUP_M=8, USE_FAST_ACCUM=False, num_stages=5, num_warps=8
  triton_mm_168 0.5938 ms 59.0% ACC_TYPE='tl.float32', ALLOW_TF32=True, BLOCK_K=32, BLOCK_M=128, BLOCK_N=128, EVEN_K=True, GROUP_M=8, USE_FAST_ACCUM=False, num_stages=3, num_warps=4
  triton_mm_163 0.6473 ms 54.1% ACC_TYPE='tl.float32', ALLOW_TF32=True, BLOCK_K=64, BLOCK_M=64, BLOCK_N=128, EVEN_K=True, GROUP_M=8, USE_FAST_ACCUM=False, num_stages=3, num_warps=4
  triton_mm_162 0.7169 ms 48.9% ACC_TYPE='tl.float32', ALLOW_TF32=True, BLOCK_K=32, BLOCK_M=64, BLOCK_N=128, EVEN_K=True, GROUP_M=8, USE_FAST_ACCUM=False, num_stages=4, num_warps=8
  triton_mm_165 0.7169 ms 48.9% ACC_TYPE='tl.float32', ALLOW_TF32=True, BLOCK_K=32, BLOCK_M=128, BLOCK_N=64, EVEN_K=True, GROUP_M=8, USE_FAST_ACCUM=False, num_stages=3, num_warps=4
  triton_mm_161 0.7463 ms 46.9% ACC_TYPE='tl.float32', ALLOW_TF32=True, BLOCK_K=32, BLOCK_M=64, BLOCK_N=128, EVEN_K=True, GROUP_M=8, USE_FAST_ACCUM=False, num_stages=3, num_warps=4
  triton_mm_166 0.7517 ms 46.6% ACC_TYPE='tl.float32', ALLOW_TF32=True, BLOCK_K=32, BLOCK_M=128, BLOCK_N=64, EVEN_K=True, GROUP_M=8, USE_FAST_ACCUM=False, num_stages=4, num_warps=8
  triton_mm_159 0.8071 ms 43.4% ACC_TYPE='tl.float32', ALLOW_TF32=True, BLOCK_K=64, BLOCK_M=64, BLOCK_N=64, EVEN_K=True, GROUP_M=8, USE_FAST_ACCUM=False, num_stages=3, num_warps=8
SingleProcess AUTOTUNE benchmarking takes 2.4085 seconds and 0.6534 seconds precompiling for 20 choices
AUTOTUNE mm(16384x8192, 8192x2048)
strides: [8192, 1], [2048, 1]
dtypes: torch.bfloat16, torch.bfloat16
  mm 0.3471 ms 100.0% 
  triton_mm_169 0.4903 ms 70.8% ACC_TYPE='tl.float32', ALLOW_TF32=True, BLOCK_K=64, BLOCK_M=128, BLOCK_N=128, EVEN_K=True, GROUP_M=8, USE_FAST_ACCUM=False, num_stages=3, num_warps=4
  triton_mm_170 0.5602 ms 62.0% ACC_TYPE='tl.float32', ALLOW_TF32=True, BLOCK_K=64, BLOCK_M=128, BLOCK_N=128, EVEN_K=True, GROUP_M=8, USE_FAST_ACCUM=False, num_stages=5, num_warps=8
  triton_mm_168 0.5928 ms 58.6% ACC_TYPE='tl.float32', ALLOW_TF32=True, BLOCK_K=32, BLOCK_M=128, BLOCK_N=128, EVEN_K=True, GROUP_M=8, USE_FAST_ACCUM=False, num_stages=3, num_warps=4
  triton_mm_163 0.6447 ms 53.8% ACC_TYPE='tl.float32', ALLOW_TF32=True, BLOCK_K=64, BLOCK_M=64, BLOCK_N=128, EVEN_K=True, GROUP_M=8, USE_FAST_ACCUM=False, num_stages=3, num_warps=4
  triton_mm_162 0.7118 ms 48.8% ACC_TYPE='tl.float32', ALLOW_TF32=True, BLOCK_K=32, BLOCK_M=64, BLOCK_N=128, EVEN_K=True, GROUP_M=8, USE_FAST_ACCUM=False, num_stages=4, num_warps=8
  triton_mm_165 0.7136 ms 48.6% ACC_TYPE='tl.float32', ALLOW_TF32=True, BLOCK_K=32, BLOCK_M=128, BLOCK_N=64, EVEN_K=True, GROUP_M=8, USE_FAST_ACCUM=False, num_stages=3, num_warps=4
  triton_mm_166 0.7487 ms 46.4% ACC_TYPE='tl.float32', ALLOW_TF32=True, BLOCK_K=32, BLOCK_M=128, BLOCK_N=64, EVEN_K=True, GROUP_M=8, USE_FAST_ACCUM=False, num_stages=4, num_warps=8
  triton_mm_161 0.7502 ms 46.3% ACC_TYPE='tl.float32', ALLOW_TF32=True, BLOCK_K=32, BLOCK_M=64, BLOCK_N=128, EVEN_K=True, GROUP_M=8, USE_FAST_ACCUM=False, num_stages=3, num_warps=4
  triton_mm_159 0.8028 ms 43.2% ACC_TYPE='tl.float32', ALLOW_TF32=True, BLOCK_K=64, BLOCK_M=64, BLOCK_N=64, EVEN_K=True, GROUP_M=8, USE_FAST_ACCUM=False, num_stages=3, num_warps=8
SingleProcess AUTOTUNE benchmarking takes 2.1666 seconds and 0.6786 seconds precompiling for 20 choices
AUTOTUNE mm(8192x16384, 16384x2048)
strides: [1, 8192], [2048, 1]
dtypes: torch.bfloat16, torch.bfloat16
  mm 0.3440 ms 100.0% 
  triton_mm_150 0.5251 ms 65.5% ACC_TYPE='tl.float32', ALLOW_TF32=True, BLOCK_K=64, BLOCK_M=128, BLOCK_N=128, EVEN_K=True, GROUP_M=8, USE_FAST_ACCUM=False, num_stages=3, num_warps=4
  triton_mm_151 0.5538 ms 62.1% ACC_TYPE='tl.float32', ALLOW_TF32=True, BLOCK_K=64, BLOCK_M=128, BLOCK_N=128, EVEN_K=True, GROUP_M=8, USE_FAST_ACCUM=False, num_stages=5, num_warps=8
  triton_mm_149 0.6400 ms 53.8% ACC_TYPE='tl.float32', ALLOW_TF32=True, BLOCK_K=32, BLOCK_M=128, BLOCK_N=128, EVEN_K=True, GROUP_M=8, USE_FAST_ACCUM=False, num_stages=3, num_warps=4
  triton_mm_144 0.6442 ms 53.4% ACC_TYPE='tl.float32', ALLOW_TF32=True, BLOCK_K=64, BLOCK_M=64, BLOCK_N=128, EVEN_K=True, GROUP_M=8, USE_FAST_ACCUM=False, num_stages=3, num_warps=4
  triton_mm_147 0.6551 ms 52.5% ACC_TYPE='tl.float32', ALLOW_TF32=True, BLOCK_K=32, BLOCK_M=128, BLOCK_N=64, EVEN_K=True, GROUP_M=8, USE_FAST_ACCUM=False, num_stages=4, num_warps=8
  triton_mm_146 0.6633 ms 51.9% ACC_TYPE='tl.float32', ALLOW_TF32=True, BLOCK_K=32, BLOCK_M=128, BLOCK_N=64, EVEN_K=True, GROUP_M=8, USE_FAST_ACCUM=False, num_stages=3, num_warps=4
  triton_mm_143 0.6853 ms 50.2% ACC_TYPE='tl.float32', ALLOW_TF32=True, BLOCK_K=32, BLOCK_M=64, BLOCK_N=128, EVEN_K=True, GROUP_M=8, USE_FAST_ACCUM=False, num_stages=4, num_warps=8
  triton_mm_142 0.8028 ms 42.9% ACC_TYPE='tl.float32', ALLOW_TF32=True, BLOCK_K=32, BLOCK_M=64, BLOCK_N=128, EVEN_K=True, GROUP_M=8, USE_FAST_ACCUM=False, num_stages=3, num_warps=4
  triton_mm_140 0.8140 ms 42.3% ACC_TYPE='tl.float32', ALLOW_TF32=True, BLOCK_K=64, BLOCK_M=64, BLOCK_N=64, EVEN_K=True, GROUP_M=8, USE_FAST_ACCUM=False, num_stages=3, num_warps=8
SingleProcess AUTOTUNE benchmarking takes 2.1645 seconds and 0.0003 seconds precompiling for 20 choices
AUTOTUNE mm(8192x16384, 16384x2048)
strides: [1, 8192], [2048, 1]
dtypes: torch.bfloat16, torch.bfloat16
  mm 0.3429 ms 100.0% 
  triton_mm_150 0.5245 ms 65.4% ACC_TYPE='tl.float32', ALLOW_TF32=True, BLOCK_K=64, BLOCK_M=128, BLOCK_N=128, EVEN_K=True, GROUP_M=8, USE_FAST_ACCUM=False, num_stages=3, num_warps=4
  triton_mm_151 0.5499 ms 62.4% ACC_TYPE='tl.float32', ALLOW_TF32=True, BLOCK_K=64, BLOCK_M=128, BLOCK_N=128, EVEN_K=True, GROUP_M=8, USE_FAST_ACCUM=False, num_stages=5, num_warps=8
  triton_mm_149 0.6368 ms 53.8% ACC_TYPE='tl.float32', ALLOW_TF32=True, BLOCK_K=32, BLOCK_M=128, BLOCK_N=128, EVEN_K=True, GROUP_M=8, USE_FAST_ACCUM=False, num_stages=3, num_warps=4
  triton_mm_144 0.6449 ms 53.2% ACC_TYPE='tl.float32', ALLOW_TF32=True, BLOCK_K=64, BLOCK_M=64, BLOCK_N=128, EVEN_K=True, GROUP_M=8, USE_FAST_ACCUM=False, num_stages=3, num_warps=4
  triton_mm_147 0.6525 ms 52.6% ACC_TYPE='tl.float32', ALLOW_TF32=True, BLOCK_K=32, BLOCK_M=128, BLOCK_N=64, EVEN_K=True, GROUP_M=8, USE_FAST_ACCUM=False, num_stages=4, num_warps=8
  triton_mm_146 0.6622 ms 51.8% ACC_TYPE='tl.float32', ALLOW_TF32=True, BLOCK_K=32, BLOCK_M=128, BLOCK_N=64, EVEN_K=True, GROUP_M=8, USE_FAST_ACCUM=False, num_stages=3, num_warps=4
  triton_mm_143 0.6850 ms 50.1% ACC_TYPE='tl.float32', ALLOW_TF32=True, BLOCK_K=32, BLOCK_M=64, BLOCK_N=128, EVEN_K=True, GROUP_M=8, USE_FAST_ACCUM=False, num_stages=4, num_warps=8
  triton_mm_142 0.7997 ms 42.9% ACC_TYPE='tl.float32', ALLOW_TF32=True, BLOCK_K=32, BLOCK_M=64, BLOCK_N=128, EVEN_K=True, GROUP_M=8, USE_FAST_ACCUM=False, num_stages=3, num_warps=4
  triton_mm_140 0.8110 ms 42.3% ACC_TYPE='tl.float32', ALLOW_TF32=True, BLOCK_K=64, BLOCK_M=64, BLOCK_N=64, EVEN_K=True, GROUP_M=8, USE_FAST_ACCUM=False, num_stages=3, num_warps=8
SingleProcess AUTOTUNE benchmarking takes 2.0516 seconds and 0.0003 seconds precompiling for 20 choices
AUTOTUNE mm(2048x16384, 16384x2048)
strides: [1, 2048], [2048, 1]
dtypes: torch.bfloat16, torch.bfloat16
  mm 0.0875 ms 100.0% 
  triton_mm_188 0.1428 ms 61.2% ACC_TYPE='tl.float32', ALLOW_TF32=True, BLOCK_K=64, BLOCK_M=128, BLOCK_N=128, EVEN_K=True, GROUP_M=8, USE_FAST_ACCUM=False, num_stages=3, num_warps=4
  triton_mm_189 0.1708 ms 51.2% ACC_TYPE='tl.float32', ALLOW_TF32=True, BLOCK_K=64, BLOCK_M=128, BLOCK_N=128, EVEN_K=True, GROUP_M=8, USE_FAST_ACCUM=False, num_stages=5, num_warps=8
  triton_mm_181 0.1896 ms 46.1% ACC_TYPE='tl.float32', ALLOW_TF32=True, BLOCK_K=32, BLOCK_M=64, BLOCK_N=128, EVEN_K=True, GROUP_M=8, USE_FAST_ACCUM=False, num_stages=4, num_warps=8
  triton_mm_185 0.1913 ms 45.7% ACC_TYPE='tl.float32', ALLOW_TF32=True, BLOCK_K=32, BLOCK_M=128, BLOCK_N=64, EVEN_K=True, GROUP_M=8, USE_FAST_ACCUM=False, num_stages=4, num_warps=8
  triton_mm_180 0.2036 ms 43.0% ACC_TYPE='tl.float32', ALLOW_TF32=True, BLOCK_K=32, BLOCK_M=64, BLOCK_N=128, EVEN_K=True, GROUP_M=8, USE_FAST_ACCUM=False, num_stages=3, num_warps=4
  triton_mm_184 0.2180 ms 40.1% ACC_TYPE='tl.float32', ALLOW_TF32=True, BLOCK_K=32, BLOCK_M=128, BLOCK_N=64, EVEN_K=True, GROUP_M=8, USE_FAST_ACCUM=False, num_stages=3, num_warps=4
  triton_mm_187 0.2235 ms 39.2% ACC_TYPE='tl.float32', ALLOW_TF32=True, BLOCK_K=32, BLOCK_M=128, BLOCK_N=128, EVEN_K=True, GROUP_M=8, USE_FAST_ACCUM=False, num_stages=3, num_warps=4
  triton_mm_178 0.2304 ms 38.0% ACC_TYPE='tl.float32', ALLOW_TF32=True, BLOCK_K=64, BLOCK_M=64, BLOCK_N=64, EVEN_K=True, GROUP_M=8, USE_FAST_ACCUM=False, num_stages=3, num_warps=8
  triton_mm_182 0.2364 ms 37.0% ACC_TYPE='tl.float32', ALLOW_TF32=True, BLOCK_K=64, BLOCK_M=64, BLOCK_N=128, EVEN_K=True, GROUP_M=8, USE_FAST_ACCUM=False, num_stages=3, num_warps=4
SingleProcess AUTOTUNE benchmarking takes 2.1033 seconds and 0.0003 seconds precompiling for 20 choices
AUTOTUNE mm(16384x2048, 2048x2048)
strides: [2048, 1], [2048, 1]
dtypes: torch.bfloat16, torch.bfloat16
  mm 0.0940 ms 100.0% 
  triton_mm_207 0.1313 ms 71.6% ACC_TYPE='tl.float32', ALLOW_TF32=True, BLOCK_K=64, BLOCK_M=128, BLOCK_N=128, EVEN_K=True, GROUP_M=8, USE_FAST_ACCUM=False, num_stages=3, num_warps=4
  triton_mm_206 0.1557 ms 60.3% ACC_TYPE='tl.float32', ALLOW_TF32=True, BLOCK_K=32, BLOCK_M=128, BLOCK_N=128, EVEN_K=True, GROUP_M=8, USE_FAST_ACCUM=False, num_stages=3, num_warps=4
  triton_mm_208 0.1729 ms 54.4% ACC_TYPE='tl.float32', ALLOW_TF32=True, BLOCK_K=64, BLOCK_M=128, BLOCK_N=128, EVEN_K=True, GROUP_M=8, USE_FAST_ACCUM=False, num_stages=5, num_warps=8
  triton_mm_201 0.1739 ms 54.1% ACC_TYPE='tl.float32', ALLOW_TF32=True, BLOCK_K=64, BLOCK_M=64, BLOCK_N=128, EVEN_K=True, GROUP_M=8, USE_FAST_ACCUM=False, num_stages=3, num_warps=4
  triton_mm_203 0.1882 ms 49.9% ACC_TYPE='tl.float32', ALLOW_TF32=True, BLOCK_K=32, BLOCK_M=128, BLOCK_N=64, EVEN_K=True, GROUP_M=8, USE_FAST_ACCUM=False, num_stages=3, num_warps=4
  triton_mm_200 0.1944 ms 48.3% ACC_TYPE='tl.float32', ALLOW_TF32=True, BLOCK_K=32, BLOCK_M=64, BLOCK_N=128, EVEN_K=True, GROUP_M=8, USE_FAST_ACCUM=False, num_stages=4, num_warps=8
  triton_mm_199 0.1983 ms 47.4% ACC_TYPE='tl.float32', ALLOW_TF32=True, BLOCK_K=32, BLOCK_M=64, BLOCK_N=128, EVEN_K=True, GROUP_M=8, USE_FAST_ACCUM=False, num_stages=3, num_warps=4
  triton_mm_204 0.2008 ms 46.8% ACC_TYPE='tl.float32', ALLOW_TF32=True, BLOCK_K=32, BLOCK_M=128, BLOCK_N=64, EVEN_K=True, GROUP_M=8, USE_FAST_ACCUM=False, num_stages=4, num_warps=8
  triton_mm_205 0.2201 ms 42.7% ACC_TYPE='tl.float32', ALLOW_TF32=True, BLOCK_K=32, BLOCK_M=128, BLOCK_N=128, EVEN_K=True, GROUP_M=8, USE_FAST_ACCUM=False, num_stages=2, num_warps=8
SingleProcess AUTOTUNE benchmarking takes 2.0296 seconds and 0.0002 seconds precompiling for 20 choices
AUTOTUNE mm(2048x16384, 16384x2048)
strides: [1, 2048], [2048, 1]
dtypes: torch.bfloat16, torch.bfloat16
  mm 0.0868 ms 100.0% 
  triton_mm_188 0.1413 ms 61.4% ACC_TYPE='tl.float32', ALLOW_TF32=True, BLOCK_K=64, BLOCK_M=128, BLOCK_N=128, EVEN_K=True, GROUP_M=8, USE_FAST_ACCUM=False, num_stages=3, num_warps=4
  triton_mm_189 0.1710 ms 50.7% ACC_TYPE='tl.float32', ALLOW_TF32=True, BLOCK_K=64, BLOCK_M=128, BLOCK_N=128, EVEN_K=True, GROUP_M=8, USE_FAST_ACCUM=False, num_stages=5, num_warps=8
  triton_mm_181 0.1893 ms 45.8% ACC_TYPE='tl.float32', ALLOW_TF32=True, BLOCK_K=32, BLOCK_M=64, BLOCK_N=128, EVEN_K=True, GROUP_M=8, USE_FAST_ACCUM=False, num_stages=4, num_warps=8
  triton_mm_185 0.1911 ms 45.4% ACC_TYPE='tl.float32', ALLOW_TF32=True, BLOCK_K=32, BLOCK_M=128, BLOCK_N=64, EVEN_K=True, GROUP_M=8, USE_FAST_ACCUM=False, num_stages=4, num_warps=8
  triton_mm_180 0.2035 ms 42.6% ACC_TYPE='tl.float32', ALLOW_TF32=True, BLOCK_K=32, BLOCK_M=64, BLOCK_N=128, EVEN_K=True, GROUP_M=8, USE_FAST_ACCUM=False, num_stages=3, num_warps=4
  triton_mm_184 0.2179 ms 39.8% ACC_TYPE='tl.float32', ALLOW_TF32=True, BLOCK_K=32, BLOCK_M=128, BLOCK_N=64, EVEN_K=True, GROUP_M=8, USE_FAST_ACCUM=False, num_stages=3, num_warps=4
  triton_mm_187 0.2239 ms 38.8% ACC_TYPE='tl.float32', ALLOW_TF32=True, BLOCK_K=32, BLOCK_M=128, BLOCK_N=128, EVEN_K=True, GROUP_M=8, USE_FAST_ACCUM=False, num_stages=3, num_warps=4
  triton_mm_178 0.2295 ms 37.8% ACC_TYPE='tl.float32', ALLOW_TF32=True, BLOCK_K=64, BLOCK_M=64, BLOCK_N=64, EVEN_K=True, GROUP_M=8, USE_FAST_ACCUM=False, num_stages=3, num_warps=8
  triton_mm_182 0.2362 ms 36.7% ACC_TYPE='tl.float32', ALLOW_TF32=True, BLOCK_K=64, BLOCK_M=64, BLOCK_N=128, EVEN_K=True, GROUP_M=8, USE_FAST_ACCUM=False, num_stages=3, num_warps=4
SingleProcess AUTOTUNE benchmarking takes 1.9171 seconds and 0.0002 seconds precompiling for 20 choices
AUTOTUNE mm(16384x2048, 2048x2048)
strides: [2048, 1], [2048, 1]
dtypes: torch.bfloat16, torch.bfloat16
  mm 0.0948 ms 100.0% 
  triton_mm_207 0.1317 ms 72.0% ACC_TYPE='tl.float32', ALLOW_TF32=True, BLOCK_K=64, BLOCK_M=128, BLOCK_N=128, EVEN_K=True, GROUP_M=8, USE_FAST_ACCUM=False, num_stages=3, num_warps=4
  triton_mm_206 0.1556 ms 61.0% ACC_TYPE='tl.float32', ALLOW_TF32=True, BLOCK_K=32, BLOCK_M=128, BLOCK_N=128, EVEN_K=True, GROUP_M=8, USE_FAST_ACCUM=False, num_stages=3, num_warps=4
  triton_mm_208 0.1727 ms 54.9% ACC_TYPE='tl.float32', ALLOW_TF32=True, BLOCK_K=64, BLOCK_M=128, BLOCK_N=128, EVEN_K=True, GROUP_M=8, USE_FAST_ACCUM=False, num_stages=5, num_warps=8
  triton_mm_201 0.1747 ms 54.3% ACC_TYPE='tl.float32', ALLOW_TF32=True, BLOCK_K=64, BLOCK_M=64, BLOCK_N=128, EVEN_K=True, GROUP_M=8, USE_FAST_ACCUM=False, num_stages=3, num_warps=4
  triton_mm_203 0.1873 ms 50.6% ACC_TYPE='tl.float32', ALLOW_TF32=True, BLOCK_K=32, BLOCK_M=128, BLOCK_N=64, EVEN_K=True, GROUP_M=8, USE_FAST_ACCUM=False, num_stages=3, num_warps=4
  triton_mm_200 0.1934 ms 49.0% ACC_TYPE='tl.float32', ALLOW_TF32=True, BLOCK_K=32, BLOCK_M=64, BLOCK_N=128, EVEN_K=True, GROUP_M=8, USE_FAST_ACCUM=False, num_stages=4, num_warps=8
  triton_mm_199 0.1975 ms 48.0% ACC_TYPE='tl.float32', ALLOW_TF32=True, BLOCK_K=32, BLOCK_M=64, BLOCK_N=128, EVEN_K=True, GROUP_M=8, USE_FAST_ACCUM=False, num_stages=3, num_warps=4
  triton_mm_204 0.2005 ms 47.3% ACC_TYPE='tl.float32', ALLOW_TF32=True, BLOCK_K=32, BLOCK_M=128, BLOCK_N=64, EVEN_K=True, GROUP_M=8, USE_FAST_ACCUM=False, num_stages=4, num_warps=8
  triton_mm_205 0.2181 ms 43.5% ACC_TYPE='tl.float32', ALLOW_TF32=True, BLOCK_K=32, BLOCK_M=128, BLOCK_N=128, EVEN_K=True, GROUP_M=8, USE_FAST_ACCUM=False, num_stages=2, num_warps=8
SingleProcess AUTOTUNE benchmarking takes 1.9534 seconds and 0.0002 seconds precompiling for 20 choices
AUTOTUNE mm(16384x512, 512x2048)
strides: [512, 1], [2048, 1]
dtypes: torch.bfloat16, torch.bfloat16
  mm 0.0381 ms 100.0% 
  triton_mm_245 0.0562 ms 67.9% ACC_TYPE='tl.float32', ALLOW_TF32=True, BLOCK_K=64, BLOCK_M=128, BLOCK_N=128, EVEN_K=True, GROUP_M=8, USE_FAST_ACCUM=False, num_stages=3, num_warps=4
  triton_mm_244 0.0582 ms 65.5% ACC_TYPE='tl.float32', ALLOW_TF32=True, BLOCK_K=32, BLOCK_M=128, BLOCK_N=128, EVEN_K=True, GROUP_M=8, USE_FAST_ACCUM=False, num_stages=3, num_warps=4
  triton_mm_241 0.0676 ms 56.4% ACC_TYPE='tl.float32', ALLOW_TF32=True, BLOCK_K=32, BLOCK_M=128, BLOCK_N=64, EVEN_K=True, GROUP_M=8, USE_FAST_ACCUM=False, num_stages=3, num_warps=4
  triton_mm_239 0.0693 ms 55.0% ACC_TYPE='tl.float32', ALLOW_TF32=True, BLOCK_K=64, BLOCK_M=64, BLOCK_N=128, EVEN_K=True, GROUP_M=8, USE_FAST_ACCUM=False, num_stages=3, num_warps=4
  triton_mm_237 0.0705 ms 54.1% ACC_TYPE='tl.float32', ALLOW_TF32=True, BLOCK_K=32, BLOCK_M=64, BLOCK_N=128, EVEN_K=True, GROUP_M=8, USE_FAST_ACCUM=False, num_stages=3, num_warps=4
  triton_mm_243 0.0734 ms 52.0% ACC_TYPE='tl.float32', ALLOW_TF32=True, BLOCK_K=32, BLOCK_M=128, BLOCK_N=128, EVEN_K=True, GROUP_M=8, USE_FAST_ACCUM=False, num_stages=2, num_warps=8
  triton_mm_238 0.0745 ms 51.2% ACC_TYPE='tl.float32', ALLOW_TF32=True, BLOCK_K=32, BLOCK_M=64, BLOCK_N=128, EVEN_K=True, GROUP_M=8, USE_FAST_ACCUM=False, num_stages=4, num_warps=8
  triton_mm_242 0.0756 ms 50.5% ACC_TYPE='tl.float32', ALLOW_TF32=True, BLOCK_K=32, BLOCK_M=128, BLOCK_N=64, EVEN_K=True, GROUP_M=8, USE_FAST_ACCUM=False, num_stages=4, num_warps=8
  triton_mm_246 0.0790 ms 48.3% ACC_TYPE='tl.float32', ALLOW_TF32=True, BLOCK_K=64, BLOCK_M=128, BLOCK_N=128, EVEN_K=True, GROUP_M=8, USE_FAST_ACCUM=False, num_stages=5, num_warps=8
SingleProcess AUTOTUNE benchmarking takes 1.9379 seconds and 0.7205 seconds precompiling for 20 choices
AUTOTUNE mm(512x16384, 16384x2048)
strides: [1, 512], [2048, 1]
dtypes: torch.bfloat16, torch.bfloat16
  mm 0.0427 ms 100.0% 
  triton_mm_221 0.0754 ms 56.6% ACC_TYPE='tl.float32', ALLOW_TF32=True, BLOCK_K=128, BLOCK_M=64, BLOCK_N=128, EVEN_K=True, GROUP_M=8, USE_FAST_ACCUM=False, num_stages=4, num_warps=4
  triton_mm_227 0.0828 ms 51.6% ACC_TYPE='tl.float32', ALLOW_TF32=True, BLOCK_K=64, BLOCK_M=128, BLOCK_N=128, EVEN_K=True, GROUP_M=8, USE_FAST_ACCUM=False, num_stages=5, num_warps=8
  triton_mm_217 0.1038 ms 41.1% ACC_TYPE='tl.float32', ALLOW_TF32=True, BLOCK_K=128, BLOCK_M=64, BLOCK_N=64, EVEN_K=True, GROUP_M=8, USE_FAST_ACCUM=False, num_stages=5, num_warps=4
  triton_mm_216 0.1280 ms 33.3% ACC_TYPE='tl.float32', ALLOW_TF32=True, BLOCK_K=64, BLOCK_M=64, BLOCK_N=64, EVEN_K=True, GROUP_M=8, USE_FAST_ACCUM=False, num_stages=3, num_warps=8
  triton_mm_220 0.1300 ms 32.8% ACC_TYPE='tl.float32', ALLOW_TF32=True, BLOCK_K=64, BLOCK_M=64, BLOCK_N=128, EVEN_K=True, GROUP_M=8, USE_FAST_ACCUM=False, num_stages=3, num_warps=4
  triton_mm_226 0.1341 ms 31.8% ACC_TYPE='tl.float32', ALLOW_TF32=True, BLOCK_K=64, BLOCK_M=128, BLOCK_N=128, EVEN_K=True, GROUP_M=8, USE_FAST_ACCUM=False, num_stages=3, num_warps=4
  triton_mm_223 0.1524 ms 28.0% ACC_TYPE='tl.float32', ALLOW_TF32=True, BLOCK_K=32, BLOCK_M=128, BLOCK_N=64, EVEN_K=True, GROUP_M=8, USE_FAST_ACCUM=False, num_stages=4, num_warps=8
  triton_mm_219 0.1524 ms 28.0% ACC_TYPE='tl.float32', ALLOW_TF32=True, BLOCK_K=32, BLOCK_M=64, BLOCK_N=128, EVEN_K=True, GROUP_M=8, USE_FAST_ACCUM=False, num_stages=4, num_warps=8
  triton_mm_212 0.1678 ms 25.4% ACC_TYPE='tl.float32', ALLOW_TF32=True, BLOCK_K=32, BLOCK_M=64, BLOCK_N=32, EVEN_K=True, GROUP_M=8, USE_FAST_ACCUM=False, num_stages=5, num_warps=8
SingleProcess AUTOTUNE benchmarking takes 2.0352 seconds and 0.0002 seconds precompiling for 20 choices
AUTOTUNE mm(16384x512, 512x2048)
strides: [512, 1], [2048, 1]
dtypes: torch.bfloat16, torch.bfloat16
  mm 0.0383 ms 100.0% 
  triton_mm_245 0.0560 ms 68.4% ACC_TYPE='tl.float32', ALLOW_TF32=True, BLOCK_K=64, BLOCK_M=128, BLOCK_N=128, EVEN_K=True, GROUP_M=8, USE_FAST_ACCUM=False, num_stages=3, num_warps=4
  triton_mm_244 0.0580 ms 66.1% ACC_TYPE='tl.float32', ALLOW_TF32=True, BLOCK_K=32, BLOCK_M=128, BLOCK_N=128, EVEN_K=True, GROUP_M=8, USE_FAST_ACCUM=False, num_stages=3, num_warps=4
  triton_mm_241 0.0665 ms 57.6% ACC_TYPE='tl.float32', ALLOW_TF32=True, BLOCK_K=32, BLOCK_M=128, BLOCK_N=64, EVEN_K=True, GROUP_M=8, USE_FAST_ACCUM=False, num_stages=3, num_warps=4
  triton_mm_239 0.0693 ms 55.3% ACC_TYPE='tl.float32', ALLOW_TF32=True, BLOCK_K=64, BLOCK_M=64, BLOCK_N=128, EVEN_K=True, GROUP_M=8, USE_FAST_ACCUM=False, num_stages=3, num_warps=4
  triton_mm_237 0.0703 ms 54.5% ACC_TYPE='tl.float32', ALLOW_TF32=True, BLOCK_K=32, BLOCK_M=64, BLOCK_N=128, EVEN_K=True, GROUP_M=8, USE_FAST_ACCUM=False, num_stages=3, num_warps=4
  triton_mm_243 0.0725 ms 52.8% ACC_TYPE='tl.float32', ALLOW_TF32=True, BLOCK_K=32, BLOCK_M=128, BLOCK_N=128, EVEN_K=True, GROUP_M=8, USE_FAST_ACCUM=False, num_stages=2, num_warps=8
  triton_mm_238 0.0744 ms 51.5% ACC_TYPE='tl.float32', ALLOW_TF32=True, BLOCK_K=32, BLOCK_M=64, BLOCK_N=128, EVEN_K=True, GROUP_M=8, USE_FAST_ACCUM=False, num_stages=4, num_warps=8
  triton_mm_242 0.0745 ms 51.4% ACC_TYPE='tl.float32', ALLOW_TF32=True, BLOCK_K=32, BLOCK_M=128, BLOCK_N=64, EVEN_K=True, GROUP_M=8, USE_FAST_ACCUM=False, num_stages=4, num_warps=8
  triton_mm_246 0.0787 ms 48.7% ACC_TYPE='tl.float32', ALLOW_TF32=True, BLOCK_K=64, BLOCK_M=128, BLOCK_N=128, EVEN_K=True, GROUP_M=8, USE_FAST_ACCUM=False, num_stages=5, num_warps=8
SingleProcess AUTOTUNE benchmarking takes 1.7660 seconds and 0.7348 seconds precompiling for 20 choices
AUTOTUNE mm(512x16384, 16384x2048)
strides: [1, 512], [2048, 1]
dtypes: torch.bfloat16, torch.bfloat16
  mm 0.0420 ms 100.0% 
  triton_mm_221 0.0751 ms 56.0% ACC_TYPE='tl.float32', ALLOW_TF32=True, BLOCK_K=128, BLOCK_M=64, BLOCK_N=128, EVEN_K=True, GROUP_M=8, USE_FAST_ACCUM=False, num_stages=4, num_warps=4
  triton_mm_227 0.0809 ms 52.0% ACC_TYPE='tl.float32', ALLOW_TF32=True, BLOCK_K=64, BLOCK_M=128, BLOCK_N=128, EVEN_K=True, GROUP_M=8, USE_FAST_ACCUM=False, num_stages=5, num_warps=8
  triton_mm_217 0.1032 ms 40.7% ACC_TYPE='tl.float32', ALLOW_TF32=True, BLOCK_K=128, BLOCK_M=64, BLOCK_N=64, EVEN_K=True, GROUP_M=8, USE_FAST_ACCUM=False, num_stages=5, num_warps=4
  triton_mm_216 0.1270 ms 33.1% ACC_TYPE='tl.float32', ALLOW_TF32=True, BLOCK_K=64, BLOCK_M=64, BLOCK_N=64, EVEN_K=True, GROUP_M=8, USE_FAST_ACCUM=False, num_stages=3, num_warps=8
  triton_mm_220 0.1294 ms 32.5% ACC_TYPE='tl.float32', ALLOW_TF32=True, BLOCK_K=64, BLOCK_M=64, BLOCK_N=128, EVEN_K=True, GROUP_M=8, USE_FAST_ACCUM=False, num_stages=3, num_warps=4
  triton_mm_226 0.1340 ms 31.4% ACC_TYPE='tl.float32', ALLOW_TF32=True, BLOCK_K=64, BLOCK_M=128, BLOCK_N=128, EVEN_K=True, GROUP_M=8, USE_FAST_ACCUM=False, num_stages=3, num_warps=4
  triton_mm_219 0.1521 ms 27.6% ACC_TYPE='tl.float32', ALLOW_TF32=True, BLOCK_K=32, BLOCK_M=64, BLOCK_N=128, EVEN_K=True, GROUP_M=8, USE_FAST_ACCUM=False, num_stages=4, num_warps=8
  triton_mm_223 0.1536 ms 27.4% ACC_TYPE='tl.float32', ALLOW_TF32=True, BLOCK_K=32, BLOCK_M=128, BLOCK_N=64, EVEN_K=True, GROUP_M=8, USE_FAST_ACCUM=False, num_stages=4, num_warps=8
  triton_mm_212 0.1686 ms 24.9% ACC_TYPE='tl.float32', ALLOW_TF32=True, BLOCK_K=32, BLOCK_M=64, BLOCK_N=32, EVEN_K=True, GROUP_M=8, USE_FAST_ACCUM=False, num_stages=5, num_warps=8
SingleProcess AUTOTUNE benchmarking takes 1.7561 seconds and 0.0002 seconds precompiling for 20 choices
AUTOTUNE mm(16384x2048, 2048x2048)
strides: [2048, 1], [2048, 1]
dtypes: torch.bfloat16, torch.bfloat16
  mm 0.0951 ms 100.0% 
  triton_mm_283 0.1326 ms 71.7% ACC_TYPE='tl.float32', ALLOW_TF32=True, BLOCK_K=64, BLOCK_M=128, BLOCK_N=128, EVEN_K=True, GROUP_M=8, USE_FAST_ACCUM=False, num_stages=3, num_warps=4
  triton_mm_282 0.1584 ms 60.0% ACC_TYPE='tl.float32', ALLOW_TF32=True, BLOCK_K=32, BLOCK_M=128, BLOCK_N=128, EVEN_K=True, GROUP_M=8, USE_FAST_ACCUM=False, num_stages=3, num_warps=4
  triton_mm_284 0.1749 ms 54.3% ACC_TYPE='tl.float32', ALLOW_TF32=True, BLOCK_K=64, BLOCK_M=128, BLOCK_N=128, EVEN_K=True, GROUP_M=8, USE_FAST_ACCUM=False, num_stages=5, num_warps=8
  triton_mm_277 0.1832 ms 51.9% ACC_TYPE='tl.float32', ALLOW_TF32=True, BLOCK_K=64, BLOCK_M=64, BLOCK_N=128, EVEN_K=True, GROUP_M=8, USE_FAST_ACCUM=False, num_stages=3, num_warps=4
  triton_mm_279 0.1913 ms 49.7% ACC_TYPE='tl.float32', ALLOW_TF32=True, BLOCK_K=32, BLOCK_M=128, BLOCK_N=64, EVEN_K=True, GROUP_M=8, USE_FAST_ACCUM=False, num_stages=3, num_warps=4
  triton_mm_276 0.1964 ms 48.4% ACC_TYPE='tl.float32', ALLOW_TF32=True, BLOCK_K=32, BLOCK_M=64, BLOCK_N=128, EVEN_K=True, GROUP_M=8, USE_FAST_ACCUM=False, num_stages=4, num_warps=8
  triton_mm_275 0.2014 ms 47.2% ACC_TYPE='tl.float32', ALLOW_TF32=True, BLOCK_K=32, BLOCK_M=64, BLOCK_N=128, EVEN_K=True, GROUP_M=8, USE_FAST_ACCUM=False, num_stages=3, num_warps=4
  triton_mm_280 0.2038 ms 46.6% ACC_TYPE='tl.float32', ALLOW_TF32=True, BLOCK_K=32, BLOCK_M=128, BLOCK_N=64, EVEN_K=True, GROUP_M=8, USE_FAST_ACCUM=False, num_stages=4, num_warps=8
  triton_mm_273 0.2219 ms 42.8% ACC_TYPE='tl.float32', ALLOW_TF32=True, BLOCK_K=64, BLOCK_M=64, BLOCK_N=64, EVEN_K=True, GROUP_M=8, USE_FAST_ACCUM=False, num_stages=3, num_warps=8
SingleProcess AUTOTUNE benchmarking takes 0.5946 seconds and 0.0001 seconds precompiling for 20 choices
{
  "attention_backend": "flash_only",
  "batch_seqs_per_gpu": 32,
  "bf16": true,
  "compile": true,
  "compile_mode": "max-autotune",
  "cuda": "12.8",
  "feature_dim": 16384,
  "feature_spec_sha256": "10243f0378ec8aa39a01baf689630986bbb447d47fcc17c94f98fff3077f429a",
  "fused_attention": true,
  "gpu": "NVIDIA B200",
  "ig_k": 1,
  "input": "synthetic_uniform_v1",
  "master_dtype": "float32",
  "model": {
    "id": "unsloth/Llama-3.2-1B",
    "revision": "9535bd9b1d1dea6acafbdc4813b728796aeb28da"
  },
  "pass_dtype": "bfloat16",
  "peak_gpu_gib_max_rank": 71.13296508789062,
  "pos_per_seq": 506,
  "positions": 259072,
  "positions_per_second": 96929.86493825445,
  "profile": "optimized",
  "scalar": "equal_reward",
  "seconds_max_rank": 2.6727778911590576,
  "sensor": "gim",
  "seq_len": 512,
  "sequence_tokens_per_second": 98079.23092566458,
  "timed_batches": 8,
  "torch": "2.8.0+cu128",
  "transformers": "4.57.6",
  "warmup_batches": 2,
  "warmup_seconds_max_rank": 115.64798736572266,
  "world": 2
}
+ torchrun --nproc_per_node=2 collect_fast.py benchmark --profile optimized --spec_tag stream_spec --synthetic_data --pos_per_seq 506 --batch_seqs 32 --benchmark_batches 8 --master_dtype bfloat16 --output out/bench_fast_bs32_bf16master.json
W0804 00:37:47.803000 82110 torch/distributed/run.py:774] 
W0804 00:37:47.803000 82110 torch/distributed/run.py:774] *****************************************
W0804 00:37:47.803000 82110 torch/distributed/run.py:774] Setting OMP_NUM_THREADS environment variable for each process to be 1 in default, to avoid your system being overloaded, please further tune the variable for optimal performance in your application as needed. 
W0804 00:37:47.803000 82110 torch/distributed/run.py:774] *****************************************
{
  "attention_backend": "flash_only",
  "batch_seqs_per_gpu": 32,
  "bf16": true,
  "compile": true,
  "compile_mode": "default",
  "cuda": "12.8",
  "feature_dim": 16384,
  "feature_spec_sha256": "10243f0378ec8aa39a01baf689630986bbb447d47fcc17c94f98fff3077f429a",
  "fused_attention": true,
  "gpu": "NVIDIA B200",
  "ig_k": 1,
  "input": "synthetic_uniform_v1",
  "master_dtype": "bfloat16",
  "model": {
    "id": "unsloth/Llama-3.2-1B",
    "revision": "9535bd9b1d1dea6acafbdc4813b728796aeb28da"
  },
  "pass_dtype": "bfloat16",
  "peak_gpu_gib_max_rank": 50.47463607788086,
  "pos_per_seq": 506,
  "positions": 259072,
  "positions_per_second": 110760.09214980398,
  "profile": "optimized",
  "scalar": "equal_reward",
  "seconds_max_rank": 2.3390374183654785,
  "sensor": "gim",
  "seq_len": 512,
  "sequence_tokens_per_second": 112073.45292628386,
  "timed_batches": 8,
  "torch": "2.8.0+cu128",
  "transformers": "4.57.6",
  "warmup_batches": 2,
  "warmup_seconds_max_rank": 3.7384445667266846,
  "world": 2
}
+ torchrun --nproc_per_node=2 collect_fast.py benchmark --profile optimized --spec_tag stream_spec_d8192 --synthetic_data --pos_per_seq 506 --batch_seqs 32 --benchmark_batches 8 --output out/bench_fast_bs32_d8192.json
W0804 00:38:09.910000 82358 torch/distributed/run.py:774] 
W0804 00:38:09.910000 82358 torch/distributed/run.py:774] *****************************************
W0804 00:38:09.910000 82358 torch/distributed/run.py:774] Setting OMP_NUM_THREADS environment variable for each process to be 1 in default, to avoid your system being overloaded, please further tune the variable for optimal performance in your application as needed. 
W0804 00:38:09.910000 82358 torch/distributed/run.py:774] *****************************************
{
  "attention_backend": "flash_only",
  "batch_seqs_per_gpu": 32,
  "bf16": true,
  "compile": true,
  "compile_mode": "default",
  "cuda": "12.8",
  "feature_dim": 8192,
  "feature_spec_sha256": "68ff9259f1e969aaa0daa666b3c904b7d07b385430b2cc7fb9a4b611623cd18e",
  "fused_attention": true,
  "gpu": "NVIDIA B200",
  "ig_k": 1,
  "input": "synthetic_uniform_v1",
  "master_dtype": "float32",
  "model": {
    "id": "unsloth/Llama-3.2-1B",
    "revision": "9535bd9b1d1dea6acafbdc4813b728796aeb28da"
  },
  "pass_dtype": "bfloat16",
  "peak_gpu_gib_max_rank": 65.64661407470703,
  "pos_per_seq": 506,
  "positions": 259072,
  "positions_per_second": 104144.2094318635,
  "profile": "optimized",
  "scalar": "equal_reward",
  "seconds_max_rank": 2.4876275062561035,
  "sensor": "gim",
  "seq_len": 512,
  "sequence_tokens_per_second": 105379.12100615438,
  "timed_batches": 8,
  "torch": "2.8.0+cu128",
  "transformers": "4.57.6",
  "warmup_batches": 2,
  "warmup_seconds_max_rank": 3.304720878601074,
  "world": 2
}
+ for tag in stream_spec stream_spec_d8192 stream_spec_d4096
+ CUDA_VISIBLE_DEVICES=0
+ python3.12 collect_fast.py validate --spec_tag stream_spec --val_tag run1m_stream --val_n 512 --val_gate 0.0
[r0] VALIDATE D=16384: corr_raw=0.6876, corr_normalized=0.6081, rel_fro=0.4034 (gate 0.0) -> /dev/shm/geo1b/stream_spec/validate_D16384.json
+ for tag in stream_spec stream_spec_d8192 stream_spec_d4096
+ CUDA_VISIBLE_DEVICES=0
+ python3.12 collect_fast.py validate --spec_tag stream_spec_d8192 --val_tag run1m_stream --val_n 512 --val_gate 0.0
[r0] VALIDATE D=8192: corr_raw=0.6080, corr_normalized=0.4990, rel_fro=0.4986 (gate 0.0) -> /dev/shm/geo1b/stream_spec_d8192/validate_D8192.json
+ for tag in stream_spec stream_spec_d8192 stream_spec_d4096
+ CUDA_VISIBLE_DEVICES=0
+ python3.12 collect_fast.py validate --spec_tag stream_spec_d4096 --val_tag run1m_stream --val_n 512 --val_gate 0.0
[r0] VALIDATE D=4096: corr_raw=0.4329, corr_normalized=0.3588, rel_fro=0.6625 (gate 0.0) -> /dev/shm/geo1b/stream_spec_d4096/validate_D4096.json
+ CUDA_VISIBLE_DEVICES=0
+ python3.12 collect_fast.py ab_master --spec_tag stream_spec --tag ab_master_check --pos_per_seq 506 --batch_seqs 4 --val_gate 0.0
W0804 00:39:39.570000 83248 torch/_dynamo/convert_frame.py:1016] [0/8] torch._dynamo hit config.recompile_limit (8)
W0804 00:39:39.570000 83248 torch/_dynamo/convert_frame.py:1016] [0/8]    function: 'inner' (/usr/local/lib/python3.12/dist-packages/torch/_dynamo/external_utils.py:68)
W0804 00:39:39.570000 83248 torch/_dynamo/convert_frame.py:1016] [0/8]    last reason: 0/7: tensor 'args[0]' size mismatch at index 2. expected 2048, actual 8192
W0804 00:39:39.570000 83248 torch/_dynamo/convert_frame.py:1016] [0/8] To log all recompilation reasons, use TORCH_LOGS="recompiles".
W0804 00:39:39.570000 83248 torch/_dynamo/convert_frame.py:1016] [0/8] To diagnose recompilation issues, see https://pytorch.org/docs/main/torch.compiler_troubleshooting.html.
Traceback (most recent call last):
  File "/workspace/param-clustering/geo-attribution/collect_fast.py", line 7, in <module>
    main()
  File "/workspace/param-clustering/geo-attribution/collect_fast_impl.py", line 1069, in main
    {"spec": stage_spec, "collect": stage_collect,
  File "/workspace/param-clustering/geo-attribution/collect_fast_impl.py", line 971, in stage_ab_master
    phi16, _ = pass_features(args, cap, idx, pos, bi, spec, scales, dim)
               ^^^^^^^^^^^^^^^^^^^^^^^^^^^^^^^^^^^^^^^^^^^^^^^^^^^^^^^^^
  File "/workspace/param-clustering/geo-attribution/collect_fast_impl.py", line 195, in pass_features
    logits, cache = cap.run(idx)
                    ^^^^^^^^^^^^
  File "/workspace/param-clustering/geo-attribution/geo67.py", line 176, in run
    logits = self.target(idx)
             ^^^^^^^^^^^^^^^^
  File "/usr/local/lib/python3.12/dist-packages/torch/nn/modules/module.py", line 1773, in _wrapped_call_impl
    return self._call_impl(*args, **kwargs)
           ^^^^^^^^^^^^^^^^^^^^^^^^^^^^^^^^
  File "/usr/local/lib/python3.12/dist-packages/torch/nn/modules/module.py", line 1784, in _call_impl
    return forward_call(*args, **kwargs)
           ^^^^^^^^^^^^^^^^^^^^^^^^^^^^^
  File "/workspace/param-clustering/geo-attribution/geo1b.py", line 46, in forward
    return self.hf(input_ids=idx, use_cache=False).logits
           ^^^^^^^^^^^^^^^^^^^^^^^^^^^^^^^^^^^^^^^
  File "/usr/local/lib/python3.12/dist-packages/torch/nn/modules/module.py", line 1773, in _wrapped_call_impl
    return self._call_impl(*args, **kwargs)
           ^^^^^^^^^^^^^^^^^^^^^^^^^^^^^^^^
  File "/usr/local/lib/python3.12/dist-packages/torch/nn/modules/module.py", line 1784, in _call_impl
    return forward_call(*args, **kwargs)
           ^^^^^^^^^^^^^^^^^^^^^^^^^^^^^
  File "/usr/local/lib/python3.12/dist-packages/transformers/utils/generic.py", line 918, in wrapper
    output = func(self, *args, **kwargs)
             ^^^^^^^^^^^^^^^^^^^^^^^^^^^
  File "/usr/local/lib/python3.12/dist-packages/transformers/models/llama/modeling_llama.py", line 459, in forward
    outputs: BaseModelOutputWithPast = self.model(
                                       ^^^^^^^^^^^
  File "/usr/local/lib/python3.12/dist-packages/torch/nn/modules/module.py", line 1773, in _wrapped_call_impl
    return self._call_impl(*args, **kwargs)
           ^^^^^^^^^^^^^^^^^^^^^^^^^^^^^^^^
  File "/usr/local/lib/python3.12/dist-packages/torch/nn/modules/module.py", line 1784, in _call_impl
    return forward_call(*args, **kwargs)
           ^^^^^^^^^^^^^^^^^^^^^^^^^^^^^
  File "/usr/local/lib/python3.12/dist-packages/transformers/utils/generic.py", line 1072, in wrapper
    outputs = func(self, *args, **kwargs)
              ^^^^^^^^^^^^^^^^^^^^^^^^^^^
  File "/usr/local/lib/python3.12/dist-packages/transformers/models/llama/modeling_llama.py", line 395, in forward
    hidden_states = decoder_layer(
                    ^^^^^^^^^^^^^^
  File "/usr/local/lib/python3.12/dist-packages/transformers/modeling_layers.py", line 94, in __call__
    return super().__call__(*args, **kwargs)
           ^^^^^^^^^^^^^^^^^^^^^^^^^^^^^^^^^
  File "/usr/local/lib/python3.12/dist-packages/torch/nn/modules/module.py", line 1773, in _wrapped_call_impl
    return self._call_impl(*args, **kwargs)
           ^^^^^^^^^^^^^^^^^^^^^^^^^^^^^^^^
  File "/usr/local/lib/python3.12/dist-packages/torch/nn/modules/module.py", line 1784, in _call_impl
    return forward_call(*args, **kwargs)
           ^^^^^^^^^^^^^^^^^^^^^^^^^^^^^
  File "/usr/local/lib/python3.12/dist-packages/transformers/utils/deprecation.py", line 172, in wrapped_func
    return func(*args, **kwargs)
           ^^^^^^^^^^^^^^^^^^^^^
  File "/usr/local/lib/python3.12/dist-packages/transformers/models/llama/modeling_llama.py", line 309, in forward
    hidden_states = self.mlp(hidden_states)
                    ^^^^^^^^^^^^^^^^^^^^^^^
  File "/usr/local/lib/python3.12/dist-packages/torch/nn/modules/module.py", line 1773, in _wrapped_call_impl
    return self._call_impl(*args, **kwargs)
           ^^^^^^^^^^^^^^^^^^^^^^^^^^^^^^^^
  File "/usr/local/lib/python3.12/dist-packages/torch/nn/modules/module.py", line 1784, in _call_impl
    return forward_call(*args, **kwargs)
           ^^^^^^^^^^^^^^^^^^^^^^^^^^^^^
  File "/workspace/param-clustering/geo-attribution/collection_runtime.py", line 180, in mlp_forward
    return _module.down_proj(_module.act_fn(gate) * up)
           ^^^^^^^^^^^^^^^^^^^^^^^^^^^^^^^^^^^^^^^^^^^^
  File "/usr/local/lib/python3.12/dist-packages/torch/nn/modules/module.py", line 1773, in _wrapped_call_impl
    return self._call_impl(*args, **kwargs)
           ^^^^^^^^^^^^^^^^^^^^^^^^^^^^^^^^
  File "/usr/local/lib/python3.12/dist-packages/torch/nn/modules/module.py", line 1784, in _call_impl
    return forward_call(*args, **kwargs)
           ^^^^^^^^^^^^^^^^^^^^^^^^^^^^^
  File "/workspace/param-clustering/geo-attribution/geo67.py", line 169, in fwd
    out = self.linear_kernel(x, w, lin.bias)
          ^^^^^^^^^^^^^^^^^^^^^^^^^^^^^^^^^^
  File "/usr/local/lib/python3.12/dist-packages/torch/_dynamo/eval_frame.py", line 736, in compile_wrapper
    return fn(*args, **kwargs)
           ^^^^^^^^^^^^^^^^^^^
  File "/usr/local/lib/python3.12/dist-packages/torch/_dynamo/convert_frame.py", line 1495, in __call__
    return self._torchdynamo_orig_callable(
           ^^^^^^^^^^^^^^^^^^^^^^^^^^^^^^^^
  File "/usr/local/lib/python3.12/dist-packages/torch/_dynamo/convert_frame.py", line 629, in __call__
    return _compile(
           ^^^^^^^^^
  File "/usr/local/lib/python3.12/dist-packages/torch/_dynamo/convert_frame.py", line 1033, in _compile
    raise FailOnRecompileLimitHit(
torch._dynamo.exc.FailOnRecompileLimitHit: recompile_limit reached with one_graph=True. Excessive recompilations can degrade performance due to the compilation overhead of each recompilation. To monitor recompilations, enable TORCH_LOGS=recompiles. If recompilations are expected, consider increasing torch._dynamo.config.cache_size_limit to an appropriate value.
+ echo SUITE_DONE
SUITE_DONE
